# Sensor Calzada, Taguig, Philippines (Purple Air/99177)
# https://aqicn.org/station/@204484/
# Hourly pm25
date,min,max,median,stddev
2023-02-13T00:00:00.000Z,13.3,24.7,22.05,3.314
2023-02-13T01:00:00.000Z,9.4,35.3,15.7,6.697
2023-02-13T02:00:00.000Z,12.4,23.1,17.8,2.671
2023-02-13T03:00:00.000Z,6.5,10.7,8.6,1.301
2023-02-13T04:00:00.000Z,7.5,14.9,10.6,1.804
2023-02-13T05:00:00.000Z,0.6,7.9,1.6,2.125
2023-02-13T06:00:00.000Z,0.8,5.2,1.6,0.871
2023-02-13T07:00:00.000Z,0.7,9.1,2.65,2.249
2023-02-13T08:00:00.000Z,2.8,17.2,5,4.447
2023-02-13T09:00:00.000Z,5.1,15,9.4,2.582
2023-02-13T10:00:00.000Z,7.4,21.5,14.25,4.458
2023-02-13T11:00:00.000Z,22,39.9,26.7,4.67
2023-02-13T12:00:00.000Z,17.7,34.1,21.15,4.208
2023-02-13T13:00:00.000Z,9.5,41.8,15.9,12.237
2023-02-13T14:00:00.000Z,7.7,14.7,11.9,1.685
2023-02-13T15:00:00.000Z,7.3,13.8,10.9,1.483
2023-02-13T16:00:00.000Z,4.9,22.9,15,5.518
2023-02-13T17:00:00.000Z,11.5,72.5,18.64,12.139
2023-02-13T18:00:00.000Z,26.9,201.1,80.5,65.038
2023-02-13T19:00:00.000Z,14.8,24.5,20.8,2.742
2023-02-13T20:00:00.000Z,15.5,29.2,19.75,4.403
2023-02-13T21:00:00.000Z,28.2,37.7,32.5,2.315
2023-02-13T22:00:00.000Z,30,41.2,34.7,3.664
2023-02-13T23:00:00.000Z,35.5,45.1,41.5,2.097
2023-02-14T00:00:00.000Z,23,41.1,33.6,6.37
2023-02-14T01:00:00.000Z,30.7,44.3,36.29,3.866
2023-02-14T02:00:00.000Z,17.5,34.1,28.65,4.764
2023-02-14T03:00:00.000Z,16,24.9,20.5,2.191
2023-02-14T04:00:00.000Z,4.1,20.5,11.75,4.612
2023-02-14T05:00:00.000Z,3.3,8.9,3.9,1.406
2023-02-14T06:00:00.000Z,1.6,4.1,2.8,0.698
2023-02-14T07:00:00.000Z,1.7,3.4,2.1,0.483
2023-02-14T08:00:00.000Z,1.8,9.3,4.3,2.164
2023-02-14T09:00:00.000Z,5.3,12,7.7,1.92
2023-02-14T10:00:00.000Z,9.5,38.8,12.9,8.648
2023-02-14T11:00:00.000Z,11.7,47.5,15.1,11.547
2023-02-14T12:00:00.000Z,9.3,27.5,16.1,5.04
2023-02-14T13:00:00.000Z,5,59,14.9,16.174
2023-02-14T14:00:00.000Z,10.1,88.8,54.35,24.18
2023-02-14T15:00:00.000Z,4.8,79.3,22.8,20.813
2023-02-14T16:00:00.000Z,4.2,107.4,24.15,30.416
2023-02-14T17:00:00.000Z,7.7,40.1,13.15,8.016
2023-02-14T18:00:00.000Z,20.1,93.2,48.5,16.663
2023-02-14T19:00:00.000Z,73.2,128.5,102.7,11.645
2023-02-14T20:00:00.000Z,30.1,91.9,62.05,19.601
2023-02-14T21:00:00.000Z,29.8,47.4,41.7,6.594
2023-02-14T22:00:00.000Z,43.4,55.1,47,2.24
2023-02-14T23:00:00.000Z,46.4,61.7,51.6,4.324
2023-02-15T00:00:00.000Z,27,46,33.5,6.359
2023-02-15T01:00:00.000Z,3,34.9,16.35,8.698
2023-02-15T02:00:00.000Z,1.1,6,2.9,1.194
2023-02-15T03:00:00.000Z,1,3.7,2.6,0.78
2023-02-15T04:00:00.000Z,0.9,6.8,2.5,1.144
2023-02-15T05:00:00.000Z,0.4,2.6,1.2,0.579
2023-02-15T06:00:00.000Z,0.7,5.6,1.4,1.241
2023-02-15T07:00:00.000Z,0.3,2.8,1.2,0.664
2023-02-15T08:00:00.000Z,1.5,21.7,3.5,4.713
2023-02-15T09:00:00.000Z,3,11.7,4.7,1.738
2023-02-15T10:00:00.000Z,5.4,18.9,10.05,3.328
2023-02-15T11:00:00.000Z,8.3,31.1,17.1,5.855
2023-02-15T12:00:00.000Z,7.6,20.5,10.3,3.173
2023-02-15T13:00:00.000Z,6.4,17.9,8.4,3.505
2023-02-15T14:00:00.000Z,5.8,20.5,10,3.963
2023-02-15T15:00:00.000Z,2.5,7.1,3.8,1.364
2023-02-15T16:00:00.000Z,1.8,12.5,7.3,2.883
2023-02-15T17:00:00.000Z,1.3,8.2,3.4,1.39
2023-02-15T18:00:00.000Z,3.7,24.4,10.4,5.072
2023-02-15T19:00:00.000Z,2,25.8,7.3,5.046
2023-02-15T20:00:00.000Z,0.7,4.1,2.2,0.823
2023-02-15T21:00:00.000Z,2.4,25.8,10.9,5.752
2023-02-15T22:00:00.000Z,11.2,26.8,13.6,3.497
2023-02-15T23:00:00.000Z,5.3,27.4,11.3,4.785
2023-02-16T00:00:00.000Z,2.2,15.2,4.59,2.956
2023-02-16T01:00:00.000Z,1.5,5.9,3.15,1.349
2023-02-16T02:00:00.000Z,1.6,5.8,3.3,0.842
2023-02-16T03:00:00.000Z,2.4,19.3,4.09,3.21
2023-02-16T04:00:00.000Z,1.6,5.3,3.1,1
2023-02-16T05:00:00.000Z,1.4,5.2,3.1,0.924
2023-02-16T06:00:00.000Z,2.8,6.2,3.6,0.741
2023-02-16T07:00:00.000Z,2.7,5.6,3.6,0.765
2023-02-16T08:00:00.000Z,3.6,9,4.7,1.615
2023-02-16T09:00:00.000Z,3.3,20.6,6.05,3.401
2023-02-16T10:00:00.000Z,7.9,21.4,13.05,3.844
2023-02-16T11:00:00.000Z,6.7,33.7,11.7,6.812
2023-02-16T12:00:00.000Z,5.6,9.9,7.55,1.155
2023-02-16T13:00:00.000Z,4.5,6.8,5.55,0.664
2023-02-16T14:00:00.000Z,4.1,45.9,17.2,10.426
2023-02-16T15:00:00.000Z,8.3,21.1,14.2,3.316
2023-02-16T16:00:00.000Z,4.1,22,11.75,4.963
2023-02-16T17:00:00.000Z,3.5,24.9,7.7,5.576
2023-02-16T18:00:00.000Z,3.3,18,7.8,4.36
2023-02-16T19:00:00.000Z,7.9,18.9,10.3,2.668
2023-02-16T20:00:00.000Z,9.1,18.4,11.4,2.222
2023-02-16T21:00:00.000Z,17.6,41.4,27.15,6.687
2023-02-16T22:00:00.000Z,22,44.4,30.6,6.515
2023-02-16T23:00:00.000Z,15.2,37.3,24.85,7.955
2023-02-17T00:00:00.000Z,9.3,29.7,16.35,4.506
2023-02-17T01:00:00.000Z,4.1,10.6,5.7,1.662
2023-02-17T02:00:00.000Z,3.2,7,4.5,0.978
2023-02-17T03:00:00.000Z,3.3,6.4,4.3,0.798
2023-02-17T04:00:00.000Z,3,6.9,4.2,0.82
2023-02-17T05:00:00.000Z,3.1,9.1,4.2,1.233
2023-02-17T06:00:00.000Z,3.4,19.7,5.6,4.6
2023-02-17T07:00:00.000Z,3.9,18,8,3.361
2023-02-17T08:00:00.000Z,5.2,12.1,7.6,1.667
2023-02-17T09:00:00.000Z,6.2,23,13.4,4.442
2023-02-17T10:00:00.000Z,13.4,21.2,17.7,1.909
2023-02-17T11:00:00.000Z,15.1,38.3,20.1,7.201
2023-02-17T12:00:00.000Z,16.3,34.6,22.25,6.017
2023-02-17T13:00:00.000Z,6,39.2,13.2,11.654
2023-02-17T14:00:00.000Z,5.6,37.5,9,7.454
2023-02-17T15:00:00.000Z,10.4,31.1,18.89,5.455
2023-02-17T16:00:00.000Z,11.7,29.8,19,3.759
2023-02-17T17:00:00.000Z,8.9,18.6,14,2.858
2023-02-17T18:00:00.000Z,9.8,30.5,24,6.167
2023-02-17T19:00:00.000Z,13.6,22.1,14.8,2.099
2023-02-17T20:00:00.000Z,12.4,16.7,15.3,1.185
2023-02-17T21:00:00.000Z,18.2,27.1,23.65,1.977
2023-02-17T22:00:00.000Z,23.1,73.8,47.3,9.901
2023-02-17T23:00:00.000Z,33.5,48.9,37.4,3.92
2023-02-18T00:00:00.000Z,23.1,47.1,35.79,8.195
2023-02-18T01:00:00.000Z,13.6,29.7,20.9,4.957
2023-02-18T02:00:00.000Z,23,41.8,28.6,4.843
2023-02-18T03:00:00.000Z,6.5,51.2,15.8,9.154
2023-02-18T04:00:00.000Z,5.3,15.4,12.9,2.184
2023-02-18T05:00:00.000Z,0.8,7.5,2.6,1.756
2023-02-18T06:00:00.000Z,1.2,9,2.8,1.73
2023-02-18T07:00:00.000Z,0.8,15.1,3,3.666
2023-02-18T08:00:00.000Z,2.5,5.8,4,0.727
2023-02-18T09:00:00.000Z,1.8,6.9,3.9,1.272
2023-02-18T10:00:00.000Z,4.6,16.7,10.4,2.898
2023-02-18T11:00:00.000Z,7.1,30,9.8,5.224
2023-02-18T12:00:00.000Z,8.9,23.5,13.5,3.783
2023-02-18T13:00:00.000Z,5.7,21.9,8,2.883
2023-02-18T14:00:00.000Z,6,17.6,7.25,3.435
2023-02-18T15:00:00.000Z,4.1,12.5,5.9,1.648
2023-02-18T16:00:00.000Z,1.2,5.4,2.04,0.875
2023-02-18T17:00:00.000Z,0.7,2.4,1.3,0.462
2023-02-18T18:00:00.000Z,0.4,1.2,0.7,0.174
2023-02-18T19:00:00.000Z,0.2,4.4,1.2,0.976
2023-02-18T20:00:00.000Z,1.2,4.2,2.1,0.879
2023-02-18T21:00:00.000Z,1.5,26.1,5.75,8.468
2023-02-18T22:00:00.000Z,11.5,32.8,20.5,5.653
2023-02-18T23:00:00.000Z,10.2,19,12.5,2.809
2023-02-19T00:00:00.000Z,14.5,33.6,19.5,4.524
2023-02-19T01:00:00.000Z,17.8,34.9,20.6,5.239
2023-02-19T02:00:00.000Z,18.2,31,25.5,3.883
2023-02-19T03:00:00.000Z,30.6,44.5,37.7,4.475
2023-02-19T04:00:00.000Z,26,43.4,39.29,5.843
2023-02-19T05:00:00.000Z,15,26.8,18.89,2.699
2023-02-19T06:00:00.000Z,10.9,39.2,13.35,7.383
2023-02-19T07:00:00.000Z,20.3,92.3,31.4,15.199
2023-02-19T08:00:00.000Z,31.1,114.8,33,19.044
2023-02-19T09:00:00.000Z,27.3,33.7,30.7,1.197
2023-02-19T10:00:00.000Z,10,97.6,31.9,17.615
2023-02-19T11:00:00.000Z,33.4,116.2,63.8,23.38
2023-02-19T12:00:00.000Z,27.2,81.6,35.85,13.76
2023-02-19T13:00:00.000Z,24.1,32.1,27.7,1.528
2023-02-19T14:00:00.000Z,22.9,37.7,28.7,4.911
2023-02-19T15:00:00.000Z,38.9,80.3,42.8,8.665
2023-02-19T16:00:00.000Z,40.9,48.1,44.9,2.489
2023-02-19T17:00:00.000Z,33.1,47,41.3,4.33
2023-02-19T18:00:00.000Z,27.1,46.5,39.29,5.71
2023-02-19T19:00:00.000Z,23.1,28,25.5,1.311
2023-02-19T20:00:00.000Z,18.1,24.8,22.25,2.058
2023-02-19T21:00:00.000Z,28.1,50.8,31.6,6.548
2023-02-19T22:00:00.000Z,28.6,48.8,35,5.503
2023-02-19T23:00:00.000Z,31.8,58.6,41.5,6.163
2023-02-20T00:00:00.000Z,30.3,41.4,34.29,3.108
2023-02-20T01:00:00.000Z,27.6,38.8,33.9,2.553
2023-02-20T02:00:00.000Z,27.4,33,30.4,1.545
2023-02-20T03:00:00.000Z,22.7,35,32.65,3.261
2023-02-20T04:00:00.000Z,5.6,28.1,12.6,5.867
2023-02-20T05:00:00.000Z,2.9,15.7,7.85,4.631
2023-02-20T06:00:00.000Z,2.3,9.3,4.34,2.017
2023-02-20T07:00:00.000Z,2,48.1,33.54,10.212
2023-02-20T08:00:00.000Z,25.7,29.8,27.3,1.165
2023-02-20T09:00:00.000Z,10.9,35.1,26.1,7.425
2023-02-20T10:00:00.000Z,17.8,41.8,27.1,7.349
2023-02-20T11:00:00.000Z,16,31.4,24.55,4.171
2023-02-20T12:00:00.000Z,8.9,32.9,25.8,7.271
2023-02-20T13:00:00.000Z,3,13.7,8.4,3.114
2023-02-20T14:00:00.000Z,3.4,13.4,4.95,3.05
2023-02-20T15:00:00.000Z,3.8,23.3,14.6,5.411
2023-02-20T16:00:00.000Z,5.4,20.8,9.3,3.441
2023-02-20T17:00:00.000Z,6.1,20.7,8.5,4.675
2023-02-20T18:00:00.000Z,9.4,25.1,14.4,4.576
2023-02-20T19:00:00.000Z,11,14,12.1,0.798
2023-02-20T20:00:00.000Z,9.7,12.7,11.4,0.853
2023-02-20T21:00:00.000Z,12.4,35,30.5,6.559
2023-02-20T22:00:00.000Z,34.6,42.8,40.2,2.669
2023-02-20T23:00:00.000Z,39.5,60.8,43.4,4.132
2023-02-21T00:00:00.000Z,21.5,53.2,35.04,7.732
2023-02-21T01:00:00.000Z,13.5,24.9,18.39,2.677
2023-02-21T02:00:00.000Z,20,33.2,28.75,3.609
2023-02-21T03:00:00.000Z,2.7,21.6,9.9,4.641
2023-02-21T04:00:00.000Z,0.6,3.2,1.75,0.602
2023-02-21T05:00:00.000Z,0.8,2.5,1.5,0.435
2023-02-21T06:00:00.000Z,1.1,31,4.25,7.836
2023-02-21T07:00:00.000Z,0.8,4.6,1.7,0.943
2023-02-21T08:00:00.000Z,2.9,33,9.8,6.385
2023-02-21T09:00:00.000Z,8.9,32.9,23.5,8.08
2023-02-21T10:00:00.000Z,24,203.9,38,40.134
2023-02-21T11:00:00.000Z,23.7,56.2,40.25,8.515
2023-02-21T12:00:00.000Z,13,36.1,20.55,6.443
2023-02-21T13:00:00.000Z,8.5,25.7,15.9,5.423
2023-02-21T14:00:00.000Z,4.4,10.8,6.5,1.695
2023-02-21T15:00:00.000Z,4.5,33.1,10.8,6.444
2023-02-21T16:00:00.000Z,2.2,27,4.5,6.789
2023-02-21T17:00:00.000Z,2.6,29.2,7.7,10.109
2023-02-21T18:00:00.000Z,3.8,14.1,6.7,3.148
2023-02-21T19:00:00.000Z,6.6,20,17.7,3.36
2023-02-21T20:00:00.000Z,19.3,41,25.8,6.412
2023-02-21T21:00:00.000Z,29.9,38.3,35.25,1.996
2023-02-21T22:00:00.000Z,35.1,47.6,37.7,3.695
2023-02-21T23:00:00.000Z,43.5,99,58.75,13.429
2023-02-22T00:00:00.000Z,4.5,65.2,25.9,13.152
2023-02-22T01:00:00.000Z,9.3,21.7,15.3,3.007
2023-02-22T02:00:00.000Z,10.1,16.8,13.4,1.651
2023-02-22T03:00:00.000Z,10.9,31.6,14.8,5.472
2023-02-22T04:00:00.000Z,1.1,13.6,4.65,3.48
2023-02-22T05:00:00.000Z,0.7,11.2,4.09,2.435
2023-02-22T06:00:00.000Z,1.2,7.2,3,1.478
2023-02-22T07:00:00.000Z,0.6,7,2,1.173
2023-02-22T08:00:00.000Z,0.1,4.4,0.7,1.192
2023-02-22T09:00:00.000Z,1.1,15.5,3.65,3.851
2023-02-22T10:00:00.000Z,12.6,41.1,19.45,7.911
2023-02-22T11:00:00.000Z,22.3,41.6,28.3,5.221
2023-02-22T12:00:00.000Z,9.6,29.2,20.39,5.313
2023-02-22T13:00:00.000Z,6.9,19.3,9.9,3.218
2023-02-22T14:00:00.000Z,4,9.8,7.4,1.614
2023-02-22T15:00:00.000Z,2.8,5.6,4,0.64
2023-02-22T16:00:00.000Z,1.7,4,2.9,0.702
2023-02-22T17:00:00.000Z,2.8,14.1,3.9,3.083
2023-02-22T18:00:00.000Z,6.3,10.4,8.69,1.347
2023-02-22T19:00:00.000Z,5.1,9.3,6.75,0.99
2023-02-22T20:00:00.000Z,8,42,31.5,8.157
2023-02-22T21:00:00.000Z,20.5,46.4,33.79,7.845
2023-02-22T22:00:00.000Z,25.3,38.1,32,4.102
2023-02-22T23:00:00.000Z,17.3,41.6,38.35,5.505
2023-02-23T00:00:00.000Z,13,28.1,21.4,3.976
2023-02-23T01:00:00.000Z,21,29.3,26.05,2.258
2023-02-23T02:00:00.000Z,26,31.7,28.8,1.466
2023-02-23T03:00:00.000Z,31.2,42,39.45,2.601
2023-02-23T04:00:00.000Z,36.3,44.9,42.9,2.041
2023-02-23T05:00:00.000Z,29.4,42.3,38,4.571
2023-02-23T06:00:00.000Z,12.1,27.3,18.5,3.961
2023-02-23T07:00:00.000Z,10.1,15.1,12.2,1.507
2023-02-23T08:00:00.000Z,9.2,21,12.15,4.154
2023-02-23T09:00:00.000Z,18.4,32.7,26.4,2.617
2023-02-23T10:00:00.000Z,27.3,107.2,47.1,21.42
2023-02-23T11:00:00.000Z,31.2,47.6,35.45,3.103
2023-02-23T12:00:00.000Z,28.5,38,32,2.378
2023-02-23T13:00:00.000Z,24.1,31.4,28.1,1.949
2023-02-23T14:00:00.000Z,30.7,36.6,33.5,1.763
2023-02-23T15:00:00.000Z,36.9,43.3,42,1.396
2023-02-23T16:00:00.000Z,41.3,47.8,44.85,1.854
2023-02-23T17:00:00.000Z,28.6,49.1,40,7.288
2023-02-23T18:00:00.000Z,19.2,26.9,22.7,2.136
2023-02-23T19:00:00.000Z,17.5,22.7,19,1.449
2023-02-23T20:00:00.000Z,17.1,23.7,19.2,1.672
2023-02-23T21:00:00.000Z,19.2,29.2,22.25,3.229
2023-02-23T22:00:00.000Z,25.9,61.6,33.29,10.289
2023-02-23T23:00:00.000Z,39.8,48.9,44.6,2.247
2023-02-24T00:00:00.000Z,36.6,48.8,43.3,3.211
2023-02-24T01:00:00.000Z,46.5,68.1,62.2,4.679
2023-02-24T02:00:00.000Z,47.5,61.5,53.7,3.52
2023-02-24T03:00:00.000Z,46.5,52.6,49.8,1.665
2023-02-24T04:00:00.000Z,25.7,54,44.6,8.99
2023-02-24T05:00:00.000Z,19.5,46.5,28.9,5.879
2023-02-24T06:00:00.000Z,29.6,44.1,35.79,3.555
2023-02-24T07:00:00.000Z,38.1,50.6,46.45,4.229
2023-02-24T08:00:00.000Z,12.8,39.1,28.95,9.883
2023-02-24T09:00:00.000Z,9,15.6,11.9,1.697
2023-02-24T10:00:00.000Z,13.8,58.7,31.9,12.981
2023-02-24T11:00:00.000Z,23.1,43.7,27.65,6.053
2023-02-24T12:00:00.000Z,14,26.1,19.85,3.044
2023-02-24T13:00:00.000Z,5.8,25,14.1,5.285
2023-02-24T14:00:00.000Z,8.4,20.4,12.5,3.758
2023-02-24T15:00:00.000Z,15.3,38.1,17.3,5.425
2023-02-24T16:00:00.000Z,12.9,18.9,14.6,1.433
2023-02-24T17:00:00.000Z,11.5,69.1,15.6,14.523
2023-02-24T18:00:00.000Z,12.2,30.8,15.9,4.469
2023-02-24T19:00:00.000Z,13.9,25.5,20.5,3.47
2023-02-24T20:00:00.000Z,19.2,35.9,22.4,3.041
2023-02-24T21:00:00.000Z,22.1,137.9,28.2,31.241
2023-02-24T22:00:00.000Z,23,109.5,40.7,20.175
2023-02-24T23:00:00.000Z,11.2,40.8,19.3,8.087
2023-02-25T00:00:00.000Z,11.2,98.8,17.2,16.837
2023-02-25T01:00:00.000Z,12.4,22.6,15.4,2.648
2023-02-25T02:00:00.000Z,18.2,30.5,26.45,2.944
2023-02-25T03:00:00.000Z,7.3,29.7,21.6,7.441
2023-02-25T04:00:00.000Z,1.3,7,3,1.68
2023-02-25T05:00:00.000Z,0,1.8,0.9,0.412
2023-02-25T06:00:00.000Z,0.1,3.6,0.7,0.867
2023-02-25T07:00:00.000Z,0.2,8.5,1.8,2.29
2023-02-25T08:00:00.000Z,1.4,12.2,4,2.365
2023-02-25T09:00:00.000Z,5.4,76.6,8.9,16.071
2023-02-25T10:00:00.000Z,8,23.5,15.8,4.239
2023-02-25T11:00:00.000Z,8.3,28,16.7,5.14
2023-02-25T12:00:00.000Z,3.5,20.4,5.5,4.026
2023-02-25T13:00:00.000Z,4.3,36.4,13.1,8.685
2023-02-25T14:00:00.000Z,2.7,13.1,5.7,2.492
2023-02-25T15:00:00.000Z,2.7,18.1,6.4,4.228
2023-02-25T16:00:00.000Z,1.7,17.5,4.65,4.23
2023-02-25T17:00:00.000Z,0.4,4.4,2.25,0.985
2023-02-25T18:00:00.000Z,1.5,8.6,2.4,2.294
2023-02-25T19:00:00.000Z,1,8.3,2.25,1.581
2023-02-25T20:00:00.000Z,1,3.2,2,0.536
2023-02-25T21:00:00.000Z,1.4,4.4,2.6,0.947
2023-02-25T22:00:00.000Z,3,17.5,5.8,2.709
2023-02-25T23:00:00.000Z,3.6,41.5,7.1,9.291
2023-02-26T00:00:00.000Z,3.7,23.1,5.3,3.735
2023-02-26T01:00:00.000Z,3.8,24.9,5.2,4.51
2023-02-26T02:00:00.000Z,0.5,9.7,1.9,2.075
2023-02-26T03:00:00.000Z,0.2,8.4,2.29,2.025
2023-02-26T04:00:00.000Z,0.3,7.7,1.2,1.497
2023-02-26T05:00:00.000Z,0.1,14.9,2.1,2.794
2023-02-26T06:00:00.000Z,0.1,4.5,0.9,0.838
2023-02-26T07:00:00.000Z,0.4,14,1.95,2.372
2023-02-26T08:00:00.000Z,0.7,5.5,2.2,1.366
2023-02-26T09:00:00.000Z,1.5,6.8,4.84,1.313
2023-02-26T10:00:00.000Z,4.3,18.1,10.5,3.302
2023-02-26T11:00:00.000Z,3.4,11.1,6.15,2.426
2023-02-26T12:00:00.000Z,1.5,5.6,3,1.004
2023-02-26T13:00:00.000Z,0.9,9.8,1.9,2.012
2023-02-26T14:00:00.000Z,1.6,5.3,2.8,1.214
2023-02-26T15:00:00.000Z,1.5,67.2,4.09,17.355
2023-02-26T16:00:00.000Z,0.5,20,3.8,4.312
2023-02-26T17:00:00.000Z,0,4.6,1.2,0.931
2023-02-26T18:00:00.000Z,0.2,2.2,1.1,0.558
2023-02-26T19:00:00.000Z,0.5,6.1,2.29,1.437
2023-02-26T20:00:00.000Z,1.3,17.9,6.3,4.178
2023-02-26T21:00:00.000Z,0.2,20.8,6.1,6.481
2023-02-26T22:00:00.000Z,4.6,18.8,7.2,3.005
2023-02-26T23:00:00.000Z,2.4,11.3,6.4,2.249
2023-02-27T00:00:00.000Z,1.6,7.6,3.2,1.655
2023-02-27T01:00:00.000Z,1.4,5.3,2.8,1.059
2023-02-27T02:00:00.000Z,0.4,6.4,1,1.509
2023-02-27T03:00:00.000Z,0.2,1.8,0.8,0.4
2023-02-27T04:00:00.000Z,0,0.7,0.3,0.18
2023-02-27T05:00:00.000Z,0.1,1.7,0.5,0.386
2023-02-27T06:00:00.000Z,0.1,4.7,1.1,1.051
2023-02-27T07:00:00.000Z,0.2,1.4,0.65,0.306
2023-02-27T08:00:00.000Z,0.6,9.5,1.8,2.085
2023-02-27T09:00:00.000Z,1.9,7.5,4.8,1.248
2023-02-27T10:00:00.000Z,5.7,116,16.05,26.581
2023-02-27T11:00:00.000Z,5.2,17.2,8.75,2.636
2023-02-27T12:00:00.000Z,3.5,15.1,6.9,3.475
2023-02-27T13:00:00.000Z,1.5,11.7,3.8,2.593
2023-02-27T14:00:00.000Z,0.1,10.5,1.9,3.989
2023-02-27T15:00:00.000Z,0.6,13.3,2.9,2.921
2023-02-27T16:00:00.000Z,3.4,36.8,11.1,11.14
2023-02-27T17:00:00.000Z,0.6,16.2,3.2,3.756
2023-02-27T18:00:00.000Z,0.7,32.2,8.25,10.279
2023-02-27T19:00:00.000Z,0.6,33.2,4.7,9.49
2023-02-27T20:00:00.000Z,1.6,32.3,12.9,9.594
2023-02-27T21:00:00.000Z,1.8,21.9,3.4,5.522
2023-02-27T22:00:00.000Z,4.2,35.9,18,10.559
2023-02-27T23:00:00.000Z,11.4,93.7,30.85,18.885
2023-02-28T00:00:00.000Z,4,60.2,9.75,14.139
2023-02-28T01:00:00.000Z,3,6.4,4.4,0.895
2023-02-28T02:00:00.000Z,1.6,5.6,3.4,1.022
2023-02-28T03:00:00.000Z,2.2,5.5,3.6,0.859
2023-02-28T04:00:00.000Z,2.1,6,4.09,0.961
2023-02-28T05:00:00.000Z,1.2,8.4,2.95,1.902
2023-02-28T06:00:00.000Z,1.6,4.2,2.9,0.614
2023-02-28T07:00:00.000Z,2.1,6.8,4.2,1.241
2023-02-28T08:00:00.000Z,3,8.2,4.9,1.345
2023-02-28T09:00:00.000Z,4.9,31.7,19.6,6.967
2023-02-28T10:00:00.000Z,19.6,37.5,28.4,5.036
2023-02-28T11:00:00.000Z,9.3,33.6,23,7.397
2023-02-28T12:00:00.000Z,7.7,15.8,11.3,1.687
2023-02-28T13:00:00.000Z,11.4,53,30.55,10.326
2023-02-28T14:00:00.000Z,17.3,68.1,32.4,15.559
2023-02-28T15:00:00.000Z,15.6,41.4,25.55,8.388
2023-02-28T16:00:00.000Z,15.7,53.2,32.4,10.288
2023-02-28T17:00:00.000Z,18.1,28.2,20.8,2.65
2023-02-28T18:00:00.000Z,14.6,21.6,16.25,2.359
2023-02-28T19:00:00.000Z,10.7,57,14.6,11.616
2023-02-28T20:00:00.000Z,27.8,85.1,59.05,21.023
2023-02-28T21:00:00.000Z,26.3,73,32.9,10.236
2023-02-28T22:00:00.000Z,39.7,86.1,47.65,9.366
2023-02-28T23:00:00.000Z,39.4,51.1,45.75,3.237
2023-03-01T00:00:00.000Z,26.1,40.5,31.5,3.878
2023-03-01T01:00:00.000Z,22.9,35.8,32.1,3.996
2023-03-01T02:00:00.000Z,24.4,34.8,28.2,2.359
2023-03-01T03:00:00.000Z,18.6,28.8,23.4,2.799
2023-03-01T04:00:00.000Z,14.8,27.8,23.95,4.149
2023-03-01T05:00:00.000Z,9.3,24.7,20.2,5.179
2023-03-01T06:00:00.000Z,5.1,19,13.5,4.086
2023-03-01T07:00:00.000Z,4,9,5.25,1.44
2023-03-01T08:00:00.000Z,4.1,19.4,9.75,3.789
2023-03-01T09:00:00.000Z,3.7,26,12.4,5.689
2023-03-01T10:00:00.000Z,22.1,47.1,32.35,6.788
2023-03-01T11:00:00.000Z,19.7,31,25.55,2.779
2023-03-01T12:00:00.000Z,18.4,45.5,25.2,7.599
2023-03-01T13:00:00.000Z,3.4,20.6,9.8,5.315
2023-03-01T14:00:00.000Z,6.6,40.5,20.1,13.431
2023-03-01T15:00:00.000Z,5,39.6,9.3,8.515
2023-03-01T16:00:00.000Z,4.4,40.7,8.1,11.376
2023-03-01T17:00:00.000Z,6.8,38.4,12.9,8.515
2023-03-01T18:00:00.000Z,10,20.5,13.35,3.316
2023-03-01T19:00:00.000Z,7.5,29.7,10.45,6.788
2023-03-01T20:00:00.000Z,9.6,29.9,16.1,6.269
2023-03-01T21:00:00.000Z,10.2,35.2,20.9,6.708
2023-03-01T22:00:00.000Z,9.3,17.7,13.9,2.203
2023-03-01T23:00:00.000Z,2.7,9.1,4.9,1.644
2023-03-02T00:00:00.000Z,1.6,6.4,3.15,1.151
2023-03-02T01:00:00.000Z,3.4,41.3,6.7,9.603
2023-03-02T02:00:00.000Z,4.2,36.5,12.5,7.378
2023-03-02T03:00:00.000Z,1.8,10.8,3.8,2.587
2023-03-02T04:00:00.000Z,1.5,8.1,3.7,1.683
2023-03-02T05:00:00.000Z,1.2,4.5,2.7,0.905
2023-03-02T06:00:00.000Z,1.2,4.1,2.7,0.746
2023-03-02T07:00:00.000Z,1.3,7.2,2.4,1.675
2023-03-02T08:00:00.000Z,2.7,6.2,3.4,0.789
2023-03-02T09:00:00.000Z,3.1,7.9,5.5,1.26
2023-03-02T10:00:00.000Z,6.8,62.6,10.7,14.608
2023-03-02T11:00:00.000Z,7.7,28,13.2,5.114
2023-03-02T12:00:00.000Z,7.9,37.2,20.6,9.585
2023-03-02T13:00:00.000Z,9.7,24,18.6,3.746
2023-03-02T14:00:00.000Z,13.5,35.6,18.6,6.2
2023-03-02T15:00:00.000Z,13.1,42.7,25.95,7.603
2023-03-02T16:00:00.000Z,5.9,40.6,19.89,10.34
2023-03-02T17:00:00.000Z,5.2,38.8,22.4,11.196
2023-03-02T18:00:00.000Z,6.5,25.7,15.5,5.965
2023-03-02T19:00:00.000Z,13.2,48.7,29.6,9.752
2023-03-02T20:00:00.000Z,18,47.9,26.3,9.537
2023-03-02T21:00:00.000Z,19,44.2,27.8,6.516
2023-03-02T22:00:00.000Z,38.7,75.8,45,7.709
2023-03-02T23:00:00.000Z,23.2,81.8,35.7,15.832
2023-03-03T00:00:00.000Z,10.9,31.4,15.8,7.169
2023-03-03T01:00:00.000Z,3.6,15.9,7.9,3.582
2023-03-03T02:00:00.000Z,2.7,9.6,5.2,1.708
2023-03-03T03:00:00.000Z,3,6.4,4.09,1.022
2023-03-03T04:00:00.000Z,1.9,4.3,2.9,0.61
2023-03-03T05:00:00.000Z,2.3,10.6,5,2.053
2023-03-03T06:00:00.000Z,2.4,5.8,3.6,0.847
2023-03-03T07:00:00.000Z,2.2,6.4,4.3,1.071
2023-03-03T08:00:00.000Z,3.3,8.8,4.8,1.155
2023-03-03T09:00:00.000Z,5,28.6,9.75,6.162
2023-03-03T10:00:00.000Z,9.6,30.3,21.3,5.133
2023-03-03T11:00:00.000Z,14.7,40.1,20.5,6.726
2023-03-03T12:00:00.000Z,12.6,23.4,17.35,2.263
2023-03-03T13:00:00.000Z,10.3,34.9,17.1,6.789
2023-03-03T14:00:00.000Z,8.8,16.8,12.25,2.568
2023-03-03T15:00:00.000Z,13.6,22.8,19.39,2.523
2023-03-03T16:00:00.000Z,22.5,36.5,28.35,3.391
2023-03-03T17:00:00.000Z,15,54.7,28.2,9.698
2023-03-03T18:00:00.000Z,12.8,31.6,22,4.949
2023-03-03T19:00:00.000Z,27,33.8,31.1,1.719
2023-03-03T20:00:00.000Z,33,56.2,39.6,6.739
2023-03-03T21:00:00.000Z,41.1,47.7,44.9,1.705
2023-03-03T22:00:00.000Z,44.6,75.3,48.1,7.365
2023-03-03T23:00:00.000Z,28.7,100.4,72.05,17.965
2023-03-04T00:00:00.000Z,19.7,49.6,27.9,7.263
2023-03-04T01:00:00.000Z,23.8,37.6,30.2,2.66
2023-03-04T02:00:00.000Z,21.8,32.6,29.6,2.646
2023-03-04T03:00:00.000Z,8.8,22.8,13.2,4.09
2023-03-04T04:00:00.000Z,7.3,9.9,8.5,0.673
2023-03-04T05:00:00.000Z,6.3,21.9,7.4,5.486
2023-03-04T06:00:00.000Z,5.2,19.1,6.5,4.573
2023-03-04T07:00:00.000Z,4.7,7,5.3,0.655
2023-03-04T08:00:00.000Z,4.6,8.7,6,0.976
2023-03-04T09:00:00.000Z,5.8,11.2,7.8,1.303
2023-03-04T10:00:00.000Z,8.6,27.5,17,5.508
2023-03-04T11:00:00.000Z,23.6,36.6,29.4,3.267
2023-03-04T12:00:00.000Z,20.2,33.4,24.4,3.336
2023-03-04T13:00:00.000Z,16.7,41.7,25.5,6.061
2023-03-04T14:00:00.000Z,7.2,15.3,11.3,2.75
2023-03-04T15:00:00.000Z,6.8,14.4,10.45,2.253
2023-03-04T16:00:00.000Z,8.2,13.7,11.25,1.143
2023-03-04T17:00:00.000Z,10,16.6,12.85,1.8
2023-03-04T18:00:00.000Z,16.8,32.4,20.14,4.435
2023-03-04T19:00:00.000Z,18.7,25.7,21.85,1.987
2023-03-04T20:00:00.000Z,19,34.9,26.9,4.785
2023-03-04T21:00:00.000Z,22.6,47.3,30.9,7.732
2023-03-04T22:00:00.000Z,5.2,27.4,18.2,7.171
2023-03-04T23:00:00.000Z,10,21.9,13.2,2.81
2023-03-05T00:00:00.000Z,6.2,30.3,12.2,5.575
2023-03-05T01:00:00.000Z,5.2,15,7.2,1.899
2023-03-05T02:00:00.000Z,4.5,8.2,6.7,0.768
2023-03-05T03:00:00.000Z,4.1,7.5,5,1.022
2023-03-05T04:00:00.000Z,2.9,5.8,3.9,0.614
2023-03-05T05:00:00.000Z,3.2,5.3,4.3,0.501
2023-03-05T06:00:00.000Z,3.3,6.1,4.05,0.655
2023-03-05T07:00:00.000Z,3.5,7,5.6,0.887
2023-03-05T08:00:00.000Z,4.4,8.7,5.95,0.951
2023-03-05T09:00:00.000Z,5.7,18.5,8.9,2.657
2023-03-05T10:00:00.000Z,10.6,93.1,37.1,24.491
2023-03-05T11:00:00.000Z,11.8,32.5,19.1,5.106
2023-03-05T12:00:00.000Z,8.9,20.1,15.3,3.491
2023-03-05T13:00:00.000Z,8.5,23.8,11.25,3.86
2023-03-05T14:00:00.000Z,6.5,11.2,9.4,1.192
2023-03-05T15:00:00.000Z,7,23.6,8.55,4.292
2023-03-05T16:00:00.000Z,7.9,11.8,9.19,1.057
2023-03-05T17:00:00.000Z,9.4,23.9,14,3.815
2023-03-05T18:00:00.000Z,6.7,15.6,8.4,2.641
2023-03-05T19:00:00.000Z,9.2,35,19.6,8.499
2023-03-05T20:00:00.000Z,10.4,21.2,16.05,2.62
2023-03-05T21:00:00.000Z,21,34.9,27.3,4.07
2023-03-05T22:00:00.000Z,32.3,44.6,35.4,3.432
2023-03-05T23:00:00.000Z,23,80.8,49.45,15.428
2023-03-06T00:00:00.000Z,16.8,23.2,21,1.595
2023-03-06T01:00:00.000Z,12.3,17.9,15,1.51
2023-03-06T02:00:00.000Z,9.5,15.8,11.8,1.691
2023-03-06T03:00:00.000Z,6.7,11,8.5,1.152
2023-03-06T04:00:00.000Z,4.1,10.8,5.9,1.449
2023-03-06T05:00:00.000Z,4.2,21,6.6,4.25
2023-03-06T06:00:00.000Z,3.7,6,4.8,0.527
2023-03-06T07:00:00.000Z,4,10.7,5.09,1.394
2023-03-06T08:00:00.000Z,5.8,10.9,7.95,1.527
2023-03-06T09:00:00.000Z,6.5,22.4,9.35,4.034
2023-03-06T10:00:00.000Z,9.8,26.3,16,5.064
2023-03-06T11:00:00.000Z,9.2,25.6,14.3,4.433
2023-03-06T12:00:00.000Z,7.9,15.3,12.3,1.673
2023-03-06T13:00:00.000Z,7.5,18.7,10.9,2.577
2023-03-06T14:00:00.000Z,8.4,33.8,15.1,6.92
2023-03-06T15:00:00.000Z,8.2,20.3,12,2.452
2023-03-06T16:00:00.000Z,11.5,19,16.55,1.896
2023-03-06T17:00:00.000Z,8.1,14.1,10,1.975
2023-03-06T18:00:00.000Z,7.9,26.9,15.15,4.644
2023-03-06T19:00:00.000Z,11.6,20.6,15.4,2.298
2023-03-06T20:00:00.000Z,15.4,23.7,18.55,2.415
2023-03-06T21:00:00.000Z,23.9,29.7,26.5,1.818
2023-03-06T22:00:00.000Z,25.7,57.3,39.79,10.754
2023-03-06T23:00:00.000Z,35.9,57.6,45.9,6.008
2023-03-07T00:00:00.000Z,15.9,38.2,32.7,7.745
2023-03-07T01:00:00.000Z,17.2,23.5,20.39,1.671
2023-03-07T02:00:00.000Z,11.7,25.6,16.7,3.149
2023-03-07T03:00:00.000Z,5.2,16.5,7.8,2.435
2023-03-07T04:00:00.000Z,3.7,10.3,5.8,1.617
2023-03-07T05:00:00.000Z,2.9,9.4,6,1.578
2023-03-07T06:00:00.000Z,3.2,5.9,4.55,0.647
2023-03-07T07:00:00.000Z,3.1,5.1,4.3,0.528
2023-03-07T08:00:00.000Z,3.4,9.4,4.8,1.531
2023-03-07T09:00:00.000Z,4.2,20.7,8.1,3.398
2023-03-07T10:00:00.000Z,8.2,21.6,11.9,3.091
2023-03-07T11:00:00.000Z,8.7,15.5,10.25,1.519
2023-03-07T12:00:00.000Z,7.5,11.7,9.19,0.982
2023-03-07T13:00:00.000Z,8,42.4,23.2,9.823
2023-03-07T14:00:00.000Z,15.7,38.6,20.5,7.562
2023-03-07T15:00:00.000Z,9.5,32.5,18.39,7.587
2023-03-07T16:00:00.000Z,7.3,16,10,2.041
2023-03-07T17:00:00.000Z,12.3,25.3,17,3.928
2023-03-07T18:00:00.000Z,19.2,38.8,31.2,5.417
2023-03-07T19:00:00.000Z,22,29.9,26.5,2.094
2023-03-07T20:00:00.000Z,24.8,55.7,29.3,8.101
2023-03-07T21:00:00.000Z,25.1,34.1,29.8,2.29
2023-03-07T22:00:00.000Z,34.4,50,37.95,3.688
2023-03-07T23:00:00.000Z,39.8,51.2,43.9,3.022
2023-03-08T00:00:00.000Z,22,43.8,34.2,4.708
2023-03-08T01:00:00.000Z,17.7,31.4,23.1,4.233
2023-03-08T02:00:00.000Z,16,27.4,22.3,3.161
2023-03-08T03:00:00.000Z,9.6,20.1,13.25,2.467
2023-03-08T04:00:00.000Z,7,21.8,12.85,4.63
2023-03-08T05:00:00.000Z,1.4,6.5,2.2,1.428
2023-03-08T06:00:00.000Z,1.9,3.8,2.54,0.482
2023-03-08T07:00:00.000Z,1.3,2.9,2.1,0.426
2023-03-08T08:00:00.000Z,1.7,4.9,3.2,0.927
2023-03-08T09:00:00.000Z,4.4,18.8,10.05,3.826
2023-03-08T10:00:00.000Z,15.5,47.1,28.85,7.798
2023-03-08T11:00:00.000Z,20.7,37.1,27.5,4.609
2023-03-08T12:00:00.000Z,16.8,50.8,22.4,7.684
2023-03-08T13:00:00.000Z,13,19.6,15.85,1.92
2023-03-08T14:00:00.000Z,4.7,28.1,11.6,6.721
2023-03-08T15:00:00.000Z,4.2,7.4,5.6,0.769
2023-03-08T16:00:00.000Z,4.5,13.2,8,2.12
2023-03-08T17:00:00.000Z,5.8,23.7,7.8,5.309
2023-03-08T18:00:00.000Z,5.3,14.1,8.9,2.104
2023-03-08T19:00:00.000Z,14.4,27.3,23,3.027
2023-03-08T20:00:00.000Z,21.4,31.6,27.7,2.961
2023-03-08T21:00:00.000Z,24.6,33.6,28.5,2.502
2023-03-08T22:00:00.000Z,29.1,59.3,35.9,6.273
2023-03-08T23:00:00.000Z,34.3,39.6,37.79,1.365
2023-03-09T00:00:00.000Z,17,47,27.5,7.696
2023-03-09T01:00:00.000Z,20.5,32.9,25.5,3.706
2023-03-09T02:00:00.000Z,5.5,29.2,21,6.689
2023-03-09T03:00:00.000Z,5.4,11.8,8.85,2.091
2023-03-09T04:00:00.000Z,1.3,11.5,4.4,3.558
2023-03-09T05:00:00.000Z,0.7,3.3,1.8,0.755
2023-03-09T06:00:00.000Z,1.8,4,2.6,0.594
2023-03-09T07:00:00.000Z,2.2,4.3,3.1,0.491
2023-03-09T08:00:00.000Z,3.3,20.1,12.9,4.807
2023-03-09T09:00:00.000Z,10,20.8,15.9,3.312
2023-03-09T10:00:00.000Z,14.2,78.8,28.4,17.572
2023-03-09T11:00:00.000Z,13.2,27,19.2,3.437
2023-03-09T12:00:00.000Z,12.6,25.9,17.39,3.448
2023-03-09T13:00:00.000Z,12,20.1,16.39,2.113
2023-03-09T14:00:00.000Z,11.6,25,13.55,3.017
2023-03-09T15:00:00.000Z,4.9,16.2,7.05,2.896
2023-03-09T16:00:00.000Z,8,29.4,11.6,6.042
2023-03-09T17:00:00.000Z,6.3,24.8,14.35,5.306
2023-03-09T18:00:00.000Z,8.6,22.5,12.1,3.739
2023-03-09T19:00:00.000Z,8.8,22.5,15.3,4.083
2023-03-09T20:00:00.000Z,19.2,27.4,22.2,2.565
2023-03-09T21:00:00.000Z,20.3,23.4,22.05,0.934
2023-03-09T22:00:00.000Z,22.5,37,26.2,4.407
2023-03-09T23:00:00.000Z,25.3,35,28.4,2.67
2023-03-10T00:00:00.000Z,9.5,35.8,27.3,6.216
2023-03-10T01:00:00.000Z,10.8,24.3,14,3.788
2023-03-10T02:00:00.000Z,7.7,30.8,10.9,4.148
2023-03-10T03:00:00.000Z,3.3,19.4,6.4,4.9
2023-03-10T04:00:00.000Z,3.1,8.3,4.4,1.142
2023-03-10T05:00:00.000Z,2.2,12.3,4.95,2.05
2023-03-10T06:00:00.000Z,2.3,23.4,6.7,6.552
2023-03-10T07:00:00.000Z,1.6,8.1,3.9,1.7
2023-03-10T08:00:00.000Z,2.6,17.7,5.15,3.311
2023-03-10T09:00:00.000Z,6.8,21,12.7,3.398
2023-03-10T10:00:00.000Z,16,33.9,24.85,5.868
2023-03-10T11:00:00.000Z,15.7,34.9,28.6,4.918
2023-03-10T12:00:00.000Z,10.3,23.6,17.2,3.842
2023-03-10T13:00:00.000Z,7.5,24.1,12.4,4.449
2023-03-10T14:00:00.000Z,5.5,11.9,6.85,1.288
2023-03-10T15:00:00.000Z,6,27.4,10.6,5.985
2023-03-10T16:00:00.000Z,3.6,8.1,5.25,1.306
2023-03-10T17:00:00.000Z,8.6,13.6,10.7,1.414
2023-03-10T18:00:00.000Z,12.3,35.6,24.7,5.37
2023-03-10T19:00:00.000Z,32,45.3,37.45,3.682
2023-03-10T20:00:00.000Z,28.8,42.4,35.4,3.994
2023-03-10T21:00:00.000Z,24.4,70.8,37.6,9.093
2023-03-10T22:00:00.000Z,45.7,90.8,55.75,9.336
2023-03-10T23:00:00.000Z,23.6,51.7,39.5,8.058
2023-03-11T00:00:00.000Z,15.1,31,20.7,3.893
2023-03-11T01:00:00.000Z,10.3,18.6,14.15,1.838
2023-03-11T02:00:00.000Z,13.9,24.7,16.89,2.268
2023-03-11T03:00:00.000Z,8.7,23.3,17.89,4.134
2023-03-11T04:00:00.000Z,5.7,9.5,7.35,1.053
2023-03-11T05:00:00.000Z,5.5,9.5,7.1,1.099
2023-03-11T06:00:00.000Z,8.7,25,10.55,3.285
2023-03-11T07:00:00.000Z,8,22.5,9.44,3.102
2023-03-11T08:00:00.000Z,8.6,28.7,10.85,4.828
2023-03-11T09:00:00.000Z,10.8,17.6,14.2,2.052
2023-03-11T10:00:00.000Z,13.8,64.6,36.35,13.645
2023-03-11T11:00:00.000Z,22.1,42.3,33.85,5.362
2023-03-11T12:00:00.000Z,21.2,36.9,27.55,3.985
2023-03-11T13:00:00.000Z,16.4,23.2,19.8,1.973
2023-03-11T14:00:00.000Z,14.1,21.4,16,2.043
2023-03-11T15:00:00.000Z,8.8,16,12.4,1.838
2023-03-11T16:00:00.000Z,9.1,41.5,11,10.577
2023-03-11T17:00:00.000Z,15.5,34.3,19.1,4.994
2023-03-11T18:00:00.000Z,16.3,25.3,20.5,1.897
2023-03-11T19:00:00.000Z,25,33.6,30.8,2.726
2023-03-11T20:00:00.000Z,31.6,44.8,33.2,3.343
2023-03-11T21:00:00.000Z,38.6,46.7,41.2,2.111
2023-03-11T22:00:00.000Z,40.1,107.4,49.4,18.016
2023-03-11T23:00:00.000Z,40.9,161.7,47.6,23.104
2023-03-12T00:00:00.000Z,26,50.1,29.2,5.868
2023-03-12T01:00:00.000Z,23.4,34.7,27.7,3.055
2023-03-12T02:00:00.000Z,12,25.7,18.2,3.618
2023-03-12T03:00:00.000Z,12,32.1,15,5.503
2023-03-12T04:00:00.000Z,9,20.9,10.6,2.903
2023-03-12T05:00:00.000Z,8.4,11,9.3,0.769
2023-03-12T06:00:00.000Z,7.7,10.1,9.5,0.653
2023-03-12T07:00:00.000Z,9.4,13.2,11.1,0.826
2023-03-12T08:00:00.000Z,11.7,21.8,13.3,2.421
2023-03-12T09:00:00.000Z,8.3,30.2,17,5.623
2023-03-12T10:00:00.000Z,12.8,23.2,18.89,2.264
2023-03-12T11:00:00.000Z,13.3,23.6,19.64,2.754
2023-03-12T12:00:00.000Z,20.6,79.1,29,11.278
2023-03-12T13:00:00.000Z,8.7,28.9,15,6.559
2023-03-12T14:00:00.000Z,7.7,17.7,13,2.522
2023-03-12T15:00:00.000Z,1.8,19.6,8.9,5.891
2023-03-12T16:00:00.000Z,0.7,9.6,1.6,1.88
2023-03-12T17:00:00.000Z,1.6,12.4,3.4,3.067
2023-03-12T18:00:00.000Z,0.9,4.3,2.5,0.793
2023-03-12T19:00:00.000Z,0.2,15.2,1.75,4.357
2023-03-12T20:00:00.000Z,0,8.6,0.95,2.934
2023-03-12T21:00:00.000Z,4.4,34.2,10.95,7.464
2023-03-12T22:00:00.000Z,4.4,12,6.6,1.847
2023-03-12T23:00:00.000Z,4.2,41.7,10.5,10.839
2023-03-13T00:00:00.000Z,6.6,23.4,12.45,3.585
2023-03-13T01:00:00.000Z,5.4,15.1,9.8,2.409
2023-03-13T02:00:00.000Z,4.2,17.9,6.4,3.224
2023-03-13T03:00:00.000Z,2.3,7.2,4.5,1.308
2023-03-13T04:00:00.000Z,8.1,18.9,9.3,4.018
2023-03-13T05:00:00.000Z,5,13.1,8,1.954
2023-03-13T06:00:00.000Z,10.6,40.1,21.8,7.156
2023-03-13T07:00:00.000Z,2.1,21.8,4.95,5.28
2023-03-13T08:00:00.000Z,0.5,7.8,2.5,1.535
2023-03-13T09:00:00.000Z,2.3,17.1,4.09,4.321
2023-03-13T10:00:00.000Z,9.2,36.1,15.5,6.953
2023-03-13T11:00:00.000Z,4.6,29.7,10.95,6.1
2023-03-13T12:00:00.000Z,2.3,5.3,3.7,0.76
2023-03-13T13:00:00.000Z,2.2,5.9,3,0.922
2023-03-13T14:00:00.000Z,2.4,9.3,3.7,1.971
2023-03-13T15:00:00.000Z,1.2,9.3,2,2.721
2023-03-13T16:00:00.000Z,2.3,19.4,5.2,4.119
2023-03-13T17:00:00.000Z,0.6,11.7,1.3,3.631
2023-03-13T18:00:00.000Z,1.2,6,3.1,1.513
2023-03-13T19:00:00.000Z,4.3,24.6,6.7,3.79
2023-03-13T20:00:00.000Z,6.7,41.3,11.1,10.921
2023-03-13T21:00:00.000Z,13.4,65.1,25.7,14.463
2023-03-13T22:00:00.000Z,22.8,50.1,32.54,8.342
2023-03-13T23:00:00.000Z,31.5,62.6,40.5,7.669
2023-03-14T00:00:00.000Z,7.3,30.6,11.5,7.185
2023-03-14T01:00:00.000Z,5.7,15.8,7.9,2.487
2023-03-14T02:00:00.000Z,4.2,9.7,6.2,1.283
2023-03-14T03:00:00.000Z,1.6,5.5,2.2,0.875
2023-03-14T04:00:00.000Z,1,3,1.7,0.412
2023-03-14T05:00:00.000Z,0.8,8.2,1.8,1.394
2023-03-14T06:00:00.000Z,1.6,5.1,2.8,1.006
2023-03-14T07:00:00.000Z,0.9,5,2.25,1.189
2023-03-14T08:00:00.000Z,1.2,3.5,2.25,0.676
2023-03-14T09:00:00.000Z,3.8,14.8,9.1,3.403
2023-03-14T10:00:00.000Z,12.8,49,18.2,12.369
2023-03-14T11:00:00.000Z,15.3,31.2,23.05,4.329
2023-03-14T12:00:00.000Z,18.4,37.4,27.4,5.421
2023-03-14T13:00:00.000Z,10.8,39.7,16.35,7.98
2023-03-14T14:00:00.000Z,4.5,12.5,7.6,2.389
2023-03-14T15:00:00.000Z,4.2,17.4,5.5,3.512
2023-03-14T16:00:00.000Z,3.1,8.5,5.45,1.238
2023-03-14T17:00:00.000Z,3,15,12.1,4.24
2023-03-14T18:00:00.000Z,13.4,48.8,18.55,12.18
2023-03-14T19:00:00.000Z,22.4,41.5,23.75,5.111
2023-03-14T20:00:00.000Z,23.6,29.5,26.35,1.479
2023-03-14T21:00:00.000Z,24.6,48.5,34.5,8.527
2023-03-14T22:00:00.000Z,41.2,58.3,48.15,5.212
2023-03-14T23:00:00.000Z,39,53.3,43,3.591
2023-03-15T00:00:00.000Z,21.8,42.7,36.15,5.387
2023-03-15T01:00:00.000Z,13.5,32.6,19.3,5.309
2023-03-15T02:00:00.000Z,11.8,27.5,19.5,3.626
2023-03-15T03:00:00.000Z,4.3,12.1,6.1,2.295
2023-03-15T04:00:00.000Z,1.9,5.4,2.8,0.877
2023-03-15T05:00:00.000Z,1.5,4.6,2.4,0.745
2023-03-15T06:00:00.000Z,1.6,3.8,2.5,0.443
2023-03-15T07:00:00.000Z,2.2,14.9,7.6,3.561
2023-03-15T08:00:00.000Z,5.1,149.1,22.3,38.817
2023-03-15T09:00:00.000Z,6.7,25,9.8,4.04
2023-03-15T10:00:00.000Z,11.6,27.2,16.45,4.539
2023-03-15T11:00:00.000Z,6.4,31.7,14.1,8.863
2023-03-15T12:00:00.000Z,7.7,79.6,20.1,20.658
2023-03-15T13:00:00.000Z,21.2,53.7,32.79,8.572
2023-03-15T14:00:00.000Z,5.7,39,19.14,7.624
2023-03-15T15:00:00.000Z,3.3,15.5,4.75,3.109
2023-03-15T16:00:00.000Z,6.6,29.9,10.15,5.862
2023-03-15T17:00:00.000Z,7.8,30.8,17.64,7.038
2023-03-15T18:00:00.000Z,11.6,45.3,34.35,9.683
2023-03-15T19:00:00.000Z,6.5,39.3,18.3,11.153
2023-03-15T20:00:00.000Z,20,33.9,25.25,3.631
2023-03-15T21:00:00.000Z,25.3,35.6,30.8,2.8
2023-03-15T22:00:00.000Z,36.4,85.7,39.5,9.558
2023-03-15T23:00:00.000Z,25.9,42.5,38.25,4.258
2023-03-16T00:00:00.000Z,10.5,42.3,25.5,7.402
2023-03-16T01:00:00.000Z,2.4,97.7,23.4,20.267
2023-03-16T02:00:00.000Z,1.7,21.7,3.4,4.857
2023-03-16T03:00:00.000Z,1,6.9,2.85,1.515
2023-03-16T04:00:00.000Z,0.2,4.7,1.4,1.135
2023-03-16T05:00:00.000Z,0.3,2.6,1.05,0.583
2023-03-16T06:00:00.000Z,0.4,3.6,0.9,0.693
2023-03-16T07:00:00.000Z,0.5,6.6,2,1.518
2023-03-16T08:00:00.000Z,2,6.7,3.65,1.433
2023-03-16T09:00:00.000Z,2.3,4.4,3.1,0.533
2023-03-16T10:00:00.000Z,4.1,30.5,11.9,10.03
2023-03-16T11:00:00.000Z,16,38.2,28.35,5.024
2023-03-16T12:00:00.000Z,11.7,36.6,17.6,7.15
2023-03-16T13:00:00.000Z,6.8,14.6,12.4,2.521
2023-03-16T14:00:00.000Z,6.6,15.8,9.25,2.993
2023-03-16T15:00:00.000Z,2.2,7.4,3.9,1.413
2023-03-16T16:00:00.000Z,1.9,4.7,3.6,0.804
2023-03-16T17:00:00.000Z,2.5,14,4.59,2.654
2023-03-16T18:00:00.000Z,2.1,14.9,9.5,3.898
2023-03-16T19:00:00.000Z,16.2,41,25.4,6.717
2023-03-16T20:00:00.000Z,6,35.6,17,9.746
2023-03-16T21:00:00.000Z,8.1,38.8,24.2,7.501
2023-03-16T22:00:00.000Z,21.3,40.4,26.9,4.301
2023-03-16T23:00:00.000Z,11.1,36.9,17.1,6.621
2023-03-17T00:00:00.000Z,5.3,31,10.6,6.282
2023-03-17T01:00:00.000Z,4.5,15.6,6.55,2.763
2023-03-17T02:00:00.000Z,1.9,7.2,4.34,1.14
2023-03-17T03:00:00.000Z,1,5.3,2.65,1.176
2023-03-17T04:00:00.000Z,0.5,3,1.2,0.612
2023-03-17T05:00:00.000Z,0.3,1.9,0.8,0.426
2023-03-17T06:00:00.000Z,0.6,2.6,1.2,0.466
2023-03-17T07:00:00.000Z,0.6,3.2,1.4,0.597
2023-03-17T08:00:00.000Z,0.7,3.3,1.45,0.783
2023-03-17T09:00:00.000Z,2.2,12.2,7.8,2.515
2023-03-17T10:00:00.000Z,11.2,74.3,44.7,15.457
2023-03-17T11:00:00.000Z,11.9,43.6,25.3,10.593
2023-03-17T12:00:00.000Z,7.6,19.4,11.8,3.009
2023-03-17T13:00:00.000Z,5.4,10.7,7.7,1.37
2023-03-17T14:00:00.000Z,4.6,9.1,5.75,1.208
2023-03-17T15:00:00.000Z,4.2,9.3,5.9,1.253
2023-03-17T16:00:00.000Z,3.7,60.6,15.8,20.221
2023-03-17T17:00:00.000Z,9.9,90.4,40.54,22.184
2023-03-17T18:00:00.000Z,21.8,36.6,32.79,5.001
2023-03-17T19:00:00.000Z,16.1,25.5,18.14,2.728
2023-03-17T20:00:00.000Z,15.5,44.2,20.35,9.136
2023-03-17T21:00:00.000Z,23.1,37.8,34.04,4.792
2023-03-17T22:00:00.000Z,32.5,43.8,37.7,3.059
2023-03-17T23:00:00.000Z,12.2,38.3,22,8.554
2023-03-18T00:00:00.000Z,9.7,32.5,18.64,7.066
2023-03-18T01:00:00.000Z,5.5,18.9,10.19,3.703
2023-03-18T02:00:00.000Z,4.7,12.3,7.3,2.241
2023-03-18T03:00:00.000Z,3.2,5.9,4.3,0.555
2023-03-18T04:00:00.000Z,2.2,4.9,2.85,0.647
2023-03-18T05:00:00.000Z,1.3,6.7,2.15,1.209
2023-03-18T06:00:00.000Z,1.4,3.4,2.2,0.535
2023-03-18T07:00:00.000Z,2,6.9,4,1.129
2023-03-18T08:00:00.000Z,3.4,7.5,5.3,1.056
2023-03-18T09:00:00.000Z,4,7.1,5.45,0.781
2023-03-18T10:00:00.000Z,5.8,15.1,11.4,2.147
2023-03-18T11:00:00.000Z,9.8,14.3,11.4,1.061
2023-03-18T12:00:00.000Z,9.7,21.1,16.85,2.845
2023-03-18T13:00:00.000Z,11.4,34.7,18.39,5.819
2023-03-18T14:00:00.000Z,10.3,28,16.5,4.96
2023-03-18T15:00:00.000Z,10.2,21.6,14.4,2.688
2023-03-18T16:00:00.000Z,8.5,15.3,10.65,1.531
2023-03-18T17:00:00.000Z,9.9,18.1,12.5,2.442
2023-03-18T18:00:00.000Z,14.3,28.4,17.89,4.059
2023-03-18T19:00:00.000Z,13.1,41.8,28.85,6.584
2023-03-18T20:00:00.000Z,23.9,30.8,26.9,1.999
2023-03-18T21:00:00.000Z,30.4,54.6,37.1,6.783
2023-03-18T22:00:00.000Z,29.7,57.3,36.5,7.029
2023-03-18T23:00:00.000Z,10.1,44.5,20,12.449
2023-03-19T00:00:00.000Z,8.2,17.5,13.45,2.356
2023-03-19T01:00:00.000Z,12,18.3,14.95,1.424
2023-03-19T02:00:00.000Z,6.5,13.5,8.8,2.188
2023-03-19T03:00:00.000Z,6,25.7,9.44,5.116
2023-03-19T04:00:00.000Z,5.3,9,6.35,0.932
2023-03-19T05:00:00.000Z,5,6.7,5.7,0.427
2023-03-19T06:00:00.000Z,5.5,7.3,6.15,0.454
2023-03-19T07:00:00.000Z,4.9,8.6,6.1,0.779
2023-03-19T08:00:00.000Z,6.1,9,7.2,0.751
2023-03-19T09:00:00.000Z,8.1,16.3,11,2.127
2023-03-19T10:00:00.000Z,11.2,69.8,14.9,17.956
2023-03-19T11:00:00.000Z,21.4,42.3,25.5,7.319
2023-03-19T12:00:00.000Z,18,46.3,25.4,5.934
2023-03-19T13:00:00.000Z,16.4,32,23.2,3.989
2023-03-19T14:00:00.000Z,12.6,37.2,16.39,6.146
2023-03-19T15:00:00.000Z,11.2,20.1,14.75,2.422
2023-03-19T16:00:00.000Z,8,16.1,9.75,2.81
2023-03-19T17:00:00.000Z,6.8,9.6,8.19,0.663
2023-03-19T18:00:00.000Z,8.1,20.8,9.75,2.873
2023-03-19T19:00:00.000Z,8.6,12.9,10,1.123
2023-03-19T20:00:00.000Z,9.8,22.8,14.1,3.013
2023-03-19T21:00:00.000Z,10,24.3,12.3,2.792
2023-03-19T22:00:00.000Z,23.2,104,45.6,21.496
2023-03-19T23:00:00.000Z,14.7,70.4,21.35,11.234
2023-03-20T00:00:00.000Z,7.8,24.7,17.5,5.291
2023-03-20T01:00:00.000Z,6.3,8.9,7.45,0.664
2023-03-20T02:00:00.000Z,6.2,9.5,7.1,0.91
2023-03-20T03:00:00.000Z,6,8.3,6.9,0.543
2023-03-20T04:00:00.000Z,4.7,8,5.45,0.797
2023-03-20T05:00:00.000Z,3.4,5.9,5,0.569
2023-03-20T06:00:00.000Z,5,7,5.6,0.535
2023-03-20T07:00:00.000Z,6.5,13.4,10.6,2.122
2023-03-20T08:00:00.000Z,8.1,12.9,9.6,1.302
2023-03-20T09:00:00.000Z,8.3,14.7,10.55,1.834
2023-03-20T10:00:00.000Z,11.1,25.7,16.75,4.09
2023-03-20T11:00:00.000Z,13.8,25.1,18.2,2.592
2023-03-20T12:00:00.000Z,10.5,23.3,16,3.225
2023-03-20T13:00:00.000Z,12.4,16.2,14,1.004
2023-03-20T14:00:00.000Z,8.6,12.5,10.19,0.999
2023-03-20T15:00:00.000Z,9.6,23.1,11.1,3.075
2023-03-20T16:00:00.000Z,7.2,11.8,9.4,1.103
2023-03-20T17:00:00.000Z,7.4,34.4,19.39,8.118
2023-03-20T18:00:00.000Z,10.8,25.8,15.2,3.588
2023-03-20T19:00:00.000Z,18.4,27.2,20.2,2.594
2023-03-20T20:00:00.000Z,21.4,32.4,24.4,3.311
2023-03-20T21:00:00.000Z,29.3,44.2,39.29,4.837
2023-03-20T22:00:00.000Z,38.6,57.1,49.6,4.344
2023-03-20T23:00:00.000Z,15.4,57.6,30,12.9
2023-03-21T00:00:00.000Z,11,25.7,17.39,4.331
2023-03-21T01:00:00.000Z,5.4,12.6,8.1,1.711
2023-03-21T02:00:00.000Z,5.4,23.2,6.9,4.639
2023-03-21T03:00:00.000Z,4.9,7.3,6.15,0.63
2023-03-21T04:00:00.000Z,4.7,6.6,5.4,0.567
2023-03-21T05:00:00.000Z,4.4,11.9,5.2,1.515
2023-03-21T06:00:00.000Z,5.3,7.7,6.3,0.568
2023-03-21T07:00:00.000Z,5.6,11,7.5,1.161
2023-03-21T08:00:00.000Z,6.2,12.2,8.8,1.6
2023-03-21T09:00:00.000Z,8.2,12.7,10.6,1.294
2023-03-21T10:00:00.000Z,9.8,29.7,16.39,6.416
2023-03-21T11:00:00.000Z,12.8,30,14.8,3.372
2023-03-21T12:00:00.000Z,9.8,16.9,12.5,2.012
2023-03-21T13:00:00.000Z,7.3,12.1,10.6,1.437
2023-03-21T14:00:00.000Z,4.7,23.2,6.55,5.055
2023-03-21T15:00:00.000Z,6.8,27.6,13.55,5.322
2023-03-21T16:00:00.000Z,6.3,14.7,7.85,1.974
2023-03-21T17:00:00.000Z,6,31.2,7.75,6.017
2023-03-21T18:00:00.000Z,9,30.6,15.5,4.33
2023-03-21T19:00:00.000Z,9.7,32.6,26.7,5.908
2023-03-21T20:00:00.000Z,19.7,43.6,32.95,5.919
2023-03-21T21:00:00.000Z,27.4,36.7,30.1,2.316
2023-03-21T22:00:00.000Z,37.4,78.5,52.4,10.736
2023-03-21T23:00:00.000Z,36.3,57.7,43.5,5.233
2023-03-22T00:00:00.000Z,19.4,172.2,23.1,30.522
2023-03-22T01:00:00.000Z,11.4,30.3,17.6,4.842
2023-03-22T02:00:00.000Z,6,10.9,7.8,1.19
2023-03-22T03:00:00.000Z,5.3,13,6.9,2.355
2023-03-22T04:00:00.000Z,3.9,8.6,5.15,1.117
2023-03-22T05:00:00.000Z,4.1,7,5,0.656
2023-03-22T06:00:00.000Z,4,6.4,5.09,0.61
2023-03-22T07:00:00.000Z,3.6,6,4.8,0.547
2023-03-22T08:00:00.000Z,4.3,6.7,5.3,0.735
2023-03-22T09:00:00.000Z,6.4,35.4,12.3,7.584
2023-03-22T10:00:00.000Z,28.7,71.5,38.15,8.831
2023-03-22T11:00:00.000Z,17.4,40.7,28.6,6.857
2023-03-22T12:00:00.000Z,8.4,20,11.8,3.28
2023-03-22T13:00:00.000Z,7.3,17.2,9.6,2.865
2023-03-22T14:00:00.000Z,5.7,11.9,7.5,1.812
2023-03-22T15:00:00.000Z,5.3,10.3,6.1,1.192
2023-03-22T16:00:00.000Z,5.2,18.4,8.3,4.091
2023-03-22T17:00:00.000Z,5.2,15.5,10.65,3.05
2023-03-22T18:00:00.000Z,5.1,21.9,12.5,4.284
2023-03-22T19:00:00.000Z,3.6,18.4,9.1,4.08
2023-03-22T20:00:00.000Z,19.5,49.1,36.6,7.241
2023-03-22T21:00:00.000Z,23.6,48.8,43.8,8.331
2023-03-22T22:00:00.000Z,16.1,44.2,32,8.626
2023-03-22T23:00:00.000Z,13.3,95.9,21.7,14.776
2023-03-23T00:00:00.000Z,11.4,18.9,15.2,2.118
2023-03-23T01:00:00.000Z,5,13.5,8.6,2.534
2023-03-23T02:00:00.000Z,2.9,6.5,4,1.042
2023-03-23T03:00:00.000Z,2.2,9.3,3.05,1.468
2023-03-23T04:00:00.000Z,1.3,4.1,2.1,0.735
2023-03-23T05:00:00.000Z,1.2,3.3,1.9,0.548
2023-03-23T06:00:00.000Z,1.2,4,1.9,0.69
2023-03-23T07:00:00.000Z,1.1,6.2,2.45,1.143
2023-03-23T08:00:00.000Z,1.7,3.7,2.6,0.521
2023-03-23T09:00:00.000Z,1.9,12.1,6,2.218
2023-03-23T10:00:00.000Z,10.4,19.7,14.8,2.484
2023-03-23T11:00:00.000Z,16.6,52.8,19.39,9.291
2023-03-23T12:00:00.000Z,25.4,45,30.6,5.416
2023-03-23T13:00:00.000Z,8.7,28.7,21.85,5.802
2023-03-23T14:00:00.000Z,6,19.1,10,2.567
2023-03-23T15:00:00.000Z,4.8,8.2,6.1,0.734
2023-03-23T16:00:00.000Z,4.1,19.9,8.94,3.682
2023-03-23T17:00:00.000Z,3.5,9.8,5.4,2.052
2023-03-23T18:00:00.000Z,6.6,34.9,8.4,5.704
2023-03-23T19:00:00.000Z,13.3,34.9,23,5.708
2023-03-23T20:00:00.000Z,17.8,62.7,30.9,12.334
2023-03-23T21:00:00.000Z,22.5,37.7,28.45,3.576
2023-03-23T22:00:00.000Z,16.7,31.5,22.7,3.562
2023-03-23T23:00:00.000Z,4.9,30.2,10.7,5.688
2023-03-24T00:00:00.000Z,5.8,11.3,8.4,1.506
2023-03-24T01:00:00.000Z,6.6,30.6,9.69,5.067
2023-03-24T02:00:00.000Z,1.4,8.2,2.9,1.425
2023-03-24T03:00:00.000Z,1.1,7.2,2.4,1.113
2023-03-24T04:00:00.000Z,0.4,2.7,0.8,0.495
2023-03-24T05:00:00.000Z,0.2,1.2,0.7,0.25
2023-03-24T06:00:00.000Z,0.2,1.4,0.6,0.305
2023-03-24T07:00:00.000Z,0.3,2.8,1,0.636
2023-03-24T08:00:00.000Z,0.2,3.8,1.9,1.099
2023-03-27T01:00:00.000Z,8.4,13.4,9.94,1.219
2023-03-27T02:00:00.000Z,3.6,7.9,5.6,1.288
2023-03-27T03:00:00.000Z,3.6,6.6,4.8,0.859
2023-03-27T04:00:00.000Z,2.4,6.6,4,1.147
2023-03-27T05:00:00.000Z,2.2,7.4,3.3,1.639
2023-03-27T06:00:00.000Z,2,6,3.4,1.067
2023-03-27T07:00:00.000Z,1.9,4.1,2.9,0.596
2023-03-27T08:00:00.000Z,2.7,5.9,4.09,0.945
2023-03-27T09:00:00.000Z,5,25.1,10.35,5.827
2023-03-27T10:00:00.000Z,18.4,42.6,33.45,6.939
2023-03-27T11:00:00.000Z,20.8,45,37.4,6.812
2023-03-27T12:00:00.000Z,15.9,69.4,31.9,13.54
2023-03-27T13:00:00.000Z,6.8,36.6,11.5,5.842
2023-03-27T14:00:00.000Z,6.1,17.7,8.1,3.146
2023-03-27T15:00:00.000Z,3.8,8,6.7,1.024
2023-03-27T16:00:00.000Z,3.4,5,4,0.437
2023-03-27T17:00:00.000Z,6.7,64.5,42.55,17.802
2023-03-27T18:00:00.000Z,42.2,44.7,43.45,1.25
2023-03-29T08:00:00.000Z,4.3,5.9,5.2,0.477
2023-03-29T09:00:00.000Z,4,14,6.2,3.116
2023-03-29T10:00:00.000Z,13.5,30.2,24.15,4.494
2023-03-29T11:00:00.000Z,18.4,40.8,24.9,6.042
2023-03-29T12:00:00.000Z,15.2,44.9,23.9,7.145
2023-03-29T13:00:00.000Z,10,23,15.85,3.842
2023-03-29T14:00:00.000Z,7.4,29.6,10.1,5.772
2023-03-29T15:00:00.000Z,5.8,11.4,8.69,1.75
2023-03-29T16:00:00.000Z,4.4,57.6,16.6,18.067
2023-03-29T17:00:00.000Z,11.6,61.3,39.4,12.919
2023-03-29T18:00:00.000Z,15.9,25.4,18.7,2.982
2023-03-29T19:00:00.000Z,22.1,31.3,27.85,2.794
2023-03-29T20:00:00.000Z,29.1,36.9,30.6,1.801
2023-03-29T21:00:00.000Z,33.7,38.9,36,1.542
2023-03-29T22:00:00.000Z,28.9,39.6,35.15,2.905
2023-03-29T23:00:00.000Z,28.1,49.7,41,6.398
2023-03-30T00:00:00.000Z,12.2,39,19.85,7.157
2023-03-30T01:00:00.000Z,6.8,15.7,11.5,2.212
2023-03-30T02:00:00.000Z,5,9.9,7.85,1.32
2023-03-30T03:00:00.000Z,4.3,12.4,8.1,1.901
2023-03-30T04:00:00.000Z,1.6,9.1,2.2,1.664
2023-03-30T05:00:00.000Z,1.1,2.6,1.6,0.412
2023-03-30T06:00:00.000Z,1.6,4.3,2.45,0.778
2023-03-30T07:00:00.000Z,1.7,5.4,2.29,0.729
2023-03-30T08:00:00.000Z,2,10.2,3.1,1.907
2023-03-30T09:00:00.000Z,4.4,9.7,5.7,1.085
2023-03-30T10:00:00.000Z,6.4,18.3,9.05,2.822
2023-03-30T11:00:00.000Z,8.5,18.7,10,2.466
2023-03-30T12:00:00.000Z,5.5,29.4,10.19,6.438
2023-03-30T13:00:00.000Z,2.5,9.8,4.09,1.533
2023-03-30T14:00:00.000Z,3.6,61.6,14.8,15.702
2023-03-30T15:00:00.000Z,5.3,32.9,11,6.371
2023-03-30T16:00:00.000Z,5.3,16.2,11.3,3.026
2023-03-30T17:00:00.000Z,10.5,52.7,15.35,9.114
2023-03-30T18:00:00.000Z,11.9,18.6,14.3,1.632
2023-03-30T19:00:00.000Z,17.1,52,36.79,11.526
2023-03-30T20:00:00.000Z,9.8,22.6,12.3,3.711
2023-03-30T21:00:00.000Z,13.6,43.8,32.29,8.489
2023-03-30T22:00:00.000Z,28.3,49.2,32.6,4.631
2023-03-30T23:00:00.000Z,27.4,51.5,40.54,6.2
2023-03-31T00:00:00.000Z,14.6,26.9,19.64,3.238
2023-03-31T01:00:00.000Z,7.2,16.2,10.8,2.102
2023-03-31T02:00:00.000Z,5.4,18.8,7.7,3.047
2023-03-31T03:00:00.000Z,3.8,11.6,6.6,2.166
2023-03-31T04:00:00.000Z,0.8,4.8,2.1,0.799
2023-03-31T05:00:00.000Z,0.1,1.4,0.6,0.268
2023-03-31T06:00:00.000Z,0.4,1.6,0.8,0.257
2023-03-31T07:00:00.000Z,0,2.5,0.6,0.542
2023-03-31T08:00:00.000Z,0.8,41.8,2.25,9.586
2023-03-31T09:00:00.000Z,10.2,26.7,12.75,3.764
2023-03-31T10:00:00.000Z,13,48.4,26.45,9.185
2023-03-31T11:00:00.000Z,7.6,48.6,21.65,10.623
2023-03-31T12:00:00.000Z,3.8,17.8,7.7,3.945
2023-03-31T13:00:00.000Z,4.3,25.7,13.8,5.452
2023-03-31T14:00:00.000Z,17.6,69.3,40.1,16.309
2023-03-31T15:00:00.000Z,6.7,41.1,19.5,9.772
2023-03-31T16:00:00.000Z,9.6,87.5,23.6,18.68
2023-03-31T17:00:00.000Z,21,87.5,33.2,13.296
2023-03-31T18:00:00.000Z,3.9,36,14.6,8.838
2023-03-31T19:00:00.000Z,3.8,59.1,14.2,14.496
2023-03-31T20:00:00.000Z,8.8,94,31.4,15.615
2023-03-31T21:00:00.000Z,21.4,32.6,27.9,3.389
2023-03-31T22:00:00.000Z,23.1,49.3,27.5,8.574
2023-03-31T23:00:00.000Z,35,48.5,42.9,2.871
2023-04-01T00:00:00.000Z,22.5,44.1,39.2,7.871
2023-04-01T01:00:00.000Z,18,25.8,21.75,1.995
2023-04-01T02:00:00.000Z,5.6,21.5,8.5,4.921
2023-04-01T03:00:00.000Z,5.7,11.6,6.8,1.283
2023-04-01T04:00:00.000Z,5,10.3,6.05,1.115
2023-04-01T05:00:00.000Z,4.3,10.7,5.3,1.494
2023-04-01T06:00:00.000Z,3.3,5.6,4.75,0.552
2023-04-01T07:00:00.000Z,3.2,5.7,4.2,0.672
2023-04-01T08:00:00.000Z,2.6,12,4.05,2.711
2023-04-01T09:00:00.000Z,3.3,8.2,4.9,1.213
2023-04-01T10:00:00.000Z,5.7,18.7,12.4,4.51
2023-04-01T11:00:00.000Z,19,38.4,25,5.815
2023-04-01T12:00:00.000Z,5.4,20.2,11,4.772
2023-04-01T13:00:00.000Z,6.9,35.7,11,6.543
2023-04-01T14:00:00.000Z,6,23,9.5,3.786
2023-04-01T15:00:00.000Z,7,29.1,11.1,4.582
2023-04-01T16:00:00.000Z,12.4,95,26.4,15.241
2023-04-01T17:00:00.000Z,14.4,53.7,38.1,10.189
2023-04-01T18:00:00.000Z,29.5,42.1,32.79,2.645
2023-04-01T19:00:00.000Z,26.3,31.3,28.2,1.381
2023-04-01T20:00:00.000Z,18.6,30.2,21.4,3.757
2023-04-01T21:00:00.000Z,18,25.6,20.14,2.261
2023-04-01T22:00:00.000Z,20.8,37.5,32.1,4.744
2023-04-01T23:00:00.000Z,29.9,52.1,36.54,6.092
2023-04-02T00:00:00.000Z,30.5,38.9,33,1.629
2023-04-02T01:00:00.000Z,30,34.3,32.29,1.09
2023-04-02T02:00:00.000Z,23.5,33.3,30.75,2.836
2023-04-02T03:00:00.000Z,18.8,51.6,22.2,7.696
2023-04-02T04:00:00.000Z,10,58.1,15.2,14.282
2023-04-02T05:00:00.000Z,7.3,12.4,9,1.331
2023-04-02T06:00:00.000Z,6.9,9,7.6,0.514
2023-04-02T07:00:00.000Z,9.6,15.6,12.7,1.104
2023-04-02T08:00:00.000Z,11.4,15.4,13.2,1.09
2023-04-02T09:00:00.000Z,13.9,20.1,16.89,1.453
2023-04-02T10:00:00.000Z,19.1,33.8,25.7,3.826
2023-04-02T11:00:00.000Z,15.2,30.4,18.8,3.245
2023-04-02T12:00:00.000Z,11.8,20.1,16.85,2.054
2023-04-02T13:00:00.000Z,10.3,16.1,13.3,1.668
2023-04-02T14:00:00.000Z,6,23.4,10,3.893
2023-04-02T15:00:00.000Z,8,27.7,14.9,5.129
2023-04-02T16:00:00.000Z,10.3,23,15.5,3.688
2023-04-02T17:00:00.000Z,13.4,31,15.65,5.254
2023-04-02T18:00:00.000Z,16.7,31.9,25.15,4.33
2023-04-02T19:00:00.000Z,8.4,45.1,10.7,10.062
2023-04-02T20:00:00.000Z,15.4,50.9,33.1,8.431
2023-04-02T21:00:00.000Z,12.7,38.3,16,5.752
2023-04-02T22:00:00.000Z,17.7,46.5,30,9.4
2023-04-02T23:00:00.000Z,32.4,45.5,39.29,3.212
2023-04-03T00:00:00.000Z,24.8,41.9,29.6,5.027
2023-04-03T01:00:00.000Z,25.5,42.7,32.75,5.039
2023-04-03T02:00:00.000Z,11.5,38.7,24.4,8.865
2023-04-03T03:00:00.000Z,4.2,9.6,6.1,1.438
2023-04-03T04:00:00.000Z,2.6,5.8,4,0.808
2023-04-03T05:00:00.000Z,2.5,8.7,3.6,1.993
2023-04-03T06:00:00.000Z,3.2,7.4,5,1.018
2023-04-03T07:00:00.000Z,6,17.9,8.9,3.006
2023-04-03T08:00:00.000Z,6.2,11.3,8.35,1.601
2023-04-03T09:00:00.000Z,9.3,32,11.9,6.684
2023-04-03T10:00:00.000Z,24.2,42.7,35,4.671
2023-04-03T11:00:00.000Z,21.5,47,33.6,4.728
2023-04-03T12:00:00.000Z,14.1,46.2,22.1,7.456
2023-04-03T13:00:00.000Z,11.9,36,18.39,7.778
2023-04-03T14:00:00.000Z,8.5,25.3,10.8,4.868
2023-04-03T15:00:00.000Z,7.4,17.8,9.15,2.312
2023-04-03T16:00:00.000Z,8.3,16.8,10.5,2.261
2023-04-03T17:00:00.000Z,13.6,42.9,27.35,7.735
2023-04-03T18:00:00.000Z,10.2,37.4,23.7,8.659
2023-04-03T19:00:00.000Z,9.7,33.9,15.5,6.309
2023-04-03T20:00:00.000Z,9.4,26.5,19.6,4.207
2023-04-03T21:00:00.000Z,15.2,34.2,24.75,4.84
2023-04-03T22:00:00.000Z,16.9,50.1,27,9.399
2023-04-03T23:00:00.000Z,15.4,32.7,20.3,4.559
2023-04-04T00:00:00.000Z,12.7,26.1,17.25,3.932
2023-04-04T01:00:00.000Z,12.1,16.8,14,1.134
2023-04-04T02:00:00.000Z,12.8,14.8,13.55,0.594
2023-04-04T03:00:00.000Z,13,17.6,15.2,1.132
2023-04-04T04:00:00.000Z,12.4,16.7,14.45,1.153
2023-04-04T05:00:00.000Z,11.6,16.8,13.95,1.138
2023-04-04T06:00:00.000Z,10.3,14.4,12.1,1.054
2023-04-04T07:00:00.000Z,8.6,13,10.55,0.961
2023-04-04T08:00:00.000Z,8.8,15.2,11.1,1.312
2023-04-04T09:00:00.000Z,10.7,21.2,13.35,2.1
2023-04-04T10:00:00.000Z,16.4,71.9,30.85,13.863
2023-04-04T11:00:00.000Z,21.8,50.1,24.85,7.548
2023-04-04T12:00:00.000Z,24.6,84.9,36.5,11.934
2023-04-04T13:00:00.000Z,22.5,52.6,34,9.106
2023-04-04T14:00:00.000Z,22.8,79.6,38,16.637
2023-04-04T15:00:00.000Z,14.8,74.2,16.8,13.16
2023-04-04T16:00:00.000Z,15.7,72.3,27.4,15.312
2023-04-04T17:00:00.000Z,40.9,215.9,47.3,38.616
2023-04-04T18:00:00.000Z,24.4,174.9,41.75,29.79
2023-04-04T19:00:00.000Z,25.8,50.6,37.7,6.765
2023-04-04T20:00:00.000Z,26,47.1,31.35,7.664
2023-04-04T21:00:00.000Z,43.1,63.1,47.9,6.001
2023-04-04T22:00:00.000Z,44.7,70.4,57.1,7.842
2023-04-04T23:00:00.000Z,15.3,45.5,30.65,9.424
2023-04-05T00:00:00.000Z,13.6,24,18.8,3.082
2023-04-05T01:00:00.000Z,10.2,21.4,17.64,3.654
2023-04-05T02:00:00.000Z,9.8,15.9,12.4,1.555
2023-04-05T03:00:00.000Z,10.1,14.1,11.6,1.16
2023-04-05T04:00:00.000Z,9.1,14.4,11.7,1.29
2023-04-05T05:00:00.000Z,7.6,12.6,9.55,1.137
2023-04-05T06:00:00.000Z,8.5,12.4,10.55,0.88
2023-04-05T07:00:00.000Z,9,14.8,11.25,1.775
2023-04-05T08:00:00.000Z,9.4,14.2,11.45,1.264
2023-04-05T09:00:00.000Z,10.3,16.9,13.9,1.624
2023-04-05T10:00:00.000Z,17.6,40,27.45,5.58
2023-04-05T11:00:00.000Z,28.7,48.3,36.2,6.025
2023-04-05T12:00:00.000Z,23.8,44.7,34.29,5.14
2023-04-05T13:00:00.000Z,16.9,29.2,22.8,3.731
2023-04-05T14:00:00.000Z,15.7,48.2,25.15,9.154
2023-04-05T15:00:00.000Z,23.2,44.8,27.75,6.556
2023-04-05T16:00:00.000Z,5.9,26.2,12.1,6.277
2023-04-05T17:00:00.000Z,7.4,53.1,15.6,10.83
2023-04-05T18:00:00.000Z,7.2,33,14.2,6.862
2023-04-05T19:00:00.000Z,8,20.3,12.8,3.164
2023-04-05T20:00:00.000Z,7.2,60.4,9.9,15.3
2023-04-05T21:00:00.000Z,26.4,152.4,46.4,46.424
2023-04-05T22:00:00.000Z,38.3,84.1,48,13.495
2023-04-05T23:00:00.000Z,24.3,42.2,29.9,4.027
2023-04-06T00:00:00.000Z,19.3,26.8,22.95,1.858
2023-04-06T01:00:00.000Z,13.9,23.6,20.55,2.834
2023-04-06T02:00:00.000Z,8.6,24.4,14.05,3.073
2023-04-06T03:00:00.000Z,7.3,16,10.6,2.258
2023-04-06T04:00:00.000Z,3.6,7.9,6.2,1.155
2023-04-06T05:00:00.000Z,4.2,10.1,5.9,1.151
2023-04-06T06:00:00.000Z,3,4.4,3.9,0.293
2023-04-06T07:00:00.000Z,3.8,5.8,4.4,0.434
2023-04-06T08:00:00.000Z,4.1,5.6,5.05,0.373
2023-04-06T09:00:00.000Z,5.2,10.6,7.65,1.447
2023-04-06T10:00:00.000Z,6.3,24.5,13.7,5.007
2023-04-06T11:00:00.000Z,16.8,29.3,20.2,3.815
2023-04-06T12:00:00.000Z,16.8,26.9,21.8,2.787
2023-04-06T13:00:00.000Z,21.1,29,23.2,1.838
2023-04-06T14:00:00.000Z,18.9,26,21.6,1.812
2023-04-06T15:00:00.000Z,13,28.9,18.7,3.512
2023-04-06T16:00:00.000Z,9,44.5,12,12.641
2023-04-06T17:00:00.000Z,26,50.4,36.95,6.941
2023-04-06T18:00:00.000Z,19.7,59.5,44.7,12.199
2023-04-06T19:00:00.000Z,15,28.5,18.3,4.056
2023-04-06T20:00:00.000Z,9.1,34.6,15.45,4.917
2023-04-06T21:00:00.000Z,7.2,39.5,14,10.701
2023-04-06T22:00:00.000Z,16.5,64.6,36.29,13.984
2023-04-06T23:00:00.000Z,18.8,39.7,25.2,4.807
2023-04-07T00:00:00.000Z,15.2,31.2,24.1,3.86
2023-04-07T01:00:00.000Z,11.9,19.7,14.65,2.242
2023-04-07T02:00:00.000Z,14.1,21.5,18.5,2.246
2023-04-07T03:00:00.000Z,8.6,21.4,14.2,3.527
2023-04-07T04:00:00.000Z,7.7,10.7,8.69,0.624
2023-04-07T05:00:00.000Z,8.8,11.6,10,0.65
2023-04-07T06:00:00.000Z,8.8,12.8,10.7,0.941
2023-04-07T07:00:00.000Z,10,14.2,11.7,1.157
2023-04-07T08:00:00.000Z,10.3,15.1,12.8,1.38
2023-04-07T09:00:00.000Z,11.7,18.9,14.6,1.953
2023-04-07T10:00:00.000Z,18,93.8,44.05,18.921
2023-04-07T11:00:00.000Z,28.8,37.6,33.4,2.109
2023-04-07T12:00:00.000Z,22.6,37,27.7,4.231
2023-04-07T13:00:00.000Z,21.8,33.7,24.2,3.388
2023-04-07T14:00:00.000Z,20.2,30.5,23.4,3.074
2023-04-07T15:00:00.000Z,24.6,32.9,29.2,2.225
2023-04-07T16:00:00.000Z,20.9,26.3,23.2,1.746
2023-04-07T17:00:00.000Z,18.5,22,21.15,0.947
2023-04-07T18:00:00.000Z,17,20.6,18.5,0.783
2023-04-07T19:00:00.000Z,17.4,20.1,18.7,0.719
2023-04-07T20:00:00.000Z,23.6,63.9,34.29,9.797
2023-04-07T21:00:00.000Z,31,69.1,33.25,9.641
2023-04-07T22:00:00.000Z,26.1,68.5,31.9,10.285
2023-04-07T23:00:00.000Z,19.9,27.3,24.05,1.967
2023-04-08T00:00:00.000Z,15.8,32.7,27.7,3.906
2023-04-08T01:00:00.000Z,12.9,30.8,17,5.352
2023-04-08T02:00:00.000Z,13.9,29.9,23.3,5.294
2023-04-08T03:00:00.000Z,12.7,18.9,15.4,1.62
2023-04-08T04:00:00.000Z,9.6,13.6,10.95,1.142
2023-04-08T05:00:00.000Z,10.7,12.6,11.4,0.429
2023-04-08T06:00:00.000Z,13,23.2,14.1,2.622
2023-04-08T07:00:00.000Z,18.9,26.3,21.9,2.272
2023-04-08T08:00:00.000Z,14.3,20.5,17.95,1.568
2023-04-08T09:00:00.000Z,11.4,23.6,13.4,2.407
2023-04-08T10:00:00.000Z,15.5,65.5,25.8,13.334
2023-04-08T11:00:00.000Z,17,33.9,23.5,4.747
2023-04-08T12:00:00.000Z,7.6,23.8,10.19,3.442
2023-04-08T13:00:00.000Z,5.5,30.5,9.15,5.389
2023-04-08T14:00:00.000Z,6.1,24.4,11.85,5.422
2023-04-08T15:00:00.000Z,3,8.2,5.05,1.291
2023-04-08T16:00:00.000Z,3.4,5.8,4.09,0.551
2023-04-08T17:00:00.000Z,0.7,6.4,3.1,1.378
2023-04-08T18:00:00.000Z,0.8,4.1,2.04,0.778
2023-04-08T19:00:00.000Z,1.8,11.1,4.2,2.337
2023-04-08T20:00:00.000Z,2.4,46.5,4.8,9.907
2023-04-08T21:00:00.000Z,7.5,48.2,15.9,7.92
2023-04-08T22:00:00.000Z,8.3,41.2,18.7,11.898
2023-04-08T23:00:00.000Z,7.8,160.6,16.05,47.214
2023-04-09T00:00:00.000Z,8.7,47.6,13.7,11.954
2023-04-09T01:00:00.000Z,9.4,20.1,14.55,1.9
2023-04-09T02:00:00.000Z,9.3,24.5,12.3,3.037
2023-04-09T03:00:00.000Z,7.2,19.6,9.19,2.797
2023-04-09T04:00:00.000Z,3.8,19.1,6.6,3.346
2023-04-09T05:00:00.000Z,0.7,62.2,3.8,12.035
2023-04-09T06:00:00.000Z,1.8,5.3,3,0.92
2023-04-09T07:00:00.000Z,3.9,8.8,5.9,1.453
2023-04-09T08:00:00.000Z,2.9,7.1,4.34,1.389
2023-04-09T09:00:00.000Z,3,17,10.7,3.811
2023-04-09T10:00:00.000Z,9.4,28,12.9,5.849
2023-04-09T11:00:00.000Z,16.1,29.7,22.7,3.399
2023-04-09T12:00:00.000Z,8.8,20.8,13.2,3.048
2023-04-09T13:00:00.000Z,9.2,25.8,13.6,3.513
2023-04-09T14:00:00.000Z,7.8,26.5,11.9,4.839
2023-04-09T15:00:00.000Z,6.4,45.4,11.8,10.396
2023-04-09T16:00:00.000Z,8.7,24,12.6,4.575
2023-04-09T17:00:00.000Z,8.1,22.8,10.3,3.524
2023-04-09T18:00:00.000Z,14.4,64.3,32.29,10.183
2023-04-09T19:00:00.000Z,14.2,32.4,18.89,4.88
2023-04-09T20:00:00.000Z,14.9,45.2,22.4,7.748
2023-04-09T21:00:00.000Z,24.2,42.5,32.7,4.915
2023-04-09T22:00:00.000Z,30,58.2,36.25,8.238
2023-04-09T23:00:00.000Z,15.6,39.2,25.85,5.965
2023-04-10T00:00:00.000Z,11.4,19.5,13.6,2.144
2023-04-10T01:00:00.000Z,13.8,19.7,16.35,1.439
2023-04-10T02:00:00.000Z,10.1,16.5,12.5,1.783
2023-04-10T03:00:00.000Z,10,13,11.4,0.798
2023-04-10T04:00:00.000Z,9.4,12.7,10.75,0.673
2023-04-10T05:00:00.000Z,9.2,12.3,10.7,0.713
2023-04-10T06:00:00.000Z,9.2,17.5,11.4,1.818
2023-04-10T07:00:00.000Z,10.3,14.1,11.6,1.188
2023-04-10T08:00:00.000Z,10.7,19,13.3,2.267
2023-04-10T09:00:00.000Z,16.8,132,20.6,24.778
2023-04-10T10:00:00.000Z,39,517.2,93.95,100.8
2023-04-10T11:00:00.000Z,19.1,65.6,30.6,8.283
2023-04-10T12:00:00.000Z,20.3,28.5,24.35,2.141
2023-04-10T13:00:00.000Z,10.8,34.5,20.7,6.952
2023-04-10T14:00:00.000Z,10.4,27,13.55,3.901
2023-04-10T15:00:00.000Z,8.6,27.6,13.1,6.217
2023-04-10T16:00:00.000Z,11.8,25.4,16.8,4.185
2023-04-10T17:00:00.000Z,9,35.9,10.7,5.842
2023-04-10T18:00:00.000Z,10.5,76,13.5,13.199
2023-04-10T19:00:00.000Z,16.7,48.7,35.75,8.833
2023-04-10T20:00:00.000Z,25.6,108.5,40.54,21.054
2023-04-10T21:00:00.000Z,30.4,68.2,38.7,9.752
2023-04-10T22:00:00.000Z,31.8,58.8,37.54,7.442
2023-04-10T23:00:00.000Z,30.1,55.1,33.7,6.222
2023-04-11T00:00:00.000Z,21.4,50.6,27.75,9.798
2023-04-11T01:00:00.000Z,15.2,27.7,19.95,2.563
2023-04-11T02:00:00.000Z,17.6,23.8,19.8,1.558
2023-04-11T03:00:00.000Z,15.5,29.4,25.9,4.41
2023-04-11T04:00:00.000Z,14.1,18.2,15.4,1.008
2023-04-11T05:00:00.000Z,13.2,18.1,15,1.134
2023-04-11T06:00:00.000Z,12.8,16.1,14.3,0.664
2023-04-11T07:00:00.000Z,14.1,21.3,16.6,1.586
2023-04-11T08:00:00.000Z,16.5,24.6,20.1,2.232
2023-04-11T09:00:00.000Z,21.6,30.9,25.5,2.128
2023-04-11T10:00:00.000Z,30,46.8,36.5,3.991
2023-04-11T11:00:00.000Z,30.4,58.9,39.7,9.086
2023-04-11T12:00:00.000Z,18.6,29.6,22.1,2.53
2023-04-11T13:00:00.000Z,15.5,33.7,19.05,4.541
2023-04-11T14:00:00.000Z,20.5,26.6,23,1.466
2023-04-11T15:00:00.000Z,21.5,29.1,23.3,2.021
2023-04-11T16:00:00.000Z,22.4,52.8,25.6,6.658
2023-04-11T17:00:00.000Z,20.2,47.9,21.8,5.807
2023-04-11T18:00:00.000Z,18,22.2,19.25,1.06
2023-04-11T19:00:00.000Z,19,43.1,25.95,7.417
2023-04-11T20:00:00.000Z,17.4,24.1,21,2.21
2023-04-11T21:00:00.000Z,21.2,26.7,24.85,1.336
2023-04-11T22:00:00.000Z,21.9,29.1,25.3,1.742
2023-04-11T23:00:00.000Z,23,32.3,28.1,2.517
2023-04-12T00:00:00.000Z,30,33.2,31.55,0.859
2023-04-12T01:00:00.000Z,31.5,34.2,32.85,0.705
2023-04-12T02:00:00.000Z,34.9,44,40.4,2.435
2023-04-12T03:00:00.000Z,43,45.9,44,0.891
2023-04-12T04:00:00.000Z,44,50.8,46,1.603
2023-04-12T05:00:00.000Z,44.6,47.8,46.3,0.848
2023-04-12T06:00:00.000Z,45.2,48.4,47.2,0.953
2023-04-12T07:00:00.000Z,48.2,71.6,52.3,6.34
2023-04-12T08:00:00.000Z,50.8,56.5,53.5,1.575
2023-04-12T09:00:00.000Z,50.9,69.8,56.4,5.686
2023-04-12T10:00:00.000Z,57.7,122.8,75.09,11.176
2023-04-12T11:00:00.000Z,61.1,115.9,69.59,13.923
2023-04-12T12:00:00.000Z,61.1,83,71.8,5.891
2023-04-12T13:00:00.000Z,64,97.8,82.15,7.885
2023-04-12T14:00:00.000Z,65,87.3,69.75,5.904
2023-04-12T15:00:00.000Z,63.2,89.8,66.7,7.106
2023-04-12T16:00:00.000Z,64.4,75.9,69.34,3.213
2023-04-12T17:00:00.000Z,72,75.4,73.59,0.982
2023-04-12T18:00:00.000Z,65.6,104.8,76.3,9.53
2023-04-12T19:00:00.000Z,36,68.4,64.8,8.602
2023-04-12T20:00:00.000Z,28.6,32.9,30.65,1.148
2023-04-12T21:00:00.000Z,29.9,35.9,34.2,1.826
2023-04-12T22:00:00.000Z,34,37.3,36,0.896
2023-04-12T23:00:00.000Z,35.2,38.9,36.79,1.05
2023-04-13T00:00:00.000Z,31.7,38.5,34.5,1.923
2023-04-13T01:00:00.000Z,31.9,40.6,35.9,2.378
2023-04-13T02:00:00.000Z,33.2,44.3,38.4,3.47
2023-04-13T03:00:00.000Z,34.9,42.1,39,1.841
2023-04-13T04:00:00.000Z,31.4,35.9,33.79,1.02
2023-04-13T05:00:00.000Z,29.5,34.1,31.4,1.119
2023-04-13T06:00:00.000Z,25.8,32.9,29.05,2.009
2023-04-13T07:00:00.000Z,31.6,38.1,33.29,1.709
2023-04-13T08:00:00.000Z,32.5,39.2,35.45,1.977
2023-04-13T09:00:00.000Z,32.2,39.6,33.7,1.934
2023-04-13T10:00:00.000Z,31.4,37.3,33.7,1.151
2023-04-13T11:00:00.000Z,28.8,33.8,30.6,1.323
2023-04-13T12:00:00.000Z,20.5,30.5,24.3,3.071
2023-04-13T13:00:00.000Z,10.2,22,17.5,3.639
2023-04-13T14:00:00.000Z,13.7,24.5,15.55,3.318
2023-04-13T15:00:00.000Z,10.9,16.3,12.4,1.304
2023-04-13T16:00:00.000Z,16.2,38.7,27.8,5.653
2023-04-13T17:00:00.000Z,24.8,36.5,29.95,3.225
2023-04-13T18:00:00.000Z,32.1,44.1,33.79,3.174
2023-04-13T19:00:00.000Z,34.8,59.5,40.79,8.888
2023-04-13T20:00:00.000Z,52.1,82.1,60.4,8.324
2023-04-13T21:00:00.000Z,39,59.1,43.65,4.72
2023-04-13T22:00:00.000Z,33.2,40,36.5,1.625
2023-04-13T23:00:00.000Z,26.8,32.8,30.75,1.402
2023-04-14T00:00:00.000Z,26.4,34.7,28.4,2.062
2023-04-14T01:00:00.000Z,20.5,31.2,26.5,2.596
2023-04-14T02:00:00.000Z,17,23,19.2,1.748
2023-04-14T03:00:00.000Z,16.9,21.1,18.89,1.327
2023-04-14T04:00:00.000Z,17.1,22,19.6,1.206
2023-04-14T05:00:00.000Z,15.2,37.9,19.8,6.689
2023-04-14T06:00:00.000Z,37.4,43.5,39.45,1.843
2023-04-14T07:00:00.000Z,40.4,49.8,45.4,2.819
2023-04-14T08:00:00.000Z,30.2,81.5,38.7,14.758
2023-04-14T09:00:00.000Z,29,44.2,34.29,3.619
2023-04-14T10:00:00.000Z,27.3,35.5,30.7,1.811
2023-04-14T11:00:00.000Z,29.8,60.5,36.2,7.17
2023-04-14T12:00:00.000Z,35.2,54.1,39.29,4.103
2023-04-14T13:00:00.000Z,36.6,65.9,41.8,8.474
2023-04-14T14:00:00.000Z,54.3,139.3,58.6,18.715
2023-04-14T15:00:00.000Z,42.9,58.1,46.5,4.616
2023-04-14T16:00:00.000Z,41.2,51.3,46,2.767
2023-04-14T17:00:00.000Z,45.5,82.5,56.2,7.698
2023-04-14T18:00:00.000Z,46.8,55,47.6,2.017
2023-04-14T19:00:00.000Z,47.2,50.6,49.05,1.069
2023-04-14T20:00:00.000Z,47.2,49.9,48.8,0.752
2023-04-14T21:00:00.000Z,48.8,53.4,52.3,1.404
2023-04-14T22:00:00.000Z,49.5,54.5,53.4,1.537
2023-04-14T23:00:00.000Z,49,51.9,50.1,0.683
2023-04-15T00:00:00.000Z,52.1,69.1,56.2,4.192
2023-04-15T01:00:00.000Z,36.9,58.9,43.75,6.415
2023-04-15T02:00:00.000Z,40.2,47.1,42.4,1.327
2023-04-15T03:00:00.000Z,38.8,44.9,42.3,1.416
2023-04-15T04:00:00.000Z,40.8,45.9,43.3,1.125
2023-04-15T05:00:00.000Z,26.1,39.7,31.7,4.114
2023-04-15T06:00:00.000Z,21.9,27.2,23.3,1.35
2023-04-15T07:00:00.000Z,23.4,28.9,25.4,1.352
2023-04-15T08:00:00.000Z,23.6,31.2,26,1.362
2023-04-15T09:00:00.000Z,23.5,40.7,36.9,5.922
2023-04-15T10:00:00.000Z,40.6,53.7,42.45,3.43
2023-04-15T11:00:00.000Z,47.5,71.6,55.1,7.366
2023-04-15T12:00:00.000Z,41.1,60.8,51.55,4.823
2023-04-15T13:00:00.000Z,30,64,37.5,7.555
2023-04-15T14:00:00.000Z,26.8,34.9,31.7,2.094
2023-04-15T15:00:00.000Z,25.6,42,32.9,4.42
2023-04-15T16:00:00.000Z,29.2,44.2,32.1,5.05
2023-04-15T17:00:00.000Z,28.5,34.2,32.29,1.195
2023-04-15T18:00:00.000Z,25,28.7,27.35,0.915
2023-04-15T19:00:00.000Z,24.7,28.7,26.1,1.34
2023-04-15T20:00:00.000Z,25,36.8,26.9,3.786
2023-04-15T21:00:00.000Z,34,37.5,36.2,1.074
2023-04-15T22:00:00.000Z,33.3,44,35.5,3.447
2023-04-15T23:00:00.000Z,30.7,36.7,34.35,1.53
2023-04-16T00:00:00.000Z,34,40.5,36.2,1.97
2023-04-16T01:00:00.000Z,35.2,42.1,37.79,2.069
2023-04-16T02:00:00.000Z,35.3,37.8,36.5,0.65
2023-04-16T03:00:00.000Z,36.7,41.3,38.79,1.187
2023-04-16T04:00:00.000Z,35.1,40.2,38.04,1.568
2023-04-16T05:00:00.000Z,32.9,39.4,36,1.484
2023-04-16T06:00:00.000Z,32.4,37.7,35.6,1.17
2023-04-16T07:00:00.000Z,21.7,34.8,23.95,4.172
2023-04-16T08:00:00.000Z,18.9,23.8,20.6,1.364
2023-04-16T09:00:00.000Z,20,27.5,21.6,1.614
2023-04-16T10:00:00.000Z,22.6,54.6,35.4,7.036
2023-04-16T11:00:00.000Z,25.2,43.4,31.7,4.87
2023-04-16T12:00:00.000Z,22.7,48.4,29.75,5.691
2023-04-16T13:00:00.000Z,22.6,49.1,30.25,5.15
2023-04-16T14:00:00.000Z,28.6,37.1,31.3,1.854
2023-04-16T15:00:00.000Z,26.8,45.8,29.5,4.461
2023-04-16T16:00:00.000Z,44,148.6,54.6,32.992
2023-04-16T17:00:00.000Z,36.1,68,44.1,7.51
2023-04-16T18:00:00.000Z,33.7,48.6,39.6,4.03
2023-04-16T19:00:00.000Z,32.1,55.7,36.4,5.226
2023-04-16T20:00:00.000Z,31.2,36.5,33.4,1.766
2023-04-16T21:00:00.000Z,38.3,53,41.4,3.99
2023-04-16T22:00:00.000Z,40.4,124.9,58.4,19.715
2023-04-16T23:00:00.000Z,38.2,55.9,40.79,4.282
2023-04-17T00:00:00.000Z,33.8,38.8,35.5,1.022
2023-04-17T01:00:00.000Z,35.6,59.3,41,6.256
2023-04-17T02:00:00.000Z,39.6,40.2,39.79,0.249
2023-04-19T12:00:00.000Z,9.3,29,20.1,7.011
2023-04-19T13:00:00.000Z,5.4,13,6.7,2.219
2023-04-19T14:00:00.000Z,4.7,8.8,7,0.901
2023-04-19T15:00:00.000Z,5,20.8,5.6,3.138
2023-04-19T16:00:00.000Z,4.6,6.4,5.3,0.482
2023-04-19T17:00:00.000Z,5.4,14.6,7.2,2.786
2023-04-19T18:00:00.000Z,6.9,26.3,9.19,5.533
2023-04-19T19:00:00.000Z,7.7,38.6,22,10.147
2023-04-19T20:00:00.000Z,12.5,63,19.89,11.93
2023-04-19T21:00:00.000Z,41.3,71.6,53.25,7.646
2023-04-19T22:00:00.000Z,15,56.7,20.9,12.09
2023-04-19T23:00:00.000Z,9.7,17.4,13.8,2.223
2023-04-20T00:00:00.000Z,8.1,16.6,11.6,2.804
2023-04-20T01:00:00.000Z,5.2,9.2,6.1,0.941
2023-04-20T02:00:00.000Z,5.9,9.2,7.65,0.742
2023-04-20T03:00:00.000Z,5.8,12.3,8.19,1.761
2023-04-20T04:00:00.000Z,5.4,9.7,7,1.221
2023-04-20T05:00:00.000Z,3.1,15,4.15,2.537
2023-04-20T06:00:00.000Z,4.4,6.2,5.3,0.497
2023-04-20T07:00:00.000Z,5.9,12.3,9,1.674
2023-04-20T08:00:00.000Z,11.4,24.4,13.15,3.007
2023-04-20T09:00:00.000Z,14.1,26.8,18.1,2.964
2023-04-20T10:00:00.000Z,10.5,36.9,14.7,6.464
2023-04-20T11:00:00.000Z,11.7,28.7,18.89,4.398
2023-04-20T12:00:00.000Z,14.9,36.9,19.64,4.952
2023-04-20T13:00:00.000Z,11.7,32.2,21.05,5.735
2023-04-20T14:00:00.000Z,14.2,51.3,35.85,11.737
2023-04-20T15:00:00.000Z,12,20.6,15.2,2.434
2023-04-20T16:00:00.000Z,15.3,44.7,27.55,9.105
2023-04-20T17:00:00.000Z,16.6,25.7,19.3,2.295
2023-04-21T08:00:00.000Z,33.1,37.6,35.4,1.249
2023-04-21T09:00:00.000Z,25.2,100.2,30.4,21.445
2023-04-21T10:00:00.000Z,29.5,53.9,43.85,6.034
2023-04-21T11:00:00.000Z,22.5,77.2,33.5,10.944
2023-04-21T12:00:00.000Z,20.3,29,24.1,2.267
2023-04-21T13:00:00.000Z,20.6,93.3,34.04,16.228
2023-04-21T14:00:00.000Z,24.6,65.4,32.15,9.884
2023-04-21T15:00:00.000Z,22.4,31.4,27.3,2.291
2023-04-21T16:00:00.000Z,18.6,38.5,23.6,5.923
2023-04-21T17:00:00.000Z,25.2,53.6,41.55,8.438
2023-04-22T04:00:00.000Z,9.5,10.5,9.94,0.334
2023-04-22T05:00:00.000Z,8.8,11.8,10.1,0.673
2023-04-22T06:00:00.000Z,8.9,26,20.35,4.23
2023-04-22T07:00:00.000Z,13.7,23.4,15.5,3.137
2023-04-22T08:00:00.000Z,15.6,27.6,19.5,3.776
2023-04-22T09:00:00.000Z,16.9,37.6,26.4,5.276
2023-04-22T10:00:00.000Z,19.2,45.8,30.6,7.288
2023-04-22T11:00:00.000Z,31.1,49.6,35.5,5.455
2023-04-22T12:00:00.000Z,13.6,36.2,17.5,7.61
2023-04-22T13:00:00.000Z,16.7,33.9,23.15,4.116
2023-04-22T14:00:00.000Z,17.1,32.3,20.7,2.963
2023-04-22T15:00:00.000Z,17.3,46.2,24.1,7.703
2023-04-22T16:00:00.000Z,14.5,19.7,16.7,1.245
2023-04-22T17:00:00.000Z,14.9,33.9,18.5,5.953
2023-04-22T18:00:00.000Z,20.2,37.3,27.2,5.024
2023-04-22T19:00:00.000Z,17.2,24.1,19.2,1.448
2023-04-22T20:00:00.000Z,15.4,28.2,18.6,4.525
2023-04-22T21:00:00.000Z,25.5,36.2,29.75,2.909
2023-04-22T22:00:00.000Z,36.5,49.6,39.6,2.953
2023-04-22T23:00:00.000Z,33,47.7,37.7,3.349
2023-04-23T00:00:00.000Z,6.6,36.5,16.3,8.458
2023-04-23T01:00:00.000Z,6,11.2,7.45,1.527
2023-04-23T02:00:00.000Z,2.6,7.9,4.45,1.388
2023-04-23T03:00:00.000Z,2.7,6.6,4.05,0.925
2023-04-23T04:00:00.000Z,4.4,6.8,5.3,0.634
2023-04-23T05:00:00.000Z,4.9,7.8,5.9,0.726
2023-04-23T06:00:00.000Z,5.3,10.1,6.7,1.411
2023-04-23T07:00:00.000Z,7.8,11.9,10.4,1.014
2023-04-23T08:00:00.000Z,9.8,16.3,11.6,1.498
2023-04-23T09:00:00.000Z,13.7,20.9,15.2,2.202
2023-04-23T10:00:00.000Z,21.5,233.4,36.2,56.368
2023-04-23T11:00:00.000Z,21.8,135.7,39.2,30.794
2023-04-23T12:00:00.000Z,18.4,33.4,27.75,5.193
2023-04-23T13:00:00.000Z,18.2,27.8,22.3,2.746
2023-04-23T14:00:00.000Z,16.2,24.9,18.8,2.503
2023-04-23T15:00:00.000Z,12.7,26.1,16.1,4.436
2023-04-23T16:00:00.000Z,14.1,24.3,16.5,2.933
2023-04-23T17:00:00.000Z,12.7,19.2,14.65,1.557
2023-04-23T18:00:00.000Z,13.3,68.1,26.85,12.136
2023-04-23T19:00:00.000Z,16.3,32.2,20.14,3.634
2023-04-23T20:00:00.000Z,12.8,78.1,16.6,21.794
2023-04-23T21:00:00.000Z,13.7,76.3,29.7,17.056
2023-04-23T22:00:00.000Z,14.6,46.7,18.8,7.487
2023-04-23T23:00:00.000Z,17.6,32.8,20.1,3.46
2023-04-24T00:00:00.000Z,18.4,31.1,27.05,4.105
2023-04-24T01:00:00.000Z,10.6,18.8,12.7,2.235
2023-04-24T02:00:00.000Z,11.5,17,12.7,1.284
2023-04-24T03:00:00.000Z,13.9,31.8,18.39,3.99
2023-04-24T04:00:00.000Z,16.9,23,19.39,1.837
2023-04-24T05:00:00.000Z,16.6,25.9,22,2.267
2023-04-24T06:00:00.000Z,9.2,17.2,10.8,2.359
2023-04-24T07:00:00.000Z,7.8,10.3,9.5,0.595
2023-04-24T08:00:00.000Z,9.2,16.8,10.4,1.825
2023-04-24T09:00:00.000Z,12.3,36.4,23.5,7.544
2023-04-24T10:00:00.000Z,22.6,44.3,32.79,4.905
2023-04-24T11:00:00.000Z,27.5,44,31.5,4.301
2023-04-24T12:00:00.000Z,25.3,64.1,33.6,10.413
2023-04-24T13:00:00.000Z,17.6,57.7,33,8.775
2023-04-24T14:00:00.000Z,18.1,78.4,36,13.929
2023-04-24T15:00:00.000Z,19.1,51.8,30.2,8.438
2023-04-24T16:00:00.000Z,13.8,29.9,19.7,5.241
2023-04-24T17:00:00.000Z,14.4,22.4,16.1,2.334
2023-04-24T18:00:00.000Z,15,41.4,25.15,6.207
2023-04-24T19:00:00.000Z,18.4,44.3,31.2,7.304
2023-04-24T20:00:00.000Z,15.2,33.7,18.8,4.497
2023-04-24T21:00:00.000Z,20.1,35.9,26.9,4.122
2023-04-24T22:00:00.000Z,18.4,79.7,27.2,13.277
2023-04-24T23:00:00.000Z,25.5,44.9,33.65,6.378
2023-04-25T00:00:00.000Z,19.4,40.1,29.8,4.66
2023-04-25T01:00:00.000Z,20.6,33.3,26.3,3.283
2023-04-25T02:00:00.000Z,15.8,23.2,19.5,1.974
2023-04-25T03:00:00.000Z,10.6,15.6,13.45,1.5
2023-04-25T04:00:00.000Z,10.4,13.5,11.05,0.666
2023-04-25T05:00:00.000Z,9.5,16,10.6,1.768
2023-04-25T06:00:00.000Z,9.6,14.3,11.75,1.198
2023-04-25T07:00:00.000Z,10.7,15.4,13.3,1.096
2023-04-25T08:00:00.000Z,12.5,79.3,31.3,16.701
2023-04-25T09:00:00.000Z,10.3,43.3,21.6,8.949
2023-04-25T10:00:00.000Z,13.7,105.4,28.5,27.402
2023-04-25T11:00:00.000Z,21.7,60.2,30.6,8.442
2023-04-25T12:00:00.000Z,17,31.4,19.39,5.167
2023-04-25T13:00:00.000Z,10.5,14.9,12.2,1.181
2023-04-25T14:00:00.000Z,10.8,23,14.75,3.672
2023-04-25T15:00:00.000Z,15.5,78,36.15,15.887
2023-04-25T16:00:00.000Z,14.8,33.6,22.55,4.41
2023-04-25T17:00:00.000Z,10.3,17.6,14.15,1.93
2023-04-25T18:00:00.000Z,10.4,38.8,19.05,7.068
2023-04-25T19:00:00.000Z,24.1,68.6,37,10.275
2023-04-25T20:00:00.000Z,22.7,53,34.9,8.154
2023-04-25T21:00:00.000Z,22,38.7,28,4.334
2023-04-25T22:00:00.000Z,11.6,29,16.1,4.646
2023-04-25T23:00:00.000Z,13.3,29.4,18.6,4.588
2023-04-26T00:00:00.000Z,11.8,18.3,14.8,1.515
2023-04-26T01:00:00.000Z,10.6,18.4,12.2,2.136
2023-04-26T02:00:00.000Z,8.6,13.2,10.05,1.138
2023-04-26T03:00:00.000Z,9.7,13.5,11.6,1.01
2023-04-26T04:00:00.000Z,9,12.2,10.19,0.849
2023-04-26T05:00:00.000Z,8.2,11.2,9.69,0.788
2023-04-26T06:00:00.000Z,7.2,10.9,8.1,0.816
2023-04-26T07:00:00.000Z,9.1,14,10.9,1.246
2023-04-26T08:00:00.000Z,10.9,23.3,15.3,3.398
2023-04-26T09:00:00.000Z,14.6,40.5,29.25,8.43
2023-04-26T10:00:00.000Z,22.2,43.4,29.75,5.282
2023-04-26T11:00:00.000Z,27.2,42.2,32.9,4.151
2023-04-26T12:00:00.000Z,14.7,33.8,26.6,5.906
2023-04-26T13:00:00.000Z,14.2,25.9,21,2.439
2023-04-26T14:00:00.000Z,10.2,19.4,13.1,2.719
2023-04-26T15:00:00.000Z,9.2,30.1,11.7,4.55
2023-04-26T16:00:00.000Z,9.3,30.4,13.75,4.894
2023-04-26T17:00:00.000Z,8.6,12.5,9.9,0.949
2023-04-26T18:00:00.000Z,9.9,36.6,12.7,7.259
2023-04-26T19:00:00.000Z,10.2,45.6,16.8,9.904
2023-04-26T20:00:00.000Z,12.2,44.1,19.89,9.457
2023-04-26T21:00:00.000Z,36.5,110.6,49.2,21.787
2023-04-26T22:00:00.000Z,20,64.5,46.05,13.917
2023-04-26T23:00:00.000Z,12.8,35.5,23.05,6.939
2023-04-27T00:00:00.000Z,11.1,14.4,12.3,0.812
2023-04-27T01:00:00.000Z,10.2,19,11.9,2.57
2023-04-27T02:00:00.000Z,9.8,16.4,12,1.684
2023-04-27T03:00:00.000Z,7.8,12.6,9.5,1.157
2023-04-27T04:00:00.000Z,8.5,11.7,9.75,0.712
2023-04-27T05:00:00.000Z,8.5,11.3,9.6,0.808
2023-04-27T06:00:00.000Z,9.5,22.4,11.3,3.013
2023-04-27T07:00:00.000Z,9.4,20.8,11.7,2.629
2023-04-27T08:00:00.000Z,10,16.9,12.55,1.578
2023-04-27T09:00:00.000Z,10.6,19.6,13.6,2.613
2023-04-27T10:00:00.000Z,11.8,85.3,19.25,20.785
2023-04-27T11:00:00.000Z,16.8,34.8,24.55,4.936
2023-04-27T12:00:00.000Z,17.9,39.6,28.2,6.269
2023-04-27T13:00:00.000Z,9.8,30.9,16.3,5.387
2023-04-27T14:00:00.000Z,9.8,23,12.4,3.112
2023-04-27T15:00:00.000Z,7.2,24,13,4.634
2023-04-27T16:00:00.000Z,5.4,10.1,6.95,1.202
2023-04-27T17:00:00.000Z,5.7,44.6,17.35,11.337
2023-04-27T18:00:00.000Z,15.7,36,23.8,5.376
2023-04-27T19:00:00.000Z,20.9,55.7,34.1,8.793
2023-04-27T20:00:00.000Z,30.8,41,32.6,3.561
2023-04-27T21:00:00.000Z,21.7,93.4,33.4,18.341
2023-04-27T22:00:00.000Z,33.9,60.8,43.6,6.653
2023-04-27T23:00:00.000Z,15.6,33.4,24.4,5.068
2023-04-28T00:00:00.000Z,8.3,16.1,10.85,1.72
2023-04-28T01:00:00.000Z,12.5,14.7,13.7,0.625
2023-04-28T02:00:00.000Z,8.5,14.8,12,1.915
2023-04-28T03:00:00.000Z,6.1,9.9,8.1,0.688
2023-04-28T04:00:00.000Z,6.3,9.5,8.1,0.819
2023-04-28T05:00:00.000Z,7.6,10.3,9,0.56
2023-04-28T06:00:00.000Z,8.1,11.1,9.6,0.689
2023-04-28T07:00:00.000Z,10.9,16.4,12.8,1.417
2023-04-28T08:00:00.000Z,10,13.3,11.1,0.987
2023-04-28T09:00:00.000Z,10,18.7,12.5,2.623
2023-04-28T10:00:00.000Z,16.6,42.6,24.8,7.512
2023-04-28T11:00:00.000Z,21,29.3,24.6,2.366
2023-04-28T12:00:00.000Z,22.4,34.6,27,2.707
2023-04-28T13:00:00.000Z,11.4,32.6,15.3,6.409
2023-04-28T14:00:00.000Z,10.1,16.5,13.5,2.033
2023-04-28T15:00:00.000Z,12.3,24.4,17.5,2.962
2023-04-28T16:00:00.000Z,12,103.4,13.8,21.411
2023-04-28T17:00:00.000Z,13.3,44.1,25.5,7.58
2023-04-28T18:00:00.000Z,14.4,35.6,20.2,7.672
2023-04-28T19:00:00.000Z,22,85.2,33.85,18.707
2023-04-28T20:00:00.000Z,37,95.6,41.7,18.913
2023-04-28T21:00:00.000Z,43.8,87.5,49.2,11.254
2023-04-28T22:00:00.000Z,37.2,73.2,45.7,9.423
2023-04-28T23:00:00.000Z,16.4,46.5,36.2,8.022
2023-04-29T00:00:00.000Z,9.8,21,14.8,2.695
2023-04-29T01:00:00.000Z,11.9,24.2,17.45,3.583
2023-04-29T02:00:00.000Z,6.7,19,9.5,3.375
2023-04-29T03:00:00.000Z,2.7,15.9,6.7,3.318
2023-04-29T04:00:00.000Z,0.6,5,1.8,1.065
2023-04-29T05:00:00.000Z,0.3,3.1,0.8,0.527
2023-04-29T06:00:00.000Z,0.1,0.9,0.4,0.234
2023-04-29T07:00:00.000Z,0.2,1.3,0.6,0.261
2023-04-29T08:00:00.000Z,0.1,5.3,1,1.414
2023-04-29T09:00:00.000Z,2.2,7.7,4.5,1.449
2023-04-29T10:00:00.000Z,7.3,19.6,15.2,3.08
2023-04-29T11:00:00.000Z,16.2,51.2,25.45,10.685
2023-04-29T12:00:00.000Z,10.3,46.2,21.2,8.623
2023-04-29T13:00:00.000Z,5.9,19.5,8.4,2.672
2023-04-29T14:00:00.000Z,3.7,15.3,5.8,3.334
2023-04-29T15:00:00.000Z,3,32.5,8.1,6.972
2023-04-29T16:00:00.000Z,1.7,58,6.2,13.685
2023-04-29T17:00:00.000Z,12,47.7,24.85,8.889
2023-04-29T18:00:00.000Z,9.5,36,23.4,5.718
2023-04-29T19:00:00.000Z,15.3,26.3,19.1,3.198
2023-04-29T20:00:00.000Z,14.4,30.8,16.64,5.976
2023-04-29T21:00:00.000Z,15.4,196.8,19.64,41.431
2023-04-29T22:00:00.000Z,20.1,37.7,29.6,4.182
2023-04-29T23:00:00.000Z,15.9,36.9,22.6,6.979
2023-04-30T00:00:00.000Z,9.9,39.6,17.6,7.77
2023-04-30T01:00:00.000Z,7.3,16.4,9,2.342
2023-04-30T02:00:00.000Z,5.1,11.8,7.8,1.588
2023-04-30T03:00:00.000Z,0.8,6.4,1.8,1.32
2023-04-30T04:00:00.000Z,1,8.8,2.29,1.979
2023-04-30T05:00:00.000Z,0.1,5.9,0.8,1.614
2023-04-30T06:00:00.000Z,0.1,1.2,0.5,0.262
2023-04-30T07:00:00.000Z,0.1,1.4,0.5,0.299
2023-04-30T08:00:00.000Z,0.5,3.2,1.35,0.75
2023-04-30T09:00:00.000Z,2,11.2,4.3,2.66
2023-04-30T10:00:00.000Z,10.6,22.8,15,3.937
2023-04-30T11:00:00.000Z,27,46.8,35.5,5.038
2023-04-30T12:00:00.000Z,14.8,47.6,34.2,8.428
2023-04-30T13:00:00.000Z,9.7,14.5,11.4,1.254
2023-04-30T14:00:00.000Z,7.5,11,9.8,0.792
2023-04-30T15:00:00.000Z,5.9,8.9,7.1,0.71
2023-04-30T16:00:00.000Z,7.5,42.1,23.1,11.985
2023-04-30T17:00:00.000Z,7.5,11.1,8.5,0.889
2023-04-30T18:00:00.000Z,9.6,12.1,11.4,0.638
2023-04-30T19:00:00.000Z,11.1,15.4,13.1,1.278
2023-04-30T20:00:00.000Z,13.7,21.1,17.8,1.84
2023-04-30T21:00:00.000Z,19.5,30.1,22.6,2.255
2023-04-30T22:00:00.000Z,23.6,33.6,27.8,2.834
2023-04-30T23:00:00.000Z,20,29.7,24.8,2.172
2023-05-01T00:00:00.000Z,11.3,36.6,16.1,5.788
2023-05-01T01:00:00.000Z,7.8,29.6,14.7,4.526
2023-05-01T02:00:00.000Z,1.9,12.7,5.7,3.33
2023-05-01T03:00:00.000Z,1,8.2,2.2,1.932
2023-05-01T04:00:00.000Z,1,3.4,1.9,0.596
2023-05-01T05:00:00.000Z,0.5,2.6,1.1,0.417
2023-05-01T06:00:00.000Z,0.5,3.4,1.6,0.755
2023-05-01T07:00:00.000Z,0.7,5.6,1.7,1.435
2023-05-01T08:00:00.000Z,2.4,7,3.8,1.145
2023-05-01T09:00:00.000Z,5,6.1,5.55,0.55
2023-05-02T22:00:00.000Z,21.6,26.8,24,2.365
2023-05-02T23:00:00.000Z,8.6,23.9,12.25,4.064
2023-05-03T00:00:00.000Z,9.5,24.9,12.2,2.945
2023-05-03T01:00:00.000Z,15,29.3,19.39,4.981
2023-05-03T02:00:00.000Z,8,17.4,13.1,2.772
2023-05-03T03:00:00.000Z,1.8,14.8,4.7,3.978
2023-05-03T04:00:00.000Z,0.8,3.2,1.6,0.615
2023-05-03T05:00:00.000Z,0.6,6.4,1.6,1.295
2023-05-03T06:00:00.000Z,0.6,4.6,1.4,0.952
2023-05-03T07:00:00.000Z,1.6,13.7,6.35,3.393
2023-05-03T08:00:00.000Z,3.7,9.6,6.55,1.515
2023-05-03T09:00:00.000Z,4.7,23.8,9,4.518
2023-05-03T10:00:00.000Z,6.9,34.9,11.2,6.65
2023-05-03T11:00:00.000Z,9.2,34.2,18.7,6.278
2023-05-03T12:00:00.000Z,5.1,24,12.75,4.923
2023-05-03T13:00:00.000Z,8.9,49.1,25.8,10.074
2023-05-03T14:00:00.000Z,5.4,45.2,17.45,11.044
2023-05-03T15:00:00.000Z,1.5,14.8,6.8,3.38
2023-05-03T16:00:00.000Z,1,11,3.2,3.545
2023-05-03T17:00:00.000Z,1.5,7.4,3.95,2.149
2023-05-03T18:00:00.000Z,1.3,33.6,6.25,9.365
2023-05-03T19:00:00.000Z,10.3,27.8,16.5,4.104
2023-05-03T20:00:00.000Z,11,48.7,31.1,10.319
2023-05-03T21:00:00.000Z,8.4,24.9,17,4.785
2023-05-03T22:00:00.000Z,8,25.1,15,4.707
2023-05-03T23:00:00.000Z,8,23.2,12.45,4.013
2023-05-04T00:00:00.000Z,4.1,19.8,10.95,3.571
2023-05-04T01:00:00.000Z,6.1,26.6,9.15,5.222
2023-05-04T02:00:00.000Z,9.2,30.4,18.2,6.124
2023-05-04T03:00:00.000Z,4,9.7,7.5,1.587
2023-05-04T04:00:00.000Z,2,7.4,3.5,1.631
2023-05-04T05:00:00.000Z,1,9,5.4,2.462
2023-05-04T06:00:00.000Z,0.3,5.3,2.6,1.247
2023-05-04T07:00:00.000Z,0.5,8.4,2.9,2.11
2023-05-04T08:00:00.000Z,1,5.5,2.1,1.194
2023-05-04T09:00:00.000Z,2.3,26.1,10.35,6.23
2023-05-04T10:00:00.000Z,20.2,49.2,27,8.446
2023-05-04T11:00:00.000Z,15.8,48.2,32.85,7.574
2023-05-04T12:00:00.000Z,3.6,31,9.19,6.969
2023-05-04T13:00:00.000Z,7.3,27,13.7,4.759
2023-05-04T14:00:00.000Z,5.5,27.1,13,5.912
2023-05-04T15:00:00.000Z,1,22.4,3.7,4.36
2023-05-04T16:00:00.000Z,1.7,38.1,5.8,8.889
2023-05-04T17:00:00.000Z,5.7,53,16.39,12.058
2023-05-04T18:00:00.000Z,5,17.6,9,3.747
2023-05-04T19:00:00.000Z,9.6,62.8,20.9,10.898
2023-05-04T20:00:00.000Z,4,28.1,8.3,4.607
2023-05-04T21:00:00.000Z,8.4,50,20.1,10.962
2023-05-04T22:00:00.000Z,4.8,12.2,7.55,2.33
2023-05-04T23:00:00.000Z,3.2,8.3,4.59,1.211
2023-05-05T00:00:00.000Z,3,6.2,4.3,0.869
2023-05-05T01:00:00.000Z,2.4,4.6,3.2,0.524
2023-05-05T02:00:00.000Z,1.5,4.5,2.2,0.607
2023-05-05T03:00:00.000Z,1.7,3.3,2.45,0.451
2023-05-05T04:00:00.000Z,0.9,2.3,1.4,0.391
2023-05-05T05:00:00.000Z,0.5,1.9,1.1,0.417
2023-05-05T06:00:00.000Z,0.3,1.6,0.9,0.304
2023-05-05T07:00:00.000Z,0.6,2.1,1,0.398
2023-05-05T08:00:00.000Z,1.6,5,2.95,0.862
2023-05-05T09:00:00.000Z,4.1,9.8,5.85,1.647
2023-05-05T10:00:00.000Z,6,22.7,12.95,4.668
2023-05-05T11:00:00.000Z,17.9,37.7,25.1,5.999
2023-05-05T12:00:00.000Z,17.8,39.1,25.35,4.601
2023-05-05T13:00:00.000Z,9.1,35.1,21.3,6.573
2023-05-05T14:00:00.000Z,5.9,23.3,13.4,4.512
2023-05-05T15:00:00.000Z,1.7,9.8,4.4,1.856
2023-05-05T16:00:00.000Z,2.1,10.4,4.09,1.59
2023-05-05T17:00:00.000Z,1.6,9.8,5.2,2.387
2023-05-05T18:00:00.000Z,1.5,10.6,3.9,1.975
2023-05-05T19:00:00.000Z,1.2,10.5,4.25,2.369
2023-05-05T20:00:00.000Z,1.2,18,2.6,3.841
2023-05-05T21:00:00.000Z,0.9,12.3,3.45,2.894
2023-05-05T22:00:00.000Z,3.2,6.4,4.75,0.806
2023-05-05T23:00:00.000Z,3.6,9.7,5.85,1.402
2023-05-06T00:00:00.000Z,2.5,17.2,4.15,3.333
2023-05-06T01:00:00.000Z,1.7,3.4,2.4,0.378
2023-05-06T02:00:00.000Z,1.7,12.4,3.2,2.247
2023-05-06T03:00:00.000Z,1.1,4.3,2,0.65
2023-05-06T04:00:00.000Z,1.2,2.3,1.7,0.289
2023-05-06T05:00:00.000Z,0.7,2.7,1.6,0.411
2023-05-06T06:00:00.000Z,1.3,7,2.9,1.322
2023-05-06T07:00:00.000Z,1.8,5.1,2.6,0.829
2023-05-06T08:00:00.000Z,1.8,5.3,3.7,1.018
2023-05-06T09:00:00.000Z,4.6,16,7.3,3.414
2023-05-06T10:00:00.000Z,10,32.8,16.1,6.296
2023-05-06T11:00:00.000Z,13.9,23.7,16.89,1.945
2023-05-06T12:00:00.000Z,5.7,18.7,8.8,3.762
2023-05-06T13:00:00.000Z,5.8,16.4,10.35,2.469
2023-05-06T14:00:00.000Z,2.6,10,3.9,2.166
2023-05-06T15:00:00.000Z,2.7,7,3.5,1.05
2023-05-06T16:00:00.000Z,2.1,10.1,5,1.875
2023-05-06T17:00:00.000Z,2.2,6.5,3.5,1.242
2023-05-06T18:00:00.000Z,2.4,9.7,3.1,2.178
2023-05-06T19:00:00.000Z,6,33.3,10.45,7.434
2023-05-06T20:00:00.000Z,5.2,16.8,9.19,2.493
2023-05-06T21:00:00.000Z,6.8,18.2,10,2.7
2023-05-06T22:00:00.000Z,6.1,36.8,13.85,8.164
2023-05-06T23:00:00.000Z,6.2,18.5,11.5,3.27
2023-05-07T00:00:00.000Z,3.3,7.7,4.2,1.252
2023-05-07T01:00:00.000Z,2.7,5.4,3.7,0.644
2023-05-07T02:00:00.000Z,3.3,7.4,5.09,1.102
2023-05-07T03:00:00.000Z,3.2,6.4,3.9,0.674
2023-05-07T04:00:00.000Z,3.5,6.5,4.05,0.623
2023-05-07T05:00:00.000Z,3.9,12.2,4.9,1.744
2023-05-07T06:00:00.000Z,5.3,10,7.2,1.06
2023-05-07T07:00:00.000Z,6.3,14.9,7.15,2.025
2023-05-07T08:00:00.000Z,6.6,10.9,8.6,1.235
2023-05-07T09:00:00.000Z,5.2,13.6,9.5,2.35
2023-05-07T10:00:00.000Z,3.4,27.1,6.2,6.211
2023-05-07T11:00:00.000Z,7.1,27.2,9.9,4.416
2023-05-07T12:00:00.000Z,9.9,17.8,11.6,2.165
2023-05-07T13:00:00.000Z,7.8,12.7,9.55,1.194
2023-05-07T14:00:00.000Z,7.5,14.6,9.69,1.847
2023-05-07T15:00:00.000Z,9.7,32.9,13.6,6.349
2023-05-07T16:00:00.000Z,11.1,22.6,12.85,2.568
2023-05-07T17:00:00.000Z,11.7,15.1,13.3,0.825
2023-05-07T18:00:00.000Z,14.9,25.3,16.45,3.085
2023-05-07T19:00:00.000Z,15.4,24.7,19.1,2.665
2023-05-07T20:00:00.000Z,10.4,22.4,17.1,2.451
2023-05-07T21:00:00.000Z,10.9,41.3,17.7,9.327
2023-05-07T22:00:00.000Z,10.6,50.1,21.8,12.942
2023-05-07T23:00:00.000Z,9.8,33.7,13.8,4.414
2023-05-08T00:00:00.000Z,13.5,25.6,18.5,3.313
2023-05-08T01:00:00.000Z,5.8,11.5,8.55,1.572
2023-05-08T02:00:00.000Z,4.3,8,5.9,0.887
2023-05-08T03:00:00.000Z,3.1,6,4.25,0.808
2023-05-08T04:00:00.000Z,3,11.2,4.5,1.663
2023-05-08T05:00:00.000Z,4,16.6,6.4,2.781
2023-05-08T06:00:00.000Z,4.3,28,5.09,6.669
2023-05-08T07:00:00.000Z,27.7,52.7,38.65,6.206
2023-05-08T08:00:00.000Z,45.6,58.2,48.65,3.687
2023-05-08T09:00:00.000Z,36,49.2,43,3.997
2023-05-08T10:00:00.000Z,20.5,794,35.4,196.826
2023-05-08T11:00:00.000Z,21.9,306.3,67.9,61.085
2023-05-08T12:00:00.000Z,13.6,31.9,18.7,5.194
2023-05-08T13:00:00.000Z,21.3,38.6,27.7,3.944
2023-05-08T14:00:00.000Z,30.5,43.3,34.29,3.132
2023-05-08T15:00:00.000Z,31.3,36.4,34,1.303
2023-05-08T16:00:00.000Z,30.1,33.4,31.8,0.83
2023-05-08T17:00:00.000Z,29.4,35.7,34.29,1.572
2023-05-08T18:00:00.000Z,34,37.2,35.9,0.76
2023-05-08T19:00:00.000Z,37.3,47.4,44.6,2.918
2023-05-08T20:00:00.000Z,47,52,48.8,1.146
2023-05-08T21:00:00.000Z,47.2,51.9,48.2,1.294
2023-05-08T22:00:00.000Z,45.8,49.8,47.7,1.043
2023-05-08T23:00:00.000Z,41.8,55,49.3,3.029
2023-05-09T00:00:00.000Z,37.6,51.5,43.3,3.993
2023-05-09T01:00:00.000Z,35.9,55.2,49.9,4.386
2023-05-09T02:00:00.000Z,41.8,66.5,45.15,6.541
2023-05-09T03:00:00.000Z,34.6,53.4,38.6,4.481
2023-05-09T04:00:00.000Z,26.5,35.1,29.95,2.452
2023-05-09T05:00:00.000Z,25,29.8,28,1.278
2023-05-09T06:00:00.000Z,10.8,24.1,18.39,3.201
2023-05-09T07:00:00.000Z,9.4,20.7,14.45,3.756
2023-05-09T08:00:00.000Z,8.6,19.5,10.3,3.426
2023-05-09T09:00:00.000Z,8,13.5,9.8,1.32
2023-05-09T10:00:00.000Z,11.1,32.1,22.8,4.634
2023-05-09T11:00:00.000Z,15.3,32.9,23,5.258
2023-05-09T12:00:00.000Z,15.6,30.5,20,4.12
2023-05-09T13:00:00.000Z,15.7,31.8,24.9,5.818
2023-05-09T14:00:00.000Z,17.3,27.9,24.05,2.194
2023-05-09T15:00:00.000Z,18.4,30.4,25.4,3.995
2023-05-09T16:00:00.000Z,28,31.1,29.7,1.034
2023-05-09T17:00:00.000Z,31.2,41.1,38,2.203
2023-05-09T18:00:00.000Z,34.8,40.5,36.79,1.71
2023-05-09T19:00:00.000Z,32,39.1,34.5,1.935
2023-05-09T20:00:00.000Z,30.6,38.1,32.79,2.4
2023-05-09T21:00:00.000Z,28.7,36.4,33.5,2.39
2023-05-09T22:00:00.000Z,34.3,40.8,37.6,1.551
2023-05-09T23:00:00.000Z,26.9,216.8,35.2,46.549
2023-05-10T00:00:00.000Z,25.4,560.2,150.25,153.002
2023-05-10T01:00:00.000Z,12.3,34.7,22.9,7.884
2023-05-10T02:00:00.000Z,9.2,34.7,27.85,7.317
2023-05-10T03:00:00.000Z,3.3,17.3,9.85,4.136
2023-05-10T04:00:00.000Z,1.5,2.6,1.9,0.253
2023-05-10T05:00:00.000Z,1.3,7.4,2.9,1.563
2023-05-10T06:00:00.000Z,2.2,5,3.1,0.737
2023-05-10T07:00:00.000Z,1.9,12.3,4.9,2.293
2023-05-10T08:00:00.000Z,7.7,21,14.6,3.174
2023-05-10T09:00:00.000Z,11.3,37.7,17.1,5.893
2023-05-10T10:00:00.000Z,16.3,137.6,30.05,33.265
2023-05-10T11:00:00.000Z,35,84,42.6,11.536
2023-05-10T12:00:00.000Z,40.3,110.5,49.65,21.024
2023-05-10T13:00:00.000Z,49.4,60.1,55.1,2.572
2023-05-10T14:00:00.000Z,49.4,54.1,50.95,1.239
2023-05-10T15:00:00.000Z,50.2,54.6,51.8,1.235
2023-05-10T16:00:00.000Z,46.7,66.7,49.8,4.15
2023-05-10T17:00:00.000Z,58.9,112.7,72.4,16.358
2023-05-10T18:00:00.000Z,45.3,62.1,47,5.406
2023-05-10T19:00:00.000Z,37.1,56.5,41.8,4.311
2023-05-10T20:00:00.000Z,33.1,42.9,35.1,2.597
2023-05-10T21:00:00.000Z,35.7,47.2,41.05,2.487
2023-05-10T22:00:00.000Z,34.9,46.9,37.7,3.309
2023-05-10T23:00:00.000Z,36.4,44.2,40.65,1.513
2023-05-11T00:00:00.000Z,43.1,121.3,49.9,13.56
2023-05-11T01:00:00.000Z,52.1,75.6,57.5,4.695
2023-05-11T02:00:00.000Z,28.2,57,49.8,7.153
2023-05-11T03:00:00.000Z,13,59.5,40.1,15.244
2023-05-11T04:00:00.000Z,8.4,20.6,12.1,3.099
2023-05-11T05:00:00.000Z,6.4,10.5,7.35,1.158
2023-05-11T06:00:00.000Z,6.4,13.6,11.4,1.833
2023-05-11T07:00:00.000Z,3.2,12.2,7.9,2.878
2023-05-11T08:00:00.000Z,2.4,9.6,3.5,2.288
2023-05-11T09:00:00.000Z,4,9.4,5.3,1.197
2023-05-11T10:00:00.000Z,7.4,39.4,18.6,9.848
2023-05-11T11:00:00.000Z,14.7,93.9,27.7,20.876
2023-05-11T12:00:00.000Z,20.8,52.1,27.6,7.534
2023-05-11T13:00:00.000Z,7.4,40.1,22.2,9.066
2023-05-11T14:00:00.000Z,5.9,9.4,7.5,0.77
2023-05-11T15:00:00.000Z,8.2,30.4,13.3,5.277
2023-05-11T16:00:00.000Z,6.5,11,8.9,1.217
2023-05-11T17:00:00.000Z,5.2,14.7,8.3,2.961
2023-05-11T18:00:00.000Z,5.7,23.5,7.6,5.755
2023-05-11T19:00:00.000Z,7.2,37.8,13.15,5.871
2023-05-11T20:00:00.000Z,10,76.2,23.25,21.051
2023-05-11T21:00:00.000Z,15.4,28.9,22.7,3.041
2023-05-11T22:00:00.000Z,26.5,131.4,34.5,18.495
2023-05-11T23:00:00.000Z,30.9,357.1,69.4,85.705
2023-05-12T00:00:00.000Z,24.9,814.4,47.3,152.017
2023-05-12T01:00:00.000Z,18.8,39.4,25.4,6.202
2023-05-12T02:00:00.000Z,11.8,30.3,19.64,5.576
2023-05-12T03:00:00.000Z,5.4,13.2,8.3,1.544
2023-05-12T04:00:00.000Z,4.4,11.7,5.9,2.348
2023-05-12T05:00:00.000Z,3.3,7.4,5,0.812
2023-05-12T06:00:00.000Z,1.6,5.9,3.4,1.337
2023-05-12T07:00:00.000Z,3.6,10.1,6.9,1.811
2023-05-12T08:00:00.000Z,3.2,10.8,4.9,2.469
2023-05-12T09:00:00.000Z,3.4,19.1,8.19,4.761
2023-05-12T10:00:00.000Z,9,38.1,14.75,8.318
2023-05-12T11:00:00.000Z,24.7,58,37.9,9.352
2023-05-12T12:00:00.000Z,9,26.5,16,5.635
2023-05-12T13:00:00.000Z,9,30.8,17.1,5.398
2023-05-12T14:00:00.000Z,9.2,23.4,10.85,3.664
2023-05-12T15:00:00.000Z,8.3,27.6,17.39,5.492
2023-05-12T16:00:00.000Z,16.9,41.9,22.4,7.151
2023-05-12T17:00:00.000Z,14.9,41.5,24.65,7.922
2023-05-12T18:00:00.000Z,13.5,49.8,25.3,10.521
2023-05-12T19:00:00.000Z,29.1,117.3,42.6,27.047
2023-05-12T20:00:00.000Z,28.7,49.2,34,5.665
2023-05-12T21:00:00.000Z,13,30.7,16.8,3.652
2023-05-12T22:00:00.000Z,17.5,46.1,33.45,7.257
2023-05-12T23:00:00.000Z,18.1,42.2,32.79,6.126
2023-05-13T00:00:00.000Z,9.5,34,24.8,6.227
2023-05-13T01:00:00.000Z,7.5,12.4,8.5,1.105
2023-05-13T02:00:00.000Z,5.7,12.7,7.7,1.653
2023-05-13T03:00:00.000Z,5,13.3,6.95,1.962
2023-05-13T04:00:00.000Z,5.2,13.9,7.7,2.278
2023-05-13T05:00:00.000Z,5.7,17,8.9,3.248
2023-05-13T06:00:00.000Z,4.7,24.9,10.4,5.574
2023-05-13T07:00:00.000Z,14.9,25.6,19.6,2.963
2023-05-13T08:00:00.000Z,19.7,27.7,24.1,2.135
2023-05-13T09:00:00.000Z,17.7,27.2,21.2,2.769
2023-05-13T10:00:00.000Z,16.7,44.1,27.55,9.538
2023-05-13T11:00:00.000Z,12.3,44.9,25.4,12.443
2023-05-13T12:00:00.000Z,9.5,19.3,11.15,2.162
2023-05-13T13:00:00.000Z,6.7,17.4,8.6,2.677
2023-05-13T14:00:00.000Z,6,22.7,10.6,4.258
2023-05-13T15:00:00.000Z,6.4,11.2,7.95,1.316
2023-05-13T16:00:00.000Z,7.2,33.5,11.9,7.431
2023-05-13T17:00:00.000Z,8.8,36.3,17.6,8.547
2023-05-13T18:00:00.000Z,12.6,55.9,36.9,10.818
2023-05-13T19:00:00.000Z,19.6,47.6,41.7,8.928
2023-05-13T20:00:00.000Z,17.4,38.8,24.7,6.83
2023-05-13T21:00:00.000Z,30.8,42.9,32.4,2.911
2023-05-13T22:00:00.000Z,29.1,42,32.65,3.104
2023-05-13T23:00:00.000Z,13.6,44.6,20.6,7.561
2023-05-14T00:00:00.000Z,14.4,29.2,19.2,3.262
2023-05-14T01:00:00.000Z,9.6,17.8,12.45,2.741
2023-05-14T02:00:00.000Z,12.1,47,31.7,10.84
2023-05-14T03:00:00.000Z,37.1,76.6,45.4,8.318
2023-05-14T04:00:00.000Z,41.6,84.6,54,8.414
2023-05-14T05:00:00.000Z,33,42.7,37.9,2.677
2023-05-14T06:00:00.000Z,20.3,35,22.8,3.171
2023-05-14T07:00:00.000Z,23,32.2,29.4,2.608
2023-05-14T08:00:00.000Z,25.7,35.8,31.8,2.902
2023-05-14T09:00:00.000Z,22.6,26.5,23.9,1
2023-05-14T10:00:00.000Z,24.7,51.5,29.25,4.752
2023-05-14T11:00:00.000Z,32.9,44.4,36.65,2.376
2023-05-14T12:00:00.000Z,36.5,42.9,39.25,1.88
2023-05-14T13:00:00.000Z,27.8,37.1,30.1,2.469
2023-05-14T14:00:00.000Z,25.2,30.4,27.85,1.257
2023-05-14T15:00:00.000Z,24.8,27,25.85,0.505
2023-05-14T16:00:00.000Z,23.6,31.8,29,2.155
2023-05-14T17:00:00.000Z,20.6,24.6,21.8,1.102
2023-05-14T18:00:00.000Z,23.1,27,24.3,0.929
2023-05-14T19:00:00.000Z,26.1,35,30.55,2.127
2023-05-14T20:00:00.000Z,22.3,36.2,31.9,5.021
2023-05-14T21:00:00.000Z,24.1,35.2,31.15,3.114
2023-05-14T22:00:00.000Z,21.3,36.2,31.9,3.806
2023-05-14T23:00:00.000Z,10.3,23,11.9,3.516
2023-05-15T00:00:00.000Z,9.8,21.4,12.6,2.226
2023-05-15T01:00:00.000Z,13,23.5,17.65,2.681
2023-05-15T02:00:00.000Z,18.8,28.5,25.4,2.728
2023-05-15T03:00:00.000Z,27.6,35.1,30.5,1.959
2023-05-15T04:00:00.000Z,30.6,35.4,33.8,1.276
2023-05-15T05:00:00.000Z,17.3,31,26.25,2.949
2023-05-15T06:00:00.000Z,13,21.4,16.7,2.678
2023-05-15T07:00:00.000Z,10.2,15.2,13.45,1.295
2023-05-15T08:00:00.000Z,7.3,10.3,8.25,0.78
2023-05-15T09:00:00.000Z,8.9,20.1,10,2.954
2023-05-15T10:00:00.000Z,10.5,55.3,13.65,14.379
2023-05-15T11:00:00.000Z,9.8,46.4,24.8,9.769
2023-05-15T12:00:00.000Z,10.6,18.1,12.55,2.29
2023-05-15T13:00:00.000Z,9.7,23.5,11.2,2.653
2023-05-15T14:00:00.000Z,9.4,17.2,14.4,2.452
2023-05-15T15:00:00.000Z,15.4,18.3,16.55,0.688
2023-05-15T16:00:00.000Z,15.1,16.4,15.5,0.544