# Sensor 8 Forbestown, Taguig, Philippines (Purple Air/134160)
# https://aqicn.org/station/@248974/
# Hourly pm25
date,min,max,median,stddev
2023-02-13T00:00:00.000Z,6.3,31.9,19.89,7.836
2023-02-13T01:00:00.000Z,10.6,30.1,20.3,5.798
2023-02-13T02:00:00.000Z,19.6,30.5,26.6,2.946
2023-02-13T03:00:00.000Z,17.3,30.8,21.5,4.075
2023-02-13T04:00:00.000Z,18.5,25.9,23.6,1.836
2023-02-13T05:00:00.000Z,0.5,20.5,16.89,5.258
2023-02-13T06:00:00.000Z,0,3.3,0.85,1.002
2023-02-13T07:00:00.000Z,0,7.8,3.35,2.159
2023-02-13T08:00:00.000Z,0.1,5.1,1.7,1.611
2023-02-13T09:00:00.000Z,4.5,8.8,5.8,1.027
2023-02-13T10:00:00.000Z,3.6,9.3,4.59,1.308
2023-02-13T11:00:00.000Z,9.7,28.9,26.75,7.316
2023-02-13T12:00:00.000Z,23.8,28.9,28,1.333
2023-02-13T13:00:00.000Z,5.8,23.3,7,6.094
2023-02-13T14:00:00.000Z,2.1,7,4.59,1.268
2023-02-13T15:00:00.000Z,3.9,15,6.9,3.338
2023-02-13T16:00:00.000Z,4.1,5.6,4.8,0.406
2023-02-13T17:00:00.000Z,4.8,13.5,5.7,2.482
2023-02-13T18:00:00.000Z,9.2,16.4,11.75,2.081
2023-02-13T19:00:00.000Z,8.4,23.8,12.45,3.358
2023-02-13T20:00:00.000Z,13.8,19.3,17.55,1.214
2023-02-13T21:00:00.000Z,8,31.7,23.05,8.023
2023-02-13T22:00:00.000Z,17.2,32.2,27,4.173
2023-02-13T23:00:00.000Z,25.1,41.9,35.9,5.486
2023-02-14T00:00:00.000Z,30.9,42.7,40.1,2.437
2023-02-14T01:00:00.000Z,33.6,43,38.1,1.927
2023-02-14T02:00:00.000Z,43.7,55.3,50.4,3.477
2023-02-14T03:00:00.000Z,36.4,53.7,40.9,4.923
2023-02-14T04:00:00.000Z,25.2,55.6,41,8.583
2023-02-14T05:00:00.000Z,17.8,27,23.2,2.807
2023-02-14T06:00:00.000Z,2.7,14.9,6.3,2.365
2023-02-14T07:00:00.000Z,2.5,18.7,4.9,4.932
2023-02-14T08:00:00.000Z,5.1,31.8,29.3,7.811
2023-02-14T09:00:00.000Z,6.3,28.6,14.9,8.255
2023-02-14T10:00:00.000Z,6.8,23.9,10.19,5.345
2023-02-14T11:00:00.000Z,14.2,29.1,21.35,4.564
2023-02-14T12:00:00.000Z,11.6,27.9,20.7,4.194
2023-02-14T13:00:00.000Z,7.9,12.2,9.5,0.942
2023-02-14T14:00:00.000Z,8.4,21.7,12.35,4.276
2023-02-14T15:00:00.000Z,6.7,22.7,16.95,4.844
2023-02-14T16:00:00.000Z,2,16.4,3.25,3.941
2023-02-14T17:00:00.000Z,6.9,18.7,11.85,3.189
2023-02-14T18:00:00.000Z,1.1,7.4,2.8,1.992
2023-02-14T19:00:00.000Z,1,4.6,2.5,0.928
2023-02-14T20:00:00.000Z,2.2,10.8,5.3,2.062
2023-02-14T21:00:00.000Z,3.9,19.6,8.75,4.791
2023-02-14T22:00:00.000Z,4.3,30.5,20.55,8.882
2023-02-14T23:00:00.000Z,21,33.8,27,4.144
2023-02-15T00:00:00.000Z,21.2,29.7,25.8,2.384
2023-02-15T01:00:00.000Z,11.5,21.7,17.3,2.475
2023-02-15T02:00:00.000Z,0.4,16.8,8.05,4.309
2023-02-15T03:00:00.000Z,0.1,1.2,0.5,0.269
2023-02-15T04:00:00.000Z,0,1,0.35,0.329
2023-02-15T05:00:00.000Z,0,0.4,0.1,0.118
2023-02-15T06:00:00.000Z,0,0.3,0.1,0.094
2023-02-15T07:00:00.000Z,0,0.1,0.05,0.05
2023-02-15T08:00:00.000Z,0,0.3,0.1,0.107
2023-02-15T09:00:00.000Z,0.1,2.5,0.9,0.699
2023-02-15T10:00:00.000Z,1.7,7.5,4.9,1.929
2023-02-15T11:00:00.000Z,5.9,18.6,9.9,3.775
2023-02-15T12:00:00.000Z,7.4,14,9.75,1.896
2023-02-15T13:00:00.000Z,5.4,12.4,7.55,1.716
2023-02-15T14:00:00.000Z,4.4,6.8,5.65,0.518
2023-02-15T15:00:00.000Z,2.1,7.1,5.3,1.318
2023-02-15T16:00:00.000Z,0.8,4.1,2.1,0.713
2023-02-15T17:00:00.000Z,1.6,4.4,2.8,0.667
2023-02-15T18:00:00.000Z,0.5,4.7,1.7,1.37
2023-02-15T19:00:00.000Z,2.5,5.7,4.09,0.952
2023-02-15T20:00:00.000Z,0.3,3.4,1.5,0.753
2023-02-15T21:00:00.000Z,5.8,30.8,26,7.318
2023-02-15T22:00:00.000Z,7.6,22.9,15.1,5.183
2023-02-15T23:00:00.000Z,3.7,15.8,9.1,3.101
2023-02-16T00:00:00.000Z,2.8,5.6,3.8,0.64
2023-02-16T01:00:00.000Z,3.4,16.9,11.8,3.388
2023-02-16T02:00:00.000Z,0,14.1,1.2,3.926
2023-02-16T03:00:00.000Z,0.4,15.2,3.8,5.264
2023-02-16T04:00:00.000Z,0.6,5.3,1.7,1.093
2023-02-16T05:00:00.000Z,0.6,2.6,1.4,0.517
2023-02-16T06:00:00.000Z,1.2,6.3,2.4,1.096
2023-02-16T07:00:00.000Z,1.3,3.9,2.9,0.664
2023-02-16T08:00:00.000Z,2.3,4.2,2.9,0.576
2023-02-16T09:00:00.000Z,3.2,5.6,4.4,0.62
2023-02-16T10:00:00.000Z,4.4,10.4,7,1.293
2023-02-16T11:00:00.000Z,6.3,8,7.1,0.433
2023-02-16T12:00:00.000Z,6.8,18,9,3.92
2023-02-16T13:00:00.000Z,5.3,8.5,6.9,0.898
2023-02-16T14:00:00.000Z,5.1,11,6.5,1.422
2023-02-16T15:00:00.000Z,6.5,9.5,7.6,0.756
2023-02-16T16:00:00.000Z,5.2,15.5,7,2.442
2023-02-16T17:00:00.000Z,3.9,7.7,5,1.315
2023-02-16T18:00:00.000Z,2.5,7.3,3.8,1.166
2023-02-16T19:00:00.000Z,5.6,17.5,13.9,4.282
2023-02-16T20:00:00.000Z,16.2,19.7,17.55,0.911
2023-02-16T21:00:00.000Z,16.1,21.6,18.5,1.146
2023-02-16T22:00:00.000Z,8.5,20.5,17.5,3.423
2023-02-16T23:00:00.000Z,9.4,27.2,21.9,3.865
2023-02-17T00:00:00.000Z,8,19.3,17.1,2.649
2023-02-17T01:00:00.000Z,4.3,19.5,7.7,4.345
2023-02-17T02:00:00.000Z,2.6,12,4.4,2.733
2023-02-17T03:00:00.000Z,2.8,4.8,3.7,0.502
2023-02-17T04:00:00.000Z,2.3,3.8,3.1,0.388
2023-02-17T05:00:00.000Z,2.3,14.3,3.65,3.218
2023-02-17T06:00:00.000Z,2.2,5,3.1,0.686
2023-02-17T07:00:00.000Z,2.4,4,3.2,0.433
2023-02-17T08:00:00.000Z,2.9,4.9,3.85,0.485
2023-02-17T09:00:00.000Z,3.9,5.4,4.5,0.417
2023-02-17T10:00:00.000Z,4.4,10.7,6.65,1.709
2023-02-17T11:00:00.000Z,7.6,18,10.7,2.125
2023-02-17T12:00:00.000Z,7.1,27.6,18.3,7.656
2023-02-17T13:00:00.000Z,10.3,24.3,20.8,3.411
2023-02-17T14:00:00.000Z,6.4,10.7,7.4,1.087
2023-02-17T15:00:00.000Z,7.5,13.4,9.3,1.038
2023-02-17T16:00:00.000Z,9.6,16.9,12.6,1.789
2023-02-17T17:00:00.000Z,7.8,14.1,10,1.658
2023-02-17T18:00:00.000Z,8.8,19.7,14.25,3.377
2023-02-17T19:00:00.000Z,8.1,14.8,10.35,1.677
2023-02-17T20:00:00.000Z,11.3,26.7,20.6,3.801
2023-02-17T21:00:00.000Z,25.6,32.6,28.8,2.24
2023-02-17T22:00:00.000Z,24.8,28.6,26.5,0.961
2023-02-17T23:00:00.000Z,24.9,30.6,29,1.626
2023-02-18T00:00:00.000Z,16.3,29.5,24.7,3.995
2023-02-18T01:00:00.000Z,21.7,34.7,31,3.931
2023-02-18T02:00:00.000Z,25,34.4,29.15,2.969
2023-02-18T03:00:00.000Z,20.2,30,24.95,2.569
2023-02-18T04:00:00.000Z,4.9,29,25,5.399
2023-02-18T05:00:00.000Z,0.8,5.3,3.4,1.605
2023-02-18T06:00:00.000Z,0,3,0.3,0.897
2023-02-18T07:00:00.000Z,0,0.2,0,0.073
2023-02-18T08:00:00.000Z,0,32.2,0.65,7.263
2023-02-18T09:00:00.000Z,0.2,36.6,1.9,9.043
2023-02-18T10:00:00.000Z,0.7,5.8,1.55,1.209
2023-02-18T11:00:00.000Z,3.8,10.3,5.2,1.242
2023-02-18T12:00:00.000Z,1.7,8.8,3.1,1.25
2023-02-18T13:00:00.000Z,1.5,4,2.7,0.716
2023-02-18T14:00:00.000Z,0.2,2.8,1.6,0.686
2023-02-18T15:00:00.000Z,0,1.2,0.2,0.267
2023-02-18T16:00:00.000Z,0,0.1,0,0.049
2023-02-18T19:00:00.000Z,0,2.4,0.2,0.7
2023-02-18T20:00:00.000Z,0.1,6,2.15,1.629
2023-02-18T21:00:00.000Z,4.5,8.4,6.8,0.914
2023-02-18T22:00:00.000Z,7,11,8.94,1.058
2023-02-18T23:00:00.000Z,7.4,16.7,10.3,2.044
2023-02-19T00:00:00.000Z,9.8,20.3,16.39,3.319
2023-02-19T01:00:00.000Z,18.2,32.7,25.2,4.041
2023-02-19T02:00:00.000Z,32.7,45,40.2,3.66
2023-02-19T03:00:00.000Z,39.6,55.4,46.15,3.492
2023-02-19T04:00:00.000Z,25.8,58.2,31.2,7.53
2023-02-19T05:00:00.000Z,25.1,34.1,30.8,2.078
2023-02-19T06:00:00.000Z,24.1,37.1,32.04,3.656
2023-02-19T07:00:00.000Z,30.1,47,43,4.823
2023-02-19T08:00:00.000Z,39.9,49.6,44.2,2.996
2023-02-19T09:00:00.000Z,35.9,41.6,38.6,1.443
2023-02-19T10:00:00.000Z,39.1,42.8,40.9,0.952
2023-02-19T11:00:00.000Z,38.7,40.5,39.7,0.495
2023-02-19T12:00:00.000Z,41.5,51.7,47.8,3.574
2023-02-19T13:00:00.000Z,41.7,49,44.8,1.906
2023-02-19T14:00:00.000Z,29.5,44.9,39.1,4.064
2023-02-19T15:00:00.000Z,38.5,44.1,41.5,1.283
2023-02-19T16:00:00.000Z,39,45.2,43.4,1.371
2023-02-19T17:00:00.000Z,38.8,44.1,41.1,1.15
2023-02-19T18:00:00.000Z,43.8,49.9,47.6,1.637
2023-02-19T19:00:00.000Z,37.5,51,41.6,4.215
2023-02-19T20:00:00.000Z,44.1,49.8,45.8,1.858
2023-02-19T21:00:00.000Z,43.5,49.7,47,1.718
2023-02-19T22:00:00.000Z,39.9,43.6,41.75,0.849
2023-02-19T23:00:00.000Z,43.5,54.5,50.15,2.592
2023-02-20T00:00:00.000Z,42.4,49.1,46.5,2.258
2023-02-20T01:00:00.000Z,43.6,50.3,47.3,2.243
2023-02-20T02:00:00.000Z,37.5,47.6,43.75,2.379
2023-02-20T03:00:00.000Z,14.8,38,28,6.254
2023-02-20T04:00:00.000Z,13.2,31.9,23.1,4.798
2023-02-20T05:00:00.000Z,17.5,28.3,21.4,3.122
2023-02-20T06:00:00.000Z,9.8,47.8,43.1,13.027
2023-02-20T07:00:00.000Z,33.1,41.9,36.25,3.013
2023-02-20T08:00:00.000Z,30.4,38,31.9,2.765
2023-02-20T09:00:00.000Z,18.5,43.2,37.7,8.132
2023-02-20T10:00:00.000Z,17.5,42.5,32.54,8.885
2023-02-20T11:00:00.000Z,15.3,31.5,24.15,4.147
2023-02-20T12:00:00.000Z,14.1,26.6,20.55,3.527
2023-02-20T13:00:00.000Z,6.4,15.3,8.6,2.404
2023-02-20T14:00:00.000Z,0.8,5,2.15,0.965
2023-02-20T15:00:00.000Z,3.3,8.8,4.7,1.644
2023-02-20T16:00:00.000Z,4.9,11.4,6.6,2.043
2023-02-20T17:00:00.000Z,6.1,8.6,7,0.661
2023-02-20T18:00:00.000Z,7.4,11.1,9.1,0.899
2023-02-20T19:00:00.000Z,9.3,16.5,14.2,1.746
2023-02-20T20:00:00.000Z,8.4,15.8,10.25,1.921
2023-02-20T21:00:00.000Z,10.6,31.4,18.05,6.59
2023-02-20T22:00:00.000Z,27.9,42.3,38.75,4.635
2023-02-20T23:00:00.000Z,42,49.8,48.6,2.213
2023-02-21T00:00:00.000Z,40.1,53.3,45.55,2.974
2023-02-21T01:00:00.000Z,36.5,55.4,43.7,6.02
2023-02-21T02:00:00.000Z,30.2,38.9,34.5,2.24
2023-02-21T03:00:00.000Z,34.9,40.6,37,1.528
2023-02-21T04:00:00.000Z,25.1,43.4,40.65,4.354
2023-02-21T05:00:00.000Z,28.5,38.6,33.79,2.575
2023-02-21T06:00:00.000Z,0,31.8,2.04,12.403
2023-02-21T07:00:00.000Z,0,0.2,0.05,0.075
2023-02-21T08:00:00.000Z,0,5.6,2.8,1.692
2023-02-21T09:00:00.000Z,4.5,13.2,7.4,2.464
2023-02-21T10:00:00.000Z,12.3,34.9,25.2,7.024
2023-02-21T11:00:00.000Z,28.9,32.9,31.75,1.461
2023-02-21T12:00:00.000Z,23.7,29.9,28.7,1.663
2023-02-21T13:00:00.000Z,7.9,28.6,25.1,7.305
2023-02-21T14:00:00.000Z,2.2,8.2,3.5,1.983
2023-02-21T15:00:00.000Z,1.6,4.3,2.7,0.747
2023-02-21T16:00:00.000Z,0.6,2.5,1.6,0.597
2023-02-21T17:00:00.000Z,0.6,3,1.7,0.682
2023-02-21T18:00:00.000Z,1.1,5.3,1.8,0.862
2023-02-21T19:00:00.000Z,0.2,2.4,1.05,0.656
2023-02-21T20:00:00.000Z,1,4.4,2.29,0.989
2023-02-21T21:00:00.000Z,2.7,4.9,4,0.661
2023-02-21T22:00:00.000Z,1.2,10.6,4.3,2.595
2023-02-21T23:00:00.000Z,5.4,37,18.5,10.365
2023-02-22T00:00:00.000Z,26.5,38.1,30.65,3.405
2023-02-22T01:00:00.000Z,24.1,35.7,26.8,2.473
2023-02-22T02:00:00.000Z,26.8,38.8,33,3.2
2023-02-22T03:00:00.000Z,23.5,39.4,28.65,5.072
2023-02-22T04:00:00.000Z,27.3,31,29.2,0.922
2023-02-22T05:00:00.000Z,28,32.2,30.4,1.125
2023-02-22T06:00:00.000Z,8.3,29.2,26.6,5.265
2023-02-22T07:00:00.000Z,16,25.9,23.4,2.973
2023-02-22T08:00:00.000Z,0.9,18.4,17.05,5.17
2023-02-22T09:00:00.000Z,0.4,2.6,1.2,0.589
2023-02-22T10:00:00.000Z,0.2,5.6,2.1,1.814
2023-02-22T11:00:00.000Z,6.2,16.9,10.3,3.067
2023-02-22T12:00:00.000Z,2.9,10.1,5.9,1.829
2023-02-22T13:00:00.000Z,4,6.7,4.9,0.648
2023-02-22T14:00:00.000Z,2.4,5.6,4.4,0.946
2023-02-22T15:00:00.000Z,0.4,6.1,2.1,1.354
2023-02-22T16:00:00.000Z,0.1,2.6,1.2,0.631
2023-02-22T17:00:00.000Z,0.4,2.3,1.35,0.488
2023-02-22T18:00:00.000Z,0.8,5,3,1.088
2023-02-22T19:00:00.000Z,4.1,5.8,5,0.446
2023-02-22T20:00:00.000Z,5.7,15.9,12,3.015
2023-02-22T21:00:00.000Z,9.3,20.3,13.45,2.981
2023-02-22T22:00:00.000Z,16.6,25.5,18.8,2.694
2023-02-22T23:00:00.000Z,27.9,40,32.1,4.369
2023-02-23T00:00:00.000Z,28.6,44.8,37,3.291
2023-02-23T01:00:00.000Z,32.4,45,39.79,3.49
2023-02-23T02:00:00.000Z,37.1,53.6,46.1,3.821
2023-02-23T03:00:00.000Z,50.1,76.1,65.84,7.643
2023-02-23T04:00:00.000Z,70.9,84,76.75,2.912
2023-02-23T05:00:00.000Z,32,78,48,13.278
2023-02-23T06:00:00.000Z,23.2,30.4,26.6,1.916
2023-02-23T07:00:00.000Z,12.5,26,19.7,3.512
2023-02-23T08:00:00.000Z,17.9,30.2,21.6,3.766
2023-02-23T09:00:00.000Z,30.6,36.1,34.5,1.113
2023-02-23T10:00:00.000Z,20.4,34.7,25.8,3.595
2023-02-23T11:00:00.000Z,24.5,31.7,28.4,2.27
2023-02-23T12:00:00.000Z,24.7,37.6,33.25,3.567
2023-02-23T13:00:00.000Z,25.7,41.8,32.4,3.304
2023-02-23T14:00:00.000Z,33.4,46.8,36,4.41
2023-02-23T15:00:00.000Z,47.6,71.5,62.5,7.911
2023-02-23T16:00:00.000Z,47.6,63.6,57.75,4.117
2023-02-23T17:00:00.000Z,32.5,41.7,39,3.24
2023-02-23T18:00:00.000Z,26.4,33.2,29.6,2.295
2023-02-23T19:00:00.000Z,24.6,27.2,25.85,0.501
2023-02-23T20:00:00.000Z,24.6,26.8,25.4,0.592
2023-02-23T21:00:00.000Z,22.4,26.9,25.55,1.288
2023-02-23T22:00:00.000Z,22.9,27,24.5,1.083
2023-02-23T23:00:00.000Z,25.9,36.8,29.1,2.952
2023-02-24T00:00:00.000Z,37,50.4,43.7,4.609
2023-02-24T01:00:00.000Z,49.7,55.5,53.7,1.61
2023-02-24T02:00:00.000Z,56.4,88.5,73.4,9.836
2023-02-24T03:00:00.000Z,78.2,93.3,88,4.19
2023-02-24T04:00:00.000Z,52.7,82.8,71.09,8.141
2023-02-24T05:00:00.000Z,52,59.9,56.2,2.235
2023-02-24T06:00:00.000Z,55.3,63.1,59.65,1.94
2023-02-24T07:00:00.000Z,57.8,65.7,62.05,2.292
2023-02-24T08:00:00.000Z,53.3,63.5,60.05,3.299
2023-02-24T09:00:00.000Z,25.9,55.5,36.2,8.539
2023-02-24T10:00:00.000Z,11.5,21.4,16.95,2.179
2023-02-24T11:00:00.000Z,16.8,23.7,19.2,1.852
2023-02-24T12:00:00.000Z,11.1,21.8,17.45,3.038
2023-02-24T13:00:00.000Z,5,11.4,7.1,1.537
2023-02-24T14:00:00.000Z,19.5,36.8,26.5,3.727
2023-02-24T15:00:00.000Z,21.6,27.6,23.7,1.416
2023-02-24T16:00:00.000Z,18.6,26.2,21.7,2.381
2023-02-24T17:00:00.000Z,14.8,19.2,17.39,1.24
2023-02-24T18:00:00.000Z,15.8,18.4,17,0.608
2023-02-24T19:00:00.000Z,15.7,21.2,17.45,1.033
2023-02-24T20:00:00.000Z,8.1,18.3,11.2,2.987
2023-02-24T21:00:00.000Z,12,21.3,18.5,2.423
2023-02-24T22:00:00.000Z,9.3,19.5,14.4,3.465
2023-02-24T23:00:00.000Z,5.3,12.1,7.75,1.922
2023-02-25T00:00:00.000Z,5.1,17.6,14.6,4.333
2023-02-25T01:00:00.000Z,10.4,18.5,16.7,2.197
2023-02-25T02:00:00.000Z,12.7,35.3,28.8,6.961
2023-02-25T03:00:00.000Z,24.3,38.6,35.29,3.712
2023-02-25T04:00:00.000Z,1.2,23,7.1,7.63
2023-02-25T05:00:00.000Z,0,2.2,0.8,0.528
2023-02-25T06:00:00.000Z,0.1,10.4,3.9,2.894
2023-02-25T07:00:00.000Z,0,0,0,0
2023-02-25T08:00:00.000Z,0.1,1.9,0.7,0.444
2023-02-25T09:00:00.000Z,0,6.7,3.4,2.316
2023-02-25T10:00:00.000Z,4.3,19.2,10.1,4.643
2023-02-25T11:00:00.000Z,8.8,20.9,18,3.545
2023-02-25T12:00:00.000Z,3.4,9.3,5.55,1.68
2023-02-25T13:00:00.000Z,0.1,4.5,1.14,0.977
2023-02-25T14:00:00.000Z,0.1,4.3,1.4,1.279
2023-02-25T15:00:00.000Z,0,0.1,0.05,0.05
2023-02-25T16:00:00.000Z,0.2,1.4,0.8,0.37
2023-02-25T17:00:00.000Z,0,25.3,0.2,5.475
2023-02-25T18:00:00.000Z,0,17,0.9,4.067
2023-02-25T22:00:00.000Z,0,0.2,0.1,0.071
2023-02-25T23:00:00.000Z,0,2.4,0.65,0.643
2023-02-26T00:00:00.000Z,0.1,2.5,0.5,0.706
2023-02-26T01:00:00.000Z,0,2.8,1.4,0.825
2023-02-26T02:00:00.000Z,0,0.9,0.2,0.287
2023-02-26T03:00:00.000Z,0,0.3,0.15,0.15
2023-02-26T05:00:00.000Z,0,0.2,0.05,0.083
2023-02-26T06:00:00.000Z,0,3.1,2.2,1.302
2023-02-26T08:00:00.000Z,0,0.8,0.25,0.206
2023-02-26T09:00:00.000Z,0,2,0.2,0.639
2023-02-26T10:00:00.000Z,2.2,6,3.5,0.893
2023-02-26T11:00:00.000Z,2.4,7.8,3.85,1.201
2023-02-26T12:00:00.000Z,1.1,5.5,3.6,0.997
2023-02-26T13:00:00.000Z,0.7,4.3,2.8,1.069
2023-02-26T14:00:00.000Z,0,2.8,0.7,0.875
2023-02-26T15:00:00.000Z,0,0.8,0.1,0.178
2023-02-26T16:00:00.000Z,0,0.5,0.2,0.149
2023-02-26T17:00:00.000Z,0,0.2,0.1,0.076
2023-02-26T18:00:00.000Z,0,0.1,0.05,0.05
2023-02-26T20:00:00.000Z,0,0.1,0.1,0.047
2023-02-26T21:00:00.000Z,0,0.4,0.1,0.159
2023-02-26T22:00:00.000Z,0.4,6.9,1.3,1.787
2023-02-26T23:00:00.000Z,1.7,4.7,3.5,0.776
2023-02-27T00:00:00.000Z,0,6.4,0.6,2.11
2023-02-27T01:00:00.000Z,5.2,9.9,8.19,1.147
2023-02-27T02:00:00.000Z,2.7,10.4,7,2.293
2023-02-27T03:00:00.000Z,0.7,5.1,3.5,1.344
2023-02-27T04:00:00.000Z,0,1.5,0.4,0.4
2023-02-27T06:00:00.000Z,0,0.8,0.2,0.291
2023-02-27T07:00:00.000Z,0,1.7,0.6,0.704
2023-02-27T08:00:00.000Z,0,0.2,0.1,0.072
2023-02-27T09:00:00.000Z,0,4.6,1.2,1.435
2023-02-27T10:00:00.000Z,3.5,8,6.45,1.103
2023-02-27T11:00:00.000Z,7.6,16.8,10.4,2.642
2023-02-27T12:00:00.000Z,7.7,18.3,13.95,3.885
2023-02-27T13:00:00.000Z,5.7,13.3,8.19,2.033
2023-02-27T14:00:00.000Z,5.1,14.8,6.75,2.749
2023-02-27T15:00:00.000Z,2.2,6,3.9,1.045
2023-02-27T16:00:00.000Z,0.2,4.2,2.29,1.16
2023-02-27T17:00:00.000Z,0.1,1.8,0.3,0.422
2023-02-27T18:00:00.000Z,0,0.4,0.15,0.137
2023-02-27T19:00:00.000Z,0,0.5,0.1,0.14
2023-02-27T20:00:00.000Z,0,1.6,0.6,0.485
2023-02-27T21:00:00.000Z,0.5,2.9,1.8,0.728
2023-02-27T22:00:00.000Z,0.5,8.9,3.9,2.814
2023-02-27T23:00:00.000Z,3.8,20.8,16.5,6.181
2023-02-28T00:00:00.000Z,10.5,19.4,17.6,2.718
2023-02-28T01:00:00.000Z,1.6,8.5,4.05,2.181
2023-02-28T02:00:00.000Z,0.2,6.6,1.1,2.585
2023-02-28T03:00:00.000Z,0.1,1.7,0.85,0.384
2023-02-28T04:00:00.000Z,1.1,4.9,3,1.048
2023-02-28T05:00:00.000Z,0.2,2.6,1.3,0.691
2023-02-28T06:00:00.000Z,0.4,2.3,1.3,0.476
2023-02-28T07:00:00.000Z,0.2,2.7,0.9,0.653
2023-02-28T08:00:00.000Z,0.5,3,1.2,0.766
2023-02-28T09:00:00.000Z,1.7,6.8,3.05,1.577
2023-02-28T10:00:00.000Z,6.6,26.2,18.85,5.272
2023-02-28T11:00:00.000Z,12.3,26.9,17.39,4.436
2023-02-28T12:00:00.000Z,13.9,24,16.3,3.307
2023-02-28T13:00:00.000Z,18.2,30.2,21.1,4.226
2023-02-28T14:00:00.000Z,19.3,28.5,23.1,2.576
2023-02-28T15:00:00.000Z,16.3,19.6,17.6,0.843
2023-02-28T16:00:00.000Z,17,20.9,19.2,1.127
2023-02-28T17:00:00.000Z,7.9,19.5,15.75,3.675
2023-02-28T18:00:00.000Z,9.9,21.7,14.3,3.91
2023-02-28T19:00:00.000Z,13.5,23.5,21.4,2.991
2023-02-28T20:00:00.000Z,4.2,18.3,10.75,4.704
2023-02-28T21:00:00.000Z,18.8,30.4,26.1,3.145
2023-02-28T22:00:00.000Z,28.3,39.3,36.54,3.478
2023-02-28T23:00:00.000Z,36.3,41.9,39.25,1.09
2023-03-01T00:00:00.000Z,37.7,44.3,40.65,2.057
2023-03-01T01:00:00.000Z,37.8,45.8,39.65,2.457
2023-03-01T02:00:00.000Z,39.6,47.7,42.95,2.013
2023-03-01T03:00:00.000Z,34.6,42.8,38,2.428
2023-03-01T04:00:00.000Z,28,35.9,34,2.135
2023-03-01T05:00:00.000Z,9.3,30,15.45,6.061
2023-03-01T06:00:00.000Z,6.9,19.1,16.3,3.431
2023-03-01T07:00:00.000Z,1.5,15.1,3.75,2.769
2023-03-01T08:00:00.000Z,3.8,9.9,5.4,1.866
2023-03-01T09:00:00.000Z,2.7,8.1,5.7,1.396
2023-03-01T10:00:00.000Z,8.6,27,21.3,5.007
2023-03-01T11:00:00.000Z,30.8,34.4,32.7,0.989
2023-03-01T12:00:00.000Z,25.3,33.2,27.7,2.151
2023-03-01T13:00:00.000Z,7.1,25.1,13.6,6.022
2023-03-01T14:00:00.000Z,2.2,7.4,3.9,1.292
2023-03-01T15:00:00.000Z,0.1,5.1,4.09,1.494
2023-03-01T16:00:00.000Z,0.5,3.8,1.2,0.86
2023-03-01T17:00:00.000Z,3.4,8.1,6.45,1.277
2023-03-01T18:00:00.000Z,6.4,8.3,7.45,0.504
2023-03-01T19:00:00.000Z,4.8,9.6,6.65,1.42
2023-03-01T20:00:00.000Z,1.2,6.2,3.2,1.352
2023-03-01T21:00:00.000Z,3.2,8.2,5.6,1.06
2023-03-01T22:00:00.000Z,5.8,9.6,7.45,0.934
2023-03-01T23:00:00.000Z,3.6,12.1,9.35,3.077
2023-03-02T00:00:00.000Z,1.5,5.2,2.65,1.166
2023-03-02T01:00:00.000Z,1.7,5.5,3.2,0.852
2023-03-02T02:00:00.000Z,4.2,27.4,20.5,7.961
2023-03-02T03:00:00.000Z,3.3,16.5,9.5,3.889
2023-03-02T04:00:00.000Z,4.6,21,8.6,5.653
2023-03-02T05:00:00.000Z,1.9,32.4,13.2,9.043
2023-03-02T06:00:00.000Z,0.8,31.4,1.6,10.425
2023-03-02T07:00:00.000Z,0.1,2,0.7,0.42
2023-03-02T08:00:00.000Z,0.5,2.3,1.3,0.462
2023-03-02T09:00:00.000Z,1.2,3.2,2.45,0.501
2023-03-02T10:00:00.000Z,1.7,6.7,3.3,1.361
2023-03-02T11:00:00.000Z,4.2,6.5,5.15,0.569
2023-03-02T12:00:00.000Z,4.5,6.9,5.4,0.627
2023-03-02T13:00:00.000Z,4.8,12,7,2.332
2023-03-02T14:00:00.000Z,4.2,6.4,5.45,0.494
2023-03-02T15:00:00.000Z,4.7,7.5,6.1,0.841
2023-03-02T16:00:00.000Z,5.6,7.7,7.1,0.447
2023-03-02T17:00:00.000Z,4.6,7.5,5.2,0.638
2023-03-02T18:00:00.000Z,4.7,9.3,6.4,1.283
2023-03-02T19:00:00.000Z,5.8,14.2,6.9,2.459
2023-03-02T20:00:00.000Z,6.6,16,9.6,3.132
2023-03-02T21:00:00.000Z,6.1,19.8,14.7,4.703
2023-03-02T22:00:00.000Z,15.1,20.2,17.75,1.191
2023-03-02T23:00:00.000Z,18.9,23.5,20.8,1.12
2023-03-03T00:00:00.000Z,16,24.1,21.6,1.944
2023-03-03T01:00:00.000Z,3.2,21.1,19.3,5.494
2023-03-03T02:00:00.000Z,1.2,3.2,1.7,0.544
2023-03-03T03:00:00.000Z,0.7,1.9,1.5,0.359
2023-03-03T04:00:00.000Z,1.1,5,1.9,0.766
2023-03-03T05:00:00.000Z,1.4,3.3,2,0.397
2023-03-03T06:00:00.000Z,0.7,2.6,1.6,0.454
2023-03-03T07:00:00.000Z,1.5,4.3,2.29,0.859
2023-03-03T08:00:00.000Z,3.7,6.2,5,0.701
2023-03-03T09:00:00.000Z,4.3,10.3,8.3,1.645
2023-03-03T10:00:00.000Z,11.5,24,16.7,4.064
2023-03-03T11:00:00.000Z,21.3,25.2,23.4,1.195
2023-03-03T12:00:00.000Z,19.4,22.1,20.9,0.795
2023-03-03T13:00:00.000Z,18.9,24.8,20.6,1.527
2023-03-03T14:00:00.000Z,16.2,20.2,19.2,0.867
2023-03-03T15:00:00.000Z,17.2,26.7,22.55,2.823
2023-03-03T16:00:00.000Z,22.3,26.7,25.2,1.291
2023-03-03T17:00:00.000Z,13.6,23.5,21.6,2.38
2023-03-03T18:00:00.000Z,12.7,23.4,18,3.537
2023-03-03T19:00:00.000Z,12.4,30.7,19.25,5.752
2023-03-03T20:00:00.000Z,29.2,33.3,31.1,1.151
2023-03-03T21:00:00.000Z,32.9,34.8,33.9,0.525
2023-03-03T22:00:00.000Z,32.8,38.8,34.7,1.847
2023-03-03T23:00:00.000Z,39,46.3,42.8,1.883
2023-03-04T00:00:00.000Z,27,45.9,37.7,5.155
2023-03-04T01:00:00.000Z,34,40.1,37.54,2.013
2023-03-04T02:00:00.000Z,39.6,42.6,40.79,0.821
2023-03-04T03:00:00.000Z,25.8,44.2,39.9,5.977
2023-03-04T04:00:00.000Z,9,32.3,18.5,7.501
2023-03-04T05:00:00.000Z,9.2,35.3,33.45,7.176
2023-03-04T06:00:00.000Z,12.6,28,22.35,4.334
2023-03-04T07:00:00.000Z,7.5,13.7,8.3,1.882
2023-03-04T08:00:00.000Z,5.9,8.2,7.1,0.57
2023-03-04T09:00:00.000Z,6.4,12.7,8,2.012
2023-03-04T10:00:00.000Z,14.2,24,17.95,2.7
2023-03-04T11:00:00.000Z,20.2,26.1,21.5,1.808
2023-03-04T12:00:00.000Z,19,23.1,21.7,1.215
2023-03-04T13:00:00.000Z,8.4,18.6,11.75,2.977
2023-03-04T14:00:00.000Z,6.4,7.9,7.2,0.458
2023-03-04T15:00:00.000Z,6.7,8.4,7.6,0.434
2023-03-04T16:00:00.000Z,6.1,9.8,6.9,0.799
2023-03-04T17:00:00.000Z,6.7,10.2,8.69,0.918
2023-03-04T18:00:00.000Z,7.8,11.9,9.3,1.091
2023-03-04T19:00:00.000Z,9.9,19.9,17,2.895
2023-03-04T20:00:00.000Z,11.5,18.4,15.8,1.922
2023-03-04T21:00:00.000Z,7.7,18.5,9.85,3.366
2023-03-04T22:00:00.000Z,17,22.4,19,1.634
2023-03-04T23:00:00.000Z,6.6,20,12.85,4.307
2023-03-05T00:00:00.000Z,6,11.9,7.9,1.334
2023-03-05T01:00:00.000Z,5.6,9.2,6.8,0.659
2023-03-05T02:00:00.000Z,9,15.3,13.7,1.567
2023-03-05T03:00:00.000Z,5.2,15.8,10.5,3.242
2023-03-05T04:00:00.000Z,4.4,7.2,5.4,0.636
2023-03-05T05:00:00.000Z,4.4,21.3,6.8,4.904
2023-03-05T06:00:00.000Z,4.1,8.4,6.4,1.21
2023-03-05T07:00:00.000Z,2.9,5.7,4.5,0.742
2023-03-05T08:00:00.000Z,4.4,12.7,5.8,2.273
2023-03-05T09:00:00.000Z,4,10.6,6.25,1.648
2023-03-05T10:00:00.000Z,8.8,20.8,14.55,3.666
2023-03-05T11:00:00.000Z,15.6,21.2,19.8,1.7
2023-03-05T12:00:00.000Z,11.2,16.6,13.5,1.424
2023-03-05T13:00:00.000Z,9.2,13.7,12,1.092
2023-03-05T14:00:00.000Z,9.3,13.8,11.2,1.167
2023-03-05T15:00:00.000Z,8.8,12.1,9.9,0.912
2023-03-05T16:00:00.000Z,9.6,17.3,13.45,2.438
2023-03-05T17:00:00.000Z,14.8,21.9,17.39,1.309
2023-03-05T18:00:00.000Z,13.9,17.4,15.8,0.846
2023-03-05T19:00:00.000Z,13.4,17.9,16.2,1.142
2023-03-05T20:00:00.000Z,14.5,22,18.7,2.142
2023-03-05T21:00:00.000Z,18.9,24.1,21.4,1.516
2023-03-05T22:00:00.000Z,23.7,34.7,28.4,3.485
2023-03-05T23:00:00.000Z,21.6,33.9,24.75,4.107
2023-03-06T00:00:00.000Z,25.1,31.2,26.6,2.134
2023-03-06T01:00:00.000Z,23.7,30.9,27.55,2.502
2023-03-06T02:00:00.000Z,6.9,25.2,20.3,5.05
2023-03-06T03:00:00.000Z,6.1,14.6,11.5,2.932
2023-03-06T04:00:00.000Z,5.1,12,6.55,1.293
2023-03-06T05:00:00.000Z,4.7,14.2,7,2.562
2023-03-06T06:00:00.000Z,3.9,18.3,5.7,2.953
2023-03-06T07:00:00.000Z,3.5,5.8,4.59,0.673
2023-03-06T08:00:00.000Z,3.7,7.4,5.7,0.977
2023-03-06T09:00:00.000Z,3.7,9.6,7.6,1.614
2023-03-06T10:00:00.000Z,7.6,13.9,10.8,2.004
2023-03-06T11:00:00.000Z,13.3,19.8,16.1,1.73
2023-03-06T12:00:00.000Z,9,15.7,11.15,1.981
2023-03-06T13:00:00.000Z,9.6,18.3,15.2,2.532
2023-03-06T14:00:00.000Z,7.4,11.7,8.19,0.968
2023-03-06T15:00:00.000Z,6.2,8.5,7.2,0.636
2023-03-06T16:00:00.000Z,4.2,6.3,5,0.514
2023-03-06T17:00:00.000Z,3.3,10.7,5.65,1.974
2023-03-06T18:00:00.000Z,6.7,9.6,7.8,0.779
2023-03-06T19:00:00.000Z,4.8,9.7,6.1,1.418
2023-03-06T20:00:00.000Z,4.5,23.4,19.55,7.532
2023-03-06T21:00:00.000Z,22.9,29.4,27.5,2.055
2023-03-06T22:00:00.000Z,25.9,35,31.7,1.863
2023-03-06T23:00:00.000Z,22.8,39.4,34.4,4.649
2023-03-07T00:00:00.000Z,25.7,34.3,31.8,2.758
2023-03-07T01:00:00.000Z,26.5,34.9,30.8,2.528
2023-03-07T02:00:00.000Z,29.6,35.2,32.7,1.567
2023-03-07T03:00:00.000Z,8.5,29.6,17.6,6.709
2023-03-07T04:00:00.000Z,3.6,11.5,4.8,1.892
2023-03-07T05:00:00.000Z,3,7.7,5.2,1.352
2023-03-07T06:00:00.000Z,3.2,6.9,5.09,1.031
2023-03-07T07:00:00.000Z,3.1,5.6,3.9,0.551
2023-03-07T08:00:00.000Z,1.9,4.6,3.5,0.565
2023-03-07T09:00:00.000Z,3.1,6.8,4.3,0.996
2023-03-07T10:00:00.000Z,4.8,9.5,6.4,1.225
2023-03-07T11:00:00.000Z,8.5,15.3,12.5,1.658
2023-03-07T12:00:00.000Z,6.6,10.4,8.35,1.01
2023-03-07T13:00:00.000Z,7,9.6,8.1,0.611
2023-03-07T14:00:00.000Z,8.3,28.9,21.45,6.649
2023-03-07T15:00:00.000Z,6.6,23.5,8.4,5.733
2023-03-07T16:00:00.000Z,7,10.8,8.19,0.789
2023-03-07T17:00:00.000Z,6.7,13.3,8,1.599
2023-03-07T18:00:00.000Z,8.1,15,11.65,1.966
2023-03-07T19:00:00.000Z,12.4,17,15.2,1.331
2023-03-07T20:00:00.000Z,14.3,32.2,17.55,4.767
2023-03-07T21:00:00.000Z,32.5,40.8,34.9,2.328
2023-03-07T22:00:00.000Z,38.1,47.4,42.9,3.185
2023-03-07T23:00:00.000Z,39.9,56.8,47.55,4.026
2023-03-08T00:00:00.000Z,51.1,65.5,59.7,5.08
2023-03-08T01:00:00.000Z,30.6,57.7,34.29,7.212
2023-03-08T02:00:00.000Z,29.7,37.3,33.2,1.955
2023-03-08T03:00:00.000Z,27.6,44.6,39.54,5.259
2023-03-08T04:00:00.000Z,31.2,39.5,38.2,1.714
2023-03-08T05:00:00.000Z,2.4,34.2,5.6,12.822
2023-03-08T06:00:00.000Z,1.3,4.1,2.8,0.701
2023-03-08T07:00:00.000Z,0.7,3.1,1.75,0.501
2023-03-08T08:00:00.000Z,0.9,3.7,1.8,0.902
2023-03-08T09:00:00.000Z,3.1,8.2,4.4,1.106
2023-03-08T10:00:00.000Z,6.3,25.7,10.5,6.919
2023-03-08T11:00:00.000Z,24.7,35.5,32.6,3.014
2023-03-08T12:00:00.000Z,21.4,33.2,27.8,3.467
2023-03-08T13:00:00.000Z,12.5,21.4,17,2.242
2023-03-08T14:00:00.000Z,5.9,17.8,10.5,3.545
2023-03-08T15:00:00.000Z,6,8.7,6.85,0.712
2023-03-08T16:00:00.000Z,5,7.6,5.8,0.715
2023-03-08T17:00:00.000Z,6.3,16.4,10.4,3.123
2023-03-08T18:00:00.000Z,6.6,11.5,8.75,1.483
2023-03-08T19:00:00.000Z,6.9,28.6,23.8,5.875
2023-03-08T20:00:00.000Z,27.7,32.8,30.5,1.2
2023-03-08T21:00:00.000Z,28.1,30.6,30,0.725
2023-03-08T22:00:00.000Z,28.8,34.3,30.55,1.827
2023-03-08T23:00:00.000Z,29.4,40.2,34.7,3.307
2023-03-09T00:00:00.000Z,28.1,34.9,31.8,2.143
2023-03-09T01:00:00.000Z,8.9,30.8,20.8,5.946
2023-03-09T02:00:00.000Z,29,39,34.85,2.776
2023-03-09T03:00:00.000Z,8.9,31.4,16.85,6.752
2023-03-09T04:00:00.000Z,0.9,9.4,6.4,2.482
2023-03-09T05:00:00.000Z,0.1,1.1,0.3,0.276
2023-03-09T06:00:00.000Z,0.1,2,1.1,0.417
2023-03-09T07:00:00.000Z,0.8,3.1,1.9,0.565
2023-03-09T08:00:00.000Z,2.5,29.7,15.3,9.036
2023-03-09T09:00:00.000Z,15.2,24,21,2.376
2023-03-09T10:00:00.000Z,15.8,31,21,4.858
2023-03-09T11:00:00.000Z,18.3,29.1,24.4,2.449
2023-03-09T12:00:00.000Z,14.8,19.4,17.39,1.372
2023-03-09T13:00:00.000Z,14.3,20.4,18.6,1.559
2023-03-09T14:00:00.000Z,13.8,18.6,16.39,1.746
2023-03-09T15:00:00.000Z,5.6,18.6,7.6,4.408
2023-03-09T16:00:00.000Z,5.2,8.9,6.35,0.925
2023-03-09T17:00:00.000Z,4.4,6.2,5.25,0.443
2023-03-09T18:00:00.000Z,4.7,20.2,5.7,4.585
2023-03-09T19:00:00.000Z,4,15.3,6.25,2.841
2023-03-09T20:00:00.000Z,6.9,17.6,8.4,2.639
2023-03-09T21:00:00.000Z,18.6,30.1,28.2,3.309
2023-03-09T22:00:00.000Z,17.3,30.1,26.35,4.696
2023-03-09T23:00:00.000Z,10.8,19,17.1,2.756
2023-03-10T00:00:00.000Z,7.6,14.8,11.6,1.824
2023-03-10T01:00:00.000Z,15.5,21.3,19.8,1.269
2023-03-10T02:00:00.000Z,20.4,24.8,22.6,1.056
2023-03-10T03:00:00.000Z,4.2,21.1,16.55,6.107
2023-03-10T04:00:00.000Z,3.5,31.5,9.6,9.862
2023-03-10T05:00:00.000Z,0,16.6,4.2,5.411
2023-03-10T06:00:00.000Z,0.1,5.9,3.3,2.112
2023-03-10T07:00:00.000Z,0,1.4,0.4,0.444
2023-03-10T08:00:00.000Z,0.8,3.4,1.8,0.789
2023-03-10T09:00:00.000Z,2.4,5.5,4.65,0.971
2023-03-10T10:00:00.000Z,4.3,26.5,18.6,7.774
2023-03-10T11:00:00.000Z,22.5,27.2,24.65,0.992
2023-03-10T12:00:00.000Z,15.4,24.1,19.05,2.721
2023-03-10T13:00:00.000Z,7.7,17.4,12.6,2.894
2023-03-10T14:00:00.000Z,6.6,14.1,7.6,1.727
2023-03-10T15:00:00.000Z,6.4,11.1,7.8,1.163
2023-03-10T16:00:00.000Z,4.7,10.5,6.1,1.285
2023-03-10T17:00:00.000Z,4.5,10.8,7.6,1.819
2023-03-10T18:00:00.000Z,11.1,30.3,20.85,6.819
2023-03-10T19:00:00.000Z,30.5,32.8,31.6,0.579
2023-03-10T20:00:00.000Z,14.5,30.6,21.3,5.294
2023-03-10T21:00:00.000Z,15.6,19.4,18.2,1.093
2023-03-10T22:00:00.000Z,16.6,20.4,18.6,0.974
2023-03-10T23:00:00.000Z,17.7,24.9,21.95,2.224
2023-03-11T00:00:00.000Z,19.4,26.3,21,1.995
2023-03-11T01:00:00.000Z,21.5,25.6,23,0.985
2023-03-11T02:00:00.000Z,23.1,32.1,27.1,2.726
2023-03-11T03:00:00.000Z,27.2,33.4,31.4,1.67
2023-03-11T04:00:00.000Z,7.6,31.6,10.9,6.482
2023-03-11T05:00:00.000Z,7.8,14.1,9.5,1.495
2023-03-11T06:00:00.000Z,10.4,21.1,18,3.61
2023-03-11T07:00:00.000Z,11.6,18.7,15.15,2.044
2023-03-11T08:00:00.000Z,12.1,17.8,15,1.747
2023-03-11T09:00:00.000Z,16.7,22.2,20.3,1.272
2023-03-11T10:00:00.000Z,21.6,29.8,23.75,2.421
2023-03-11T11:00:00.000Z,30.4,34.5,32.4,1.158
2023-03-11T12:00:00.000Z,26.6,32,29.35,1.384
2023-03-11T13:00:00.000Z,23.2,27,25.35,1.027
2023-03-11T14:00:00.000Z,21.8,24.4,22.85,0.607
2023-03-11T15:00:00.000Z,18.8,23.7,20,1.593
2023-03-11T16:00:00.000Z,18.9,24.3,21.1,1.576
2023-03-11T17:00:00.000Z,21,43.6,35.7,8.232
2023-03-11T18:00:00.000Z,26.7,36.1,31.35,2.063
2023-03-11T19:00:00.000Z,21,44.5,32.4,6.493
2023-03-11T20:00:00.000Z,18.7,28,25.1,2.406
2023-03-11T21:00:00.000Z,21,33.5,26.8,3.404
2023-03-11T22:00:00.000Z,24.2,44.8,38.4,6.883
2023-03-11T23:00:00.000Z,20.8,36.6,28.6,4.958
2023-03-12T00:00:00.000Z,29.5,40.4,37.6,3.253
2023-03-12T01:00:00.000Z,25.5,35.8,28.6,2.964
2023-03-12T02:00:00.000Z,31.5,36.9,35.6,1.495
2023-03-12T03:00:00.000Z,24.5,44.5,30.8,6.627
2023-03-12T04:00:00.000Z,17.9,41.5,19.39,10.597
2023-03-12T05:00:00.000Z,9.6,18.4,13.75,3.009
2023-03-12T06:00:00.000Z,8.3,14.9,11.7,2.096
2023-03-12T07:00:00.000Z,11.7,18.9,14.45,2.193
2023-03-12T08:00:00.000Z,14.7,21.1,18,1.445
2023-03-12T09:00:00.000Z,19,24.3,22.05,1.333
2023-03-12T10:00:00.000Z,9.3,25.1,15.05,5.077
2023-03-12T11:00:00.000Z,14,20.3,16.6,1.557
2023-03-12T12:00:00.000Z,14.7,29.2,26.4,4.675
2023-03-12T13:00:00.000Z,8.5,27,13.2,6.127
2023-03-12T14:00:00.000Z,4.5,8.8,5.65,1.051
2023-03-12T15:00:00.000Z,0.3,5.6,2.1,1.682
2023-03-12T16:00:00.000Z,0,3.9,0.6,0.893
2023-03-12T17:00:00.000Z,0,0.3,0.1,0.105
2023-03-12T18:00:00.000Z,0,0.2,0.1,0.087
2023-03-12T19:00:00.000Z,0,2,0.3,0.561
2023-03-12T20:00:00.000Z,0,0.2,0.05,0.083
2023-03-12T21:00:00.000Z,0,5.4,3,1.587
2023-03-12T22:00:00.000Z,2.4,7.7,5.65,1.416
2023-03-12T23:00:00.000Z,0.1,4.2,1.7,1.326
2023-03-13T00:00:00.000Z,2.9,17.1,4.84,3.703
2023-03-13T01:00:00.000Z,17.2,27.8,22.1,3.172
2023-03-13T02:00:00.000Z,2.7,20.2,8.65,5.826
2023-03-13T03:00:00.000Z,2,20.5,3.2,4.34
2023-03-13T04:00:00.000Z,24.7,46.1,36,5.083
2023-03-13T05:00:00.000Z,1.4,43.8,3.4,15.392
2023-03-13T06:00:00.000Z,18.7,35.7,30.5,5.266
2023-03-13T07:00:00.000Z,0.1,36.6,18.6,11.619
2023-03-13T08:00:00.000Z,0,1.2,0.15,0.327
2023-03-13T09:00:00.000Z,0,2.3,1.14,0.708
2023-03-13T10:00:00.000Z,0.8,22.3,15.7,7.228
2023-03-13T11:00:00.000Z,7.6,28.2,14.6,7.56
2023-03-13T12:00:00.000Z,2.7,8.3,3.6,1.88
2023-03-13T13:00:00.000Z,1.4,2.9,2.04,0.413
2023-03-13T14:00:00.000Z,1.1,2.6,1.95,0.389
2023-03-13T15:00:00.000Z,0,3.8,2.29,1.332
2023-03-13T16:00:00.000Z,0,0.7,0.2,0.182
2023-03-13T17:00:00.000Z,0,2.3,0.9,0.733
2023-03-13T18:00:00.000Z,0,2.3,0.45,0.729
2023-03-13T19:00:00.000Z,0,2.9,1.45,0.753
2023-03-13T20:00:00.000Z,0,2,0.3,0.464
2023-03-13T21:00:00.000Z,0.1,2.9,1.55,0.876
2023-03-13T22:00:00.000Z,1.2,4.1,2.35,0.826
2023-03-13T23:00:00.000Z,0.4,5.8,2,1.169
2023-03-14T00:00:00.000Z,3.8,32.8,25.65,9.265
2023-03-14T01:00:00.000Z,6.5,22.9,9.25,5.579
2023-03-14T02:00:00.000Z,5.6,7.4,6.5,0.521
2023-03-14T03:00:00.000Z,0.2,5.6,1.2,1.615
2023-03-14T04:00:00.000Z,0,2.4,0.4,0.579
2023-03-14T05:00:00.000Z,0.1,7.1,1.5,2.741
2023-03-14T06:00:00.000Z,0,0.4,0.15,0.122
2023-03-14T07:00:00.000Z,0.1,7.5,2.2,1.82
2023-03-14T08:00:00.000Z,0.7,2.9,1.5,0.548
2023-03-14T09:00:00.000Z,1.1,7,4.15,1.703
2023-03-14T10:00:00.000Z,4.9,17,7.5,3.2
2023-03-14T11:00:00.000Z,16.2,22.2,20.75,1.585
2023-03-14T12:00:00.000Z,9.3,21.6,14.05,3.246
2023-03-14T13:00:00.000Z,11.6,18.2,16.5,1.56
2023-03-14T14:00:00.000Z,5.2,17.9,7.75,4.158
2023-03-14T15:00:00.000Z,2.5,4.7,3.75,0.67
2023-03-14T16:00:00.000Z,1.7,3.7,2.6,0.505
2023-03-14T17:00:00.000Z,2.2,6.2,3,1.084
2023-03-14T18:00:00.000Z,4.5,23.9,5.9,5.878
2023-03-14T19:00:00.000Z,12.7,24.8,18.55,3.542
2023-03-14T20:00:00.000Z,11.2,20.5,15.5,2.203
2023-03-14T21:00:00.000Z,8.3,14,11.6,1.464
2023-03-14T22:00:00.000Z,10.7,43.3,40,9.364
2023-03-14T23:00:00.000Z,26.7,44.5,33.29,6.221
2023-03-15T00:00:00.000Z,32.1,46.1,39.9,3.914
2023-03-15T01:00:00.000Z,23.7,35.3,28.7,3.361
2023-03-15T02:00:00.000Z,19.2,30.6,23.1,3.745
2023-03-15T03:00:00.000Z,3.1,23.3,7.4,6.067
2023-03-15T04:00:00.000Z,7.2,37.1,24.8,7.755
2023-03-15T05:00:00.000Z,1.1,33,27.15,12.948
2023-03-15T06:00:00.000Z,1.6,7.4,3.8,1.559
2023-03-15T07:00:00.000Z,4,29.5,9.6,7.515
2023-03-15T08:00:00.000Z,22.5,31.4,29.9,2.15
2023-03-15T09:00:00.000Z,1.9,21.1,3,4.685
2023-03-15T10:00:00.000Z,3.5,13.2,7.25,2.642
2023-03-15T11:00:00.000Z,10,20.3,16.89,3.364
2023-03-15T12:00:00.000Z,6,15.5,8.5,2.299
2023-03-15T13:00:00.000Z,6.1,18.1,12.5,4.298
2023-03-15T14:00:00.000Z,2.1,11.1,6.5,2.838
2023-03-15T15:00:00.000Z,3.1,6.8,3.7,0.976
2023-03-15T16:00:00.000Z,3.2,5.6,4.59,0.734
2023-03-15T17:00:00.000Z,4.4,6.4,5.3,0.538
2023-03-15T18:00:00.000Z,5.1,7.8,6.75,0.812
2023-03-15T19:00:00.000Z,3.4,11.6,4.59,1.856
2023-03-15T20:00:00.000Z,4.8,11.5,5.5,1.555
2023-03-15T21:00:00.000Z,3.5,20.9,6.7,4.894
2023-03-15T22:00:00.000Z,3.4,18.4,12.05,5.08
2023-03-15T23:00:00.000Z,17,30,22.1,3.707
2023-03-16T00:00:00.000Z,16.9,36.2,27.4,4.887
2023-03-16T01:00:00.000Z,0.9,24.3,18.25,8.39
2023-03-16T02:00:00.000Z,0.2,9.6,3.8,3.324
2023-03-16T03:00:00.000Z,0,0.8,0.1,0.193
2023-03-16T04:00:00.000Z,0,1.1,0.45,0.316
2023-03-16T05:00:00.000Z,0,0.4,0.1,0.126
2023-03-16T06:00:00.000Z,0,0.6,0.1,0.155
2023-03-16T07:00:00.000Z,0,1.4,0.2,0.316
2023-03-16T08:00:00.000Z,0,0.4,0.1,0.103
2023-03-16T09:00:00.000Z,0,0.9,0.3,0.286
2023-03-16T10:00:00.000Z,0.6,9.1,2.35,1.981
2023-03-16T11:00:00.000Z,11.3,22.5,20.6,3.986
2023-03-16T12:00:00.000Z,13,22,17.45,2.45
2023-03-16T13:00:00.000Z,8.7,18.7,12.5,3.238
2023-03-16T14:00:00.000Z,8.9,18,13.6,2.782
2023-03-16T15:00:00.000Z,2.2,11.7,4.9,2.877
2023-03-16T16:00:00.000Z,1.9,3.9,2.6,0.532
2023-03-16T17:00:00.000Z,2.5,3.9,3.2,0.362
2023-03-16T18:00:00.000Z,3.4,7,5.09,0.971
2023-03-16T19:00:00.000Z,4.7,11.1,7.2,1.981
2023-03-16T20:00:00.000Z,5.7,15.9,8.6,2.584
2023-03-16T21:00:00.000Z,3.5,12.3,6.6,2.22
2023-03-16T22:00:00.000Z,3.3,21.2,9.19,6.296
2023-03-16T23:00:00.000Z,21.7,27.7,24.7,1.386
2023-03-17T00:00:00.000Z,6.6,19.8,12.3,4.148
2023-03-17T01:00:00.000Z,4.4,8.8,7.4,1.273
2023-03-17T02:00:00.000Z,3,7,4.8,0.928
2023-03-17T03:00:00.000Z,0.5,5.2,2.5,1.399
2023-03-17T04:00:00.000Z,0,3.4,0.2,0.893
2023-03-17T05:00:00.000Z,0,26.8,0.4,9.625
2023-03-17T06:00:00.000Z,0,27.7,18,10.66
2023-03-17T07:00:00.000Z,0,25.3,1.7,9.678
2023-03-17T08:00:00.000Z,0.1,1.4,0.5,0.303
2023-03-17T09:00:00.000Z,0.8,7.7,2.75,2.316
2023-03-17T10:00:00.000Z,5.2,27,7.2,7.909
2023-03-17T11:00:00.000Z,24.7,34,28.9,2.305
2023-03-17T12:00:00.000Z,5.9,29.4,17.3,6.27
2023-03-17T13:00:00.000Z,3.3,6.5,4.8,0.846
2023-03-17T14:00:00.000Z,2.7,4.7,3.75,0.541
2023-03-17T15:00:00.000Z,1.6,3.4,2.7,0.446
2023-03-17T16:00:00.000Z,0.2,1.7,1,0.383
2023-03-17T17:00:00.000Z,1.3,9.3,3.5,2.566
2023-03-17T18:00:00.000Z,6.6,16.2,8.5,3.457
2023-03-17T19:00:00.000Z,9.7,18.6,12.8,3.047
2023-03-17T20:00:00.000Z,5.3,17.4,9.9,3.396
2023-03-17T21:00:00.000Z,11.6,26.2,16.89,4.337
2023-03-17T22:00:00.000Z,7.9,31.2,22.05,6.657
2023-03-17T23:00:00.000Z,3,25.4,7.5,6.325
2023-03-18T00:00:00.000Z,13.3,29.4,21.6,3.803
2023-03-18T01:00:00.000Z,15.7,31.7,26.75,5.209
2023-03-18T02:00:00.000Z,5.1,20.5,14.7,5.814
2023-03-18T03:00:00.000Z,2,6.5,3.6,1.163
2023-03-18T04:00:00.000Z,0.6,3.7,1.7,0.689
2023-03-18T05:00:00.000Z,0.2,2.4,0.9,0.457
2023-03-18T06:00:00.000Z,0,2.6,0.8,0.573
2023-03-18T07:00:00.000Z,0.1,1.9,0.9,0.476
2023-03-18T08:00:00.000Z,1.7,5.3,3.8,0.894
2023-03-18T09:00:00.000Z,2.8,8,4.5,1.272
2023-03-18T10:00:00.000Z,5.6,15.5,9.6,3.019
2023-03-18T11:00:00.000Z,15.6,18.1,17,0.626
2023-03-18T12:00:00.000Z,13.5,19.4,16,1.489
2023-03-18T13:00:00.000Z,16.3,19.3,17.8,0.762
2023-03-18T14:00:00.000Z,8.9,18.1,15.45,2.783
2023-03-18T15:00:00.000Z,8.3,14,10.05,1.508
2023-03-18T16:00:00.000Z,7.6,17.3,9,2.78
2023-03-18T17:00:00.000Z,7.6,9.8,8.5,0.592
2023-03-18T18:00:00.000Z,8.5,14.6,10.8,1.514
2023-03-18T19:00:00.000Z,13.3,18.6,15.05,1.501
2023-03-18T20:00:00.000Z,11.8,22.7,18.7,3.838
2023-03-18T21:00:00.000Z,20.5,25.4,23.3,1.091
2023-03-18T22:00:00.000Z,21.1,29.6,23.7,2.301
2023-03-18T23:00:00.000Z,25.9,38.7,30.8,3.803
2023-03-19T00:00:00.000Z,22.8,30.3,25.9,2.004
2023-03-19T01:00:00.000Z,21.6,27.5,25.1,1.542
2023-03-19T02:00:00.000Z,8,21.7,17.64,4.033
2023-03-19T03:00:00.000Z,6.4,8.4,7.6,0.556
2023-03-19T04:00:00.000Z,5.8,7.2,6.5,0.366
2023-03-19T05:00:00.000Z,4.9,7.2,5.9,0.514
2023-03-19T06:00:00.000Z,4.8,6.8,5.9,0.449
2023-03-19T07:00:00.000Z,5.1,6.9,5.7,0.527
2023-03-19T08:00:00.000Z,6.1,8.6,7.2,0.679
2023-03-19T09:00:00.000Z,7,20.1,10.35,4.451
2023-03-19T10:00:00.000Z,18.1,28.1,21.4,3.194
2023-03-19T11:00:00.000Z,25.6,30.5,28.3,1.387
2023-03-19T12:00:00.000Z,18.1,30.3,20.1,3.994
2023-03-19T13:00:00.000Z,17.5,21.1,19.5,0.878
2023-03-19T14:00:00.000Z,12.3,19.4,17.25,2.259
2023-03-19T15:00:00.000Z,12.6,18.1,17.1,1.79
2023-03-19T16:00:00.000Z,13.8,20.2,18.6,1.623
2023-03-19T17:00:00.000Z,8.7,13.7,11.1,1.481
2023-03-19T18:00:00.000Z,10,19.7,12.85,3.286
2023-03-19T19:00:00.000Z,12.8,19.4,17.6,1.827
2023-03-19T20:00:00.000Z,13.8,28.7,15.4,5.516
2023-03-19T21:00:00.000Z,16.8,28.9,20.5,4.037
2023-03-19T22:00:00.000Z,17.7,24.5,20.1,2.182
2023-03-19T23:00:00.000Z,22.2,25.3,23.8,0.835
2023-03-20T00:00:00.000Z,16.6,25.2,22.6,2.555
2023-03-20T01:00:00.000Z,9.2,16.8,15.5,2.066
2023-03-20T02:00:00.000Z,7.9,11.6,9.3,1.028
2023-03-20T03:00:00.000Z,7,9.1,7.95,0.572
2023-03-20T04:00:00.000Z,5.4,7.7,6.5,0.561
2023-03-20T05:00:00.000Z,4.5,6.3,5.4,0.525
2023-03-20T06:00:00.000Z,4.8,6.8,5.6,0.521
2023-03-20T07:00:00.000Z,4.9,6.6,6,0.342
2023-03-20T08:00:00.000Z,6.1,8.6,7.2,0.604
2023-03-20T09:00:00.000Z,7.2,12.6,9.1,1.486
2023-03-20T10:00:00.000Z,9.2,21.7,12.3,3.403
2023-03-20T11:00:00.000Z,20.6,23.8,22,0.706
2023-03-20T12:00:00.000Z,20.6,24.6,21.9,0.745
2023-03-20T13:00:00.000Z,11.2,22.6,13.9,2.772
2023-03-20T14:00:00.000Z,10.9,14.6,12.4,1.018
2023-03-20T15:00:00.000Z,11.2,16.9,13.9,1.391
2023-03-20T16:00:00.000Z,6.9,15,11.4,2.061
2023-03-20T17:00:00.000Z,6.4,18.4,8.5,4.262
2023-03-20T18:00:00.000Z,16.4,31.9,20,4.049
2023-03-20T19:00:00.000Z,20,35.7,23.6,4.742
2023-03-20T20:00:00.000Z,26.1,38.9,31,3.537
2023-03-20T21:00:00.000Z,27,40.9,35.9,4.917
2023-03-20T22:00:00.000Z,20.2,28.9,24.75,2.786
2023-03-20T23:00:00.000Z,21,35.6,30.85,4.389
2023-03-21T00:00:00.000Z,19.8,27.9,22.6,1.923
2023-03-21T01:00:00.000Z,6.2,20.9,10.7,4.632
2023-03-21T02:00:00.000Z,5.6,7.6,6.5,0.464
2023-03-21T03:00:00.000Z,4.3,6.3,5.2,0.458
2023-03-21T04:00:00.000Z,4.5,6.5,4.9,0.556
2023-03-21T05:00:00.000Z,3.8,5.6,4.7,0.467
2023-03-21T06:00:00.000Z,4.2,6.4,5.6,0.58
2023-03-21T07:00:00.000Z,5.1,10.6,8.25,1.643
2023-03-21T08:00:00.000Z,9.1,19.4,14,3.108
2023-03-21T09:00:00.000Z,9,18.4,12.1,2.685
2023-03-21T10:00:00.000Z,16.4,23.8,18.1,2.243
2023-03-21T11:00:00.000Z,18,22.5,19.6,1.404
2023-03-21T12:00:00.000Z,13.4,20.6,18.75,1.964
2023-03-21T13:00:00.000Z,10.7,18.1,13.4,1.402
2023-03-21T14:00:00.000Z,6.1,12.5,7.2,1.711
2023-03-21T15:00:00.000Z,6,9.3,7.3,0.912
2023-03-21T16:00:00.000Z,5.9,7.4,6.5,0.399
2023-03-21T17:00:00.000Z,5.8,8.4,7.05,0.762
2023-03-21T18:00:00.000Z,6.8,15.6,8.19,3.121
2023-03-21T19:00:00.000Z,11.4,21.2,14.5,2.943
2023-03-21T20:00:00.000Z,19.7,30.2,27.85,2.826
2023-03-21T21:00:00.000Z,25,34.8,31.85,3.436
2023-03-21T22:00:00.000Z,32.4,35.3,33.95,0.882
2023-03-21T23:00:00.000Z,32.4,36.9,35.29,1.394
2023-03-22T00:00:00.000Z,22.8,37,32.1,4.433
2023-03-22T01:00:00.000Z,22,32.4,29,2.604
2023-03-22T02:00:00.000Z,8.1,21.6,9.65,4.832
2023-03-22T03:00:00.000Z,5.2,7,6.1,0.489
2023-03-22T04:00:00.000Z,4,6.9,5,0.602
2023-03-22T05:00:00.000Z,4.1,6.7,5.3,0.785
2023-03-22T06:00:00.000Z,4.6,7.5,6,0.693
2023-03-22T07:00:00.000Z,5,6.7,5.6,0.378
2023-03-22T08:00:00.000Z,4.8,6.9,5.8,0.537
2023-03-22T09:00:00.000Z,4.6,12.5,8.9,2.454
2023-03-22T10:00:00.000Z,12.5,30.9,19.14,5.567
2023-03-22T11:00:00.000Z,26.6,31.1,29.4,1.182
2023-03-22T12:00:00.000Z,9.7,27.2,18.05,5.038
2023-03-22T13:00:00.000Z,6.9,9.8,8,0.737
2023-03-22T14:00:00.000Z,7,10.1,8.1,0.769
2023-03-22T15:00:00.000Z,7.3,9.2,8,0.432
2023-03-22T16:00:00.000Z,5.8,8.4,6.95,0.732
2023-03-22T17:00:00.000Z,6.9,11.5,8.19,1.079
2023-03-22T18:00:00.000Z,8,18,12.8,2.729
2023-03-22T19:00:00.000Z,7.2,26.1,16.7,6.333
2023-03-22T20:00:00.000Z,5.2,14.3,6.8,1.877
2023-03-22T21:00:00.000Z,4.6,7.7,6,0.821
2023-03-22T22:00:00.000Z,4.7,10.4,6.25,1.699
2023-03-22T23:00:00.000Z,12.2,27.7,21.7,4.612
2023-03-23T00:00:00.000Z,25.7,32.7,29.05,2.194
2023-03-23T01:00:00.000Z,7.7,24.8,17.39,4.877
2023-03-23T02:00:00.000Z,0.5,7.8,3.3,1.645
2023-03-23T03:00:00.000Z,0,1.5,0.6,0.35
2023-03-23T04:00:00.000Z,0.1,1.9,0.65,0.47
2023-03-23T05:00:00.000Z,0,1.3,0.2,0.27
2023-03-23T06:00:00.000Z,0.1,2,0.5,0.433
2023-03-23T07:00:00.000Z,0,2.8,1.2,0.797
2023-03-23T08:00:00.000Z,0.4,2.5,1.2,0.525
2023-03-23T09:00:00.000Z,2.1,5.4,4.09,1.037
2023-03-23T10:00:00.000Z,4.8,17.5,13,4.583
2023-03-23T11:00:00.000Z,14.3,24.8,21.05,3.049
2023-03-23T12:00:00.000Z,23.3,30.9,26.9,2.687
2023-03-23T13:00:00.000Z,6.9,31.1,20.75,6.354
2023-03-23T14:00:00.000Z,3.6,6.6,5.15,0.845
2023-03-23T15:00:00.000Z,3.1,6.3,4.7,0.68
2023-03-23T16:00:00.000Z,4,19.2,8.3,4.53
2023-03-23T17:00:00.000Z,1.2,11.7,2.6,2.128
2023-03-23T18:00:00.000Z,3.3,5,4.15,0.386
2023-03-23T19:00:00.000Z,4.6,7.7,5.55,0.816
2023-03-23T20:00:00.000Z,6.5,8.6,7.6,0.462
2023-03-23T21:00:00.000Z,6.5,22.6,20.1,6.228
2023-03-23T22:00:00.000Z,14.7,21,18.55,1.901
2023-03-23T23:00:00.000Z,18.8,23.5,21.2,1.27
2023-03-24T00:00:00.000Z,9.2,20.8,15.7,3.384
2023-03-24T01:00:00.000Z,7.5,16.1,11.55,2.695
2023-03-24T02:00:00.000Z,0.1,7.2,1.8,2.151
2023-03-24T03:00:00.000Z,0,1.7,0.6,0.405
2023-03-24T04:00:00.000Z,0,1.4,0.2,0.293
2023-03-24T05:00:00.000Z,0,0.4,0.1,0.125
2023-03-24T06:00:00.000Z,0,0.2,0.05,0.07
2023-03-24T07:00:00.000Z,0,0.4,0.1,0.129
2023-03-24T08:00:00.000Z,0,0.6,0.1,0.183
2023-03-24T09:00:00.000Z,0.1,2,1,0.508
2023-03-24T10:00:00.000Z,1.2,12.1,5.7,2.661
2023-03-24T11:00:00.000Z,15.9,32.6,25.1,5.125
2023-03-24T12:00:00.000Z,15.1,26.8,17.75,3.503
2023-03-24T13:00:00.000Z,4.7,17.3,10.6,3.798
2023-03-24T14:00:00.000Z,0.2,4.5,2.29,1.443
2023-03-24T15:00:00.000Z,0,1.7,0.3,0.449
2023-03-24T16:00:00.000Z,0,1.1,0.1,0.28
2023-03-24T17:00:00.000Z,0,0.9,0.1,0.248
2023-03-24T19:00:00.000Z,0.1,1.3,0.7,0.398
2023-03-24T20:00:00.000Z,1.5,5.5,4.5,1.03
2023-03-24T21:00:00.000Z,5.3,13.8,8.1,2.875
2023-03-24T22:00:00.000Z,4.5,15.2,8.8,2.669
2023-03-24T23:00:00.000Z,5.8,9.1,7.05,0.855
2023-03-25T00:00:00.000Z,5.7,10.7,8.69,0.998
2023-03-25T01:00:00.000Z,0.6,6.2,2.9,1.96
2023-03-25T02:00:00.000Z,0.2,2.7,0.6,0.695
2023-03-25T03:00:00.000Z,0,2.3,0.2,0.652
2023-03-25T04:00:00.000Z,0,0.5,0.1,0.135
2023-03-25T05:00:00.000Z,0,0.9,0.3,0.299
2023-03-25T06:00:00.000Z,0,2,0.2,0.485
2023-03-25T07:00:00.000Z,0,1.2,0.4,0.302
2023-03-25T08:00:00.000Z,0.1,4.3,2.29,1.512
2023-03-25T09:00:00.000Z,0.5,3.8,1.45,0.726
2023-03-25T10:00:00.000Z,2.2,12.1,7,3.086
2023-03-25T11:00:00.000Z,12,24.4,22.4,3.567
2023-03-25T12:00:00.000Z,7.7,29.4,23.9,5.738
2023-03-25T13:00:00.000Z,2.2,8.1,4.15,1.204
2023-03-25T14:00:00.000Z,0.3,2.8,1.6,0.69
2023-03-25T15:00:00.000Z,0.5,7.3,1.14,2.054
2023-03-25T16:00:00.000Z,0.5,8.1,1.3,2.446
2023-03-25T17:00:00.000Z,0.4,4.6,2.4,1
2023-03-25T18:00:00.000Z,3,7.5,4.3,1.404
2023-03-25T19:00:00.000Z,3.3,6.6,4.9,0.946
2023-03-25T20:00:00.000Z,5.8,17.9,13.3,3.9
2023-03-25T21:00:00.000Z,8.5,22.8,10.9,5.417
2023-03-25T22:00:00.000Z,6.6,9.4,7.6,0.594
2023-03-25T23:00:00.000Z,5.8,16.8,7.6,2.839
2023-03-26T00:00:00.000Z,8,23.7,18,4.788
2023-03-26T01:00:00.000Z,7.7,19,11,3.165
2023-03-26T02:00:00.000Z,12.6,24.1,22.1,3.301
2023-03-26T03:00:00.000Z,1.9,13.3,3.4,3.11
2023-03-26T04:00:00.000Z,2.2,4.3,2.8,0.441
2023-03-26T05:00:00.000Z,2,3.2,2.5,0.299
2023-03-26T06:00:00.000Z,2.4,8.9,3.5,1.375
2023-03-26T07:00:00.000Z,1.6,3.1,2.4,0.433
2023-03-26T08:00:00.000Z,1.6,2.9,2.29,0.299
2023-03-26T09:00:00.000Z,2.2,4.8,3.8,0.665
2023-03-26T10:00:00.000Z,4.9,14.1,6.2,2.925
2023-03-26T11:00:00.000Z,13.3,20.3,17.8,2.094
2023-03-26T12:00:00.000Z,14.7,21,17.85,1.589
2023-03-26T13:00:00.000Z,17.1,22.1,20,1.342
2023-03-26T14:00:00.000Z,6.9,15.8,10.3,2.314
2023-03-26T15:00:00.000Z,3.2,7.5,5,1.41
2023-03-26T16:00:00.000Z,3,6.2,3.9,0.784
2023-03-26T17:00:00.000Z,4,6.3,5,0.573
2023-03-26T18:00:00.000Z,5.2,19.7,11.85,4.146
2023-03-26T19:00:00.000Z,17.8,27.4,23.5,2.918
2023-03-26T20:00:00.000Z,14.3,21.3,19.55,2.025
2023-03-26T21:00:00.000Z,20.4,32.2,23.5,3.487
2023-03-26T22:00:00.000Z,24.9,35.5,31.5,3.056
2023-03-26T23:00:00.000Z,28.4,41.7,36.6,3.07
2023-03-27T00:00:00.000Z,6.8,24.9,12.35,4.589
2023-03-27T01:00:00.000Z,9.1,22,18.64,3.568
2023-03-27T02:00:00.000Z,2.9,9.3,4.84,2.045
2023-03-27T03:00:00.000Z,2.5,4.4,3.6,0.485
2023-03-27T04:00:00.000Z,1.5,3.4,2.6,0.485
2023-03-27T05:00:00.000Z,1.5,4.7,2.25,1.024
2023-03-27T06:00:00.000Z,0.9,4.4,1.8,0.91
2023-03-27T07:00:00.000Z,0.7,2.6,1.6,0.424
2023-03-27T08:00:00.000Z,1.2,5.6,2.6,1.197
2023-03-27T09:00:00.000Z,2.5,8.6,5.9,1.799
2023-03-27T10:00:00.000Z,9.5,17.5,15.8,2.26
2023-03-27T11:00:00.000Z,7.8,18.6,9.19,3.844
2023-03-27T12:00:00.000Z,5.7,13.4,7.9,2.079
2023-03-27T13:00:00.000Z,6.2,18.8,10.5,4.815
2023-03-27T14:00:00.000Z,4.9,7,5.8,0.589
2023-03-27T15:00:00.000Z,2.1,5.6,4.3,0.822
2023-03-27T16:00:00.000Z,2.1,3.6,3.1,0.395
2023-03-27T17:00:00.000Z,2.2,5.6,2.8,0.919
2023-03-27T18:00:00.000Z,5.5,19.7,11.9,3.833
2023-03-27T19:00:00.000Z,9.2,17.3,14.8,2.469
2023-03-27T20:00:00.000Z,17.2,29.7,25.3,3.62
2023-03-27T21:00:00.000Z,26.8,32.1,28.7,1.28
2023-03-27T22:00:00.000Z,31,34.7,32.25,1.088
2023-03-27T23:00:00.000Z,27.5,34.9,32.29,1.901
2023-03-28T00:00:00.000Z,28.4,34.2,31,1.379
2023-03-28T01:00:00.000Z,27.2,38.2,33.29,3.471
2023-03-28T02:00:00.000Z,15.9,29.7,28.1,4.22
2023-03-28T03:00:00.000Z,1.9,14.1,6.65,3.562
2023-03-28T04:00:00.000Z,0.7,4.6,1.6,0.757
2023-03-28T05:00:00.000Z,1,7,3.85,1.708
2023-03-28T06:00:00.000Z,1.8,9.1,3.05,1.97
2023-03-28T07:00:00.000Z,5.1,17,8.69,3.593
2023-03-28T08:00:00.000Z,5.4,9.6,6.45,1.172
2023-03-28T09:00:00.000Z,7.5,12.7,8.8,1.203
2023-03-28T10:00:00.000Z,12.2,26.6,18.39,4.414
2023-03-28T11:00:00.000Z,21.4,29.6,27.4,2.647
2023-03-28T12:00:00.000Z,9.6,23,20.1,3.624
2023-03-28T13:00:00.000Z,6,11.2,8.35,1.444
2023-03-28T14:00:00.000Z,3.2,6,4.5,0.761
2023-03-28T15:00:00.000Z,3.2,5.3,4.2,0.518
2023-03-28T16:00:00.000Z,3.4,6.2,4.59,0.822
2023-03-28T17:00:00.000Z,4.5,10.2,6.6,1.393
2023-03-28T18:00:00.000Z,5.5,9.2,7.4,1.042
2023-03-28T19:00:00.000Z,1.8,6.3,3.4,1.469
2023-03-28T20:00:00.000Z,2,7.8,3.3,1.998
2023-03-28T21:00:00.000Z,8.3,23.5,16.55,4.112
2023-03-28T22:00:00.000Z,12.3,21.4,16.2,2.517
2023-03-28T23:00:00.000Z,21.3,37.6,34.7,3.687
2023-03-29T00:00:00.000Z,26.5,35.6,33.7,3.141
2023-03-29T01:00:00.000Z,8.4,28.9,17.1,5.653
2023-03-29T02:00:00.000Z,7.2,12.3,8.69,1.451
2023-03-29T03:00:00.000Z,5.9,28.2,23.1,6.544
2023-03-29T04:00:00.000Z,2.9,30.2,4.2,10.042
2023-03-29T05:00:00.000Z,1.8,4.5,3.2,0.691
2023-03-29T06:00:00.000Z,1.7,3.2,2.29,0.449
2023-03-29T07:00:00.000Z,2.3,4.4,3.2,0.511
2023-03-29T08:00:00.000Z,2.3,5.6,3.4,0.859
2023-03-29T09:00:00.000Z,3.3,6.6,4.4,0.944
2023-03-29T10:00:00.000Z,6.7,20.8,11.35,4.819
2023-03-29T11:00:00.000Z,19.2,24.5,21.9,1.521
2023-03-29T12:00:00.000Z,13.6,22.4,16.3,2.159
2023-03-29T13:00:00.000Z,6.5,17.8,12.65,3.604
2023-03-29T14:00:00.000Z,2.1,7,4.65,1.437
2023-03-29T15:00:00.000Z,1,3.3,1.7,0.501
2023-03-29T16:00:00.000Z,0.1,1.5,1,0.35
2023-03-29T17:00:00.000Z,1.4,7.6,3.45,1.587
2023-03-29T18:00:00.000Z,7.2,15.3,8.5,2.087
2023-03-29T19:00:00.000Z,11.1,21,17.55,2.785
2023-03-29T20:00:00.000Z,14.4,28.9,22.7,4.176
2023-03-29T21:00:00.000Z,22.9,28.4,26.95,1.372
2023-03-29T22:00:00.000Z,25.5,36.1,29.1,2.395
2023-03-29T23:00:00.000Z,35.9,40.5,37.85,1.161
2023-03-30T00:00:00.000Z,29.1,38.1,31.35,2.73
2023-03-30T01:00:00.000Z,7.7,30.7,17.89,8.532
2023-03-30T02:00:00.000Z,4.3,18.9,6.9,4.3
2023-03-30T03:00:00.000Z,2.6,7,4.59,1.348
2023-03-30T04:00:00.000Z,0,2.5,0.35,0.833
2023-03-30T05:00:00.000Z,0,1.6,0.1,0.412
2023-03-30T06:00:00.000Z,0,1,0.4,0.273
2023-03-30T07:00:00.000Z,0,1.8,0.2,0.553
2023-03-30T08:00:00.000Z,0,1.7,0.65,0.45
2023-03-30T09:00:00.000Z,1.6,7,4.4,1.534
2023-03-30T10:00:00.000Z,4.4,6.4,5.5,0.49
2023-03-30T11:00:00.000Z,4.5,6.6,5.5,0.535
2023-03-30T12:00:00.000Z,2.7,6.5,4,1.209
2023-03-30T13:00:00.000Z,0.6,3.3,1.7,0.642
2023-03-30T14:00:00.000Z,0.1,1.6,0.6,0.378
2023-03-30T15:00:00.000Z,0.1,2.2,1,0.531
2023-03-30T16:00:00.000Z,0.1,3.4,1.8,0.973
2023-03-30T17:00:00.000Z,2.8,8.9,5.9,1.796
2023-03-30T18:00:00.000Z,7.6,17.2,10.55,3.336
2023-03-30T19:00:00.000Z,15,22.9,18.1,2.129
2023-03-30T20:00:00.000Z,4.7,22.8,7.95,6.823
2023-03-30T21:00:00.000Z,6.9,10.9,8.4,1.133
2023-03-30T22:00:00.000Z,7.5,31.9,17.95,8.29
2023-03-30T23:00:00.000Z,28.4,35.7,30.4,2.203
2023-03-31T00:00:00.000Z,21.4,32.8,31.4,3.124
2023-03-31T01:00:00.000Z,1,20.9,8.19,5.544
2023-03-31T02:00:00.000Z,4.2,9,6.6,1.006
2023-03-31T03:00:00.000Z,0.2,6,2.29,1.673
2023-03-31T04:00:00.000Z,0,0.1,0.1,0.05
2023-03-31T05:00:00.000Z,0,0,0,0
2023-03-31T06:00:00.000Z,0,0.2,0.05,0.09
2023-03-31T07:00:00.000Z,0.2,1.8,0.4,0.712
2023-03-31T08:00:00.000Z,0.3,10,3.2,2.604
2023-03-31T09:00:00.000Z,6.7,18,9.1,3.56
2023-03-31T10:00:00.000Z,9.8,24.3,18.8,3.424
2023-03-31T11:00:00.000Z,9.1,21.5,16.1,2.968
2023-03-31T12:00:00.000Z,2.4,10.8,4.2,2.049
2023-03-31T13:00:00.000Z,1.2,3.8,2.29,0.607
2023-03-31T14:00:00.000Z,1.8,6.4,3.6,1.044
2023-03-31T15:00:00.000Z,1.9,5,2.85,0.902
2023-03-31T16:00:00.000Z,1.3,3,2.15,0.445
2023-03-31T17:00:00.000Z,2.2,7,3.65,1.428
2023-03-31T18:00:00.000Z,3.4,21.6,17.89,6.141
2023-03-31T19:00:00.000Z,0.1,2.8,0.7,0.695
2023-03-31T20:00:00.000Z,0.1,3.1,1.6,0.921
2023-03-31T21:00:00.000Z,2.5,8.2,4.59,1.386
2023-03-31T22:00:00.000Z,9.9,21.6,16.39,3.453
2023-03-31T23:00:00.000Z,15.5,31.4,23,4.469
2023-04-01T00:00:00.000Z,31.9,46.8,41.8,4.318
2023-04-01T01:00:00.000Z,31.5,39.6,33.75,2.091
2023-04-01T02:00:00.000Z,6.7,32.2,24.4,9.578
2023-04-01T03:00:00.000Z,5.2,9.9,6.75,1.134
2023-04-01T04:00:00.000Z,4.3,6.1,5.25,0.486
2023-04-01T05:00:00.000Z,4.1,6,5.09,0.489
2023-04-01T06:00:00.000Z,3.5,8.2,4.59,1.099
2023-04-01T07:00:00.000Z,1.4,3.9,2.6,0.527
2023-04-01T08:00:00.000Z,0.3,2.5,0.95,0.654
2023-04-01T09:00:00.000Z,0.4,4.3,1.85,0.985
2023-04-01T10:00:00.000Z,2.7,14.6,5.15,3.02
2023-04-01T11:00:00.000Z,15.7,32.4,24.95,5.403
2023-04-01T12:00:00.000Z,4.8,22.8,19,6.431
2023-04-01T13:00:00.000Z,2.5,7,5.85,1.277
2023-04-01T14:00:00.000Z,1.5,3.8,2.8,0.578
2023-04-01T15:00:00.000Z,2.4,6,3.35,1.19
2023-04-01T16:00:00.000Z,2.8,5,3.8,0.614
2023-04-01T17:00:00.000Z,2,5.1,3.35,0.724
2023-04-01T18:00:00.000Z,2.2,5.3,4.4,0.737
2023-04-01T19:00:00.000Z,1.5,14.7,2.9,3.995
2023-04-01T20:00:00.000Z,14.2,18.8,17.2,1.064
2023-04-01T21:00:00.000Z,17.9,21.1,19.35,0.838
2023-04-01T22:00:00.000Z,18.2,23.6,20.7,1.66
2023-04-01T23:00:00.000Z,23.4,31.1,29.75,2.277
2023-04-02T00:00:00.000Z,25.9,29.8,28.05,0.968
2023-04-02T01:00:00.000Z,29,44.7,42.3,4.36
2023-04-02T02:00:00.000Z,40.4,45.6,43.4,1.197
2023-04-02T03:00:00.000Z,33.3,42.4,40,2.439
2023-04-02T04:00:00.000Z,21.6,38.7,33.29,5.541
2023-04-02T05:00:00.000Z,8.5,20.3,14.5,3.431
2023-04-02T06:00:00.000Z,7.3,18.6,8.8,2.723
2023-04-02T07:00:00.000Z,12.5,19.4,17.39,1.802
2023-04-02T08:00:00.000Z,16.3,21,17.6,1.179
2023-04-02T09:00:00.000Z,19.2,23.5,21.1,1.202
2023-04-02T10:00:00.000Z,22.9,29.7,25.3,1.934
2023-04-02T11:00:00.000Z,19.4,27.9,22.6,2.487
2023-04-02T12:00:00.000Z,15.9,20,18.39,1.05
2023-04-02T13:00:00.000Z,7.1,18,14,3.284
2023-04-02T14:00:00.000Z,4.5,7.3,5.75,0.619
2023-04-02T15:00:00.000Z,2.4,5.9,4.59,0.965
2023-04-02T16:00:00.000Z,2,4.1,3.3,0.543
2023-04-02T17:00:00.000Z,3.9,11.4,7.55,2.007
2023-04-02T18:00:00.000Z,10.9,26.1,17.85,4.739
2023-04-02T19:00:00.000Z,6.5,22.9,15.4,5.503
2023-04-02T20:00:00.000Z,5.9,13.9,10.5,2.189
2023-04-02T21:00:00.000Z,8.1,12.1,9.8,1.138
2023-04-02T22:00:00.000Z,11.3,20.1,15.85,2.381
2023-04-02T23:00:00.000Z,22.1,33.5,30,3.258
2023-04-03T00:00:00.000Z,28.3,35.4,30.95,2.151
2023-04-03T01:00:00.000Z,32.3,41.2,35.9,2.265
2023-04-03T02:00:00.000Z,41.4,46.4,44.05,1.424
2023-04-03T03:00:00.000Z,45.2,50.7,48.2,1.477
2023-04-03T04:00:00.000Z,5.1,47.3,33.15,11.973
2023-04-03T05:00:00.000Z,3.2,7.3,4.7,1.13
2023-04-03T06:00:00.000Z,3.8,6.6,5.2,0.695
2023-04-03T07:00:00.000Z,4.8,8.4,7,0.937
2023-04-03T08:00:00.000Z,4.2,8.7,7.2,1.526
2023-04-03T09:00:00.000Z,6.8,16.2,9.75,2.869
2023-04-03T10:00:00.000Z,16.8,32.7,26.3,4.872
2023-04-03T11:00:00.000Z,28.6,34.3,33.25,1.571
2023-04-03T12:00:00.000Z,13.6,32.2,22.25,6.251
2023-04-03T13:00:00.000Z,13.4,19.3,16.1,1.804
2023-04-03T14:00:00.000Z,10.6,17.5,14.3,1.89
2023-04-03T15:00:00.000Z,9.5,16.7,13.65,1.978
2023-04-03T16:00:00.000Z,8.5,12.4,9.65,1.066
2023-04-03T17:00:00.000Z,11.1,17,14.9,1.831
2023-04-03T18:00:00.000Z,7.3,18.7,15.9,3.292
2023-04-03T19:00:00.000Z,6,10.8,7.9,1.675
2023-04-03T20:00:00.000Z,7.6,17.7,10.5,2.781
2023-04-03T21:00:00.000Z,15.3,23.1,17.95,2.059
2023-04-03T22:00:00.000Z,15.6,21.3,18.14,1.602
2023-04-03T23:00:00.000Z,17.4,26.1,19.45,2.476
2023-04-04T00:00:00.000Z,22.8,32.6,29.3,3.021
2023-04-04T01:00:00.000Z,22.8,25.7,24.1,0.709
2023-04-04T02:00:00.000Z,20.1,22.4,20.9,0.557
2023-04-04T03:00:00.000Z,18.1,21.3,19.89,0.863
2023-04-04T04:00:00.000Z,19.2,21.2,20.25,0.553
2023-04-04T05:00:00.000Z,19.1,21.1,20.45,0.554
2023-04-04T06:00:00.000Z,15.7,21,19.1,1.273
2023-04-04T07:00:00.000Z,10.1,19,14.5,2.997
2023-04-04T08:00:00.000Z,9,14.9,11.6,1.457
2023-04-04T09:00:00.000Z,10.7,17,13.95,1.73
2023-04-04T10:00:00.000Z,16.1,27.6,21.25,2.971
2023-04-04T11:00:00.000Z,26.3,33.5,30.35,1.834
2023-04-04T12:00:00.000Z,24.6,28.6,26.35,1.073
2023-04-04T13:00:00.000Z,19,26.7,22.35,2.098
2023-04-04T14:00:00.000Z,19.6,24.2,21.2,1.186
2023-04-04T15:00:00.000Z,21.1,24.1,22.05,0.807
2023-04-04T16:00:00.000Z,20,22.7,21.4,0.639
2023-04-04T17:00:00.000Z,21.3,26.5,22.8,1.254
2023-04-04T18:00:00.000Z,24.3,27.7,26.7,1.055
2023-04-04T19:00:00.000Z,26.2,29,27.5,0.745
2023-04-04T20:00:00.000Z,28.6,33.1,31.6,1.119
2023-04-04T21:00:00.000Z,32.6,36.8,34.9,1.048
2023-04-04T22:00:00.000Z,31.1,38.4,35.9,1.666
2023-04-04T23:00:00.000Z,25.4,31.4,27.9,1.273
2023-04-05T00:00:00.000Z,24.7,31.4,29.55,1.807
2023-04-05T01:00:00.000Z,19.4,27,23.5,2.266
2023-04-05T02:00:00.000Z,13.1,20.2,18.39,1.559
2023-04-05T03:00:00.000Z,10.4,19.1,17.2,2.326
2023-04-05T04:00:00.000Z,11.3,21,16.8,2.334
2023-04-05T05:00:00.000Z,8.6,12.9,10.8,1.084
2023-04-05T06:00:00.000Z,9.4,13.6,11.4,1.11
2023-04-05T07:00:00.000Z,9.5,13.9,12.05,1.14
2023-04-05T08:00:00.000Z,8.2,14.8,9.69,1.457
2023-04-05T09:00:00.000Z,9.3,15.1,11.2,1.306
2023-04-05T10:00:00.000Z,13.7,28.1,19.45,4.426
2023-04-05T11:00:00.000Z,28.7,36.2,33.04,1.92
2023-04-05T12:00:00.000Z,25.7,34.4,27.95,2.351
2023-04-05T13:00:00.000Z,21.4,25.8,22.6,1.058
2023-04-05T14:00:00.000Z,19.6,22.9,21.6,0.901
2023-04-05T15:00:00.000Z,11.3,19.5,15.1,2.225
2023-04-05T16:00:00.000Z,6.2,11.9,6.8,1.708
2023-04-05T17:00:00.000Z,5.1,7.3,5.8,0.657
2023-04-05T18:00:00.000Z,6.5,9.9,7.45,0.844
2023-04-05T19:00:00.000Z,6,8.8,7.6,0.859
2023-04-05T20:00:00.000Z,6.3,9.7,7.45,0.958
2023-04-05T21:00:00.000Z,5.1,8.3,6.5,0.904
2023-04-05T22:00:00.000Z,7.1,19.9,16.1,4.577
2023-04-05T23:00:00.000Z,17.3,28.3,23.8,3.058
2023-04-06T00:00:00.000Z,25,28.4,27.25,0.942
2023-04-06T01:00:00.000Z,25.9,30.4,28,1.347
2023-04-06T02:00:00.000Z,25.5,30.1,28.05,1.241
2023-04-06T03:00:00.000Z,18.4,26.5,23.2,2.153
2023-04-06T04:00:00.000Z,6.4,19.4,16.05,4.935
2023-04-06T05:00:00.000Z,3,6.9,4.15,0.87
2023-04-06T06:00:00.000Z,1.4,3.4,2.35,0.546
2023-04-06T07:00:00.000Z,2,3.4,2.4,0.286
2023-04-06T08:00:00.000Z,1.4,3.4,2.29,0.429
2023-04-06T09:00:00.000Z,1,3.1,1.9,0.489
2023-04-06T10:00:00.000Z,2.8,6.2,4.2,0.956
2023-04-06T11:00:00.000Z,5.3,17,6.9,3.326
2023-04-06T12:00:00.000Z,12.5,26.7,20.75,4.098
2023-04-06T13:00:00.000Z,18.3,24.6,21,1.73
2023-04-06T14:00:00.000Z,21.9,27.5,26,1.544
2023-04-06T15:00:00.000Z,17,21.4,19.8,1.304
2023-04-06T16:00:00.000Z,7.5,13.3,9.1,1.899
2023-04-06T17:00:00.000Z,8.8,16.4,13.2,1.992
2023-04-06T18:00:00.000Z,9.4,14.6,11.4,1.44
2023-04-06T19:00:00.000Z,8.5,19,12.4,3.279
2023-04-06T20:00:00.000Z,6.1,10.5,8.44,1.073
2023-04-06T21:00:00.000Z,6.1,11.7,7.85,1.776
2023-04-06T22:00:00.000Z,5,17.5,6.3,3.674
2023-04-06T23:00:00.000Z,17.5,22,19.6,1.257
2023-04-07T00:00:00.000Z,18.8,29.2,20.8,3.121
2023-04-07T01:00:00.000Z,21.8,30.5,24.6,2.62
2023-04-07T02:00:00.000Z,24.7,28.7,26.9,0.974
2023-04-07T03:00:00.000Z,21.5,30.4,28.35,2.225
2023-04-07T04:00:00.000Z,18.7,27.3,21.6,1.843
2023-04-07T05:00:00.000Z,18.9,22.6,20.65,0.928
2023-04-07T06:00:00.000Z,19,21.8,20.6,0.827
2023-04-07T07:00:00.000Z,16.6,20.4,18.3,0.762
2023-04-07T08:00:00.000Z,17.7,20.4,19.1,0.621
2023-04-07T09:00:00.000Z,16.9,28.3,18.3,3.499
2023-04-07T10:00:00.000Z,17.5,26.6,19.64,3.116
2023-04-07T11:00:00.000Z,26.1,32,28.3,1.71
2023-04-07T12:00:00.000Z,30.5,34.4,32,1.085
2023-04-07T13:00:00.000Z,27.7,32.1,30.65,1.345
2023-04-07T14:00:00.000Z,21.7,27.2,24.15,1.268
2023-04-07T15:00:00.000Z,19.8,23,21.15,0.784
2023-04-07T16:00:00.000Z,21.7,28,24,2.017
2023-04-07T17:00:00.000Z,22.9,30.3,27.3,1.952
2023-04-07T18:00:00.000Z,22.2,28.3,24.6,1.938
2023-04-07T19:00:00.000Z,22.2,24.5,23.6,0.569
2023-04-07T20:00:00.000Z,23.7,30.8,29.35,1.906
2023-04-07T21:00:00.000Z,26.9,31.3,28.85,1.166
2023-04-07T22:00:00.000Z,20,31.2,28.1,3.471
2023-04-07T23:00:00.000Z,20.2,30.6,24.95,3.372
2023-04-08T00:00:00.000Z,27.5,38.1,31.7,2.797
2023-04-08T01:00:00.000Z,30.2,36.3,31.6,1.753
2023-04-08T02:00:00.000Z,30.5,36.5,34.6,1.639
2023-04-08T03:00:00.000Z,27.8,37.4,33.6,2.418
2023-04-08T04:00:00.000Z,20.8,34,26.8,3.494
2023-04-08T05:00:00.000Z,19.4,21.6,20.6,0.572
2023-04-08T06:00:00.000Z,19.9,25.3,21.3,1.431
2023-04-08T07:00:00.000Z,24.6,29.9,26.1,1.551
2023-04-08T08:00:00.000Z,22.1,29.1,26.7,1.806
2023-04-08T09:00:00.000Z,15.7,22.9,18.5,2.186
2023-04-08T10:00:00.000Z,15,29,18.5,3.919
2023-04-08T11:00:00.000Z,19.2,31.6,27.15,3.97
2023-04-08T12:00:00.000Z,11,20.1,15.45,2.652
2023-04-08T13:00:00.000Z,4,14.1,9,2.961
2023-04-08T14:00:00.000Z,2.1,3.6,2.95,0.37
2023-04-08T15:00:00.000Z,1.2,2.9,2.2,0.469
2023-04-08T16:00:00.000Z,0.9,3.5,2,0.624
2023-04-08T17:00:00.000Z,0.6,2,1.3,0.401
2023-04-08T18:00:00.000Z,0,1.1,0.3,0.266
2023-04-08T19:00:00.000Z,0,1.6,0.25,0.397
2023-04-08T20:00:00.000Z,0,2,0.1,0.667
2023-04-08T21:00:00.000Z,0.4,14.1,1.8,3.401
2023-04-08T22:00:00.000Z,7.3,26.6,16.3,5.51
2023-04-08T23:00:00.000Z,2.9,7.3,4.34,1.088
2023-04-09T00:00:00.000Z,5.4,9.8,7.9,1.151
2023-04-09T01:00:00.000Z,8.2,14.6,9.4,2.202
2023-04-09T02:00:00.000Z,15.2,20.2,18.6,1.142
2023-04-09T03:00:00.000Z,8.3,14.9,10.65,1.563
2023-04-09T04:00:00.000Z,1,12.8,3.15,4.356
2023-04-09T05:00:00.000Z,0.3,2.3,1.2,0.468
2023-04-09T06:00:00.000Z,0,2,0.7,0.568
2023-04-09T07:00:00.000Z,0.1,4.5,2.9,1.271
2023-04-09T08:00:00.000Z,2.6,6.2,3.75,1.039
2023-04-09T09:00:00.000Z,1.6,6.8,2.5,0.974
2023-04-09T10:00:00.000Z,8.1,21.1,9.9,3.92
2023-04-09T11:00:00.000Z,16.2,23.6,20.6,2.029
2023-04-09T12:00:00.000Z,10.4,17.2,13.5,1.805
2023-04-09T13:00:00.000Z,7.9,14.1,9.1,1.613
2023-04-09T14:00:00.000Z,5.4,9.7,7.25,0.847
2023-04-09T15:00:00.000Z,5,6.4,5.6,0.38
2023-04-09T16:00:00.000Z,4.7,6.3,5.6,0.385
2023-04-09T17:00:00.000Z,5.3,8.2,6.5,0.688
2023-04-09T18:00:00.000Z,7.9,28.6,15.05,7.067
2023-04-09T19:00:00.000Z,19.9,29.4,25.6,2.604
2023-04-09T20:00:00.000Z,17.1,20.5,18.6,0.785
2023-04-09T21:00:00.000Z,20.8,28.4,22.7,2.15
2023-04-09T22:00:00.000Z,23,27,24.3,0.76
2023-04-09T23:00:00.000Z,27.8,33,30.1,1.329
2023-04-10T00:00:00.000Z,21.2,30.9,24.35,3.577
2023-04-10T01:00:00.000Z,20.5,25.8,23.7,1.304
2023-04-10T02:00:00.000Z,18.5,26.2,22,2.376
2023-04-10T03:00:00.000Z,15.4,17.9,16.6,0.596
2023-04-10T04:00:00.000Z,13,18,15.4,1.249
2023-04-10T05:00:00.000Z,12.5,16.3,13.95,1.006
2023-04-10T06:00:00.000Z,12.3,17.4,14.8,1.178
2023-04-10T07:00:00.000Z,14.7,19,17.2,1.264
2023-04-10T08:00:00.000Z,12.3,20.3,16.05,2.33
2023-04-10T09:00:00.000Z,20.4,28.2,25.15,2.49
2023-04-10T10:00:00.000Z,26.1,33.2,29.3,2.037
2023-04-10T11:00:00.000Z,22.5,26,24.2,0.765
2023-04-10T12:00:00.000Z,20.9,27.2,25.1,1.659
2023-04-10T13:00:00.000Z,16.2,22.4,20.95,1.49
2023-04-10T14:00:00.000Z,16,18.5,17.1,0.674
2023-04-10T15:00:00.000Z,11.8,18.1,15.4,1.802
2023-04-10T16:00:00.000Z,12,16.4,14.5,1.387
2023-04-10T17:00:00.000Z,11.4,16.6,12.9,1.59
2023-04-10T18:00:00.000Z,11.4,14.5,12.9,0.806
2023-04-10T19:00:00.000Z,10.9,17.8,13.85,1.67
2023-04-10T20:00:00.000Z,17.7,23.6,20.2,1.623
2023-04-10T21:00:00.000Z,21.2,27.1,23.7,1.283
2023-04-10T22:00:00.000Z,29.2,45.1,39.2,4.983
2023-04-10T23:00:00.000Z,38.4,45.9,42.1,2.475
2023-04-11T00:00:00.000Z,30.4,46.3,43.8,5.903
2023-04-11T01:00:00.000Z,29.1,32.2,30.45,0.874
2023-04-11T02:00:00.000Z,26.7,32.8,30.35,1.706
2023-04-11T03:00:00.000Z,30.3,37.5,34.7,2.138
2023-04-11T04:00:00.000Z,32.7,37.4,35.29,1.268
2023-04-11T05:00:00.000Z,24.8,40.3,34.7,3.836
2023-04-11T06:00:00.000Z,21.3,30,25.1,2.109
2023-04-11T07:00:00.000Z,21.2,24.2,22.9,0.812
2023-04-11T08:00:00.000Z,22.5,26.4,24.1,1.112
2023-04-11T09:00:00.000Z,24.5,33.4,29.5,2.615
2023-04-11T10:00:00.000Z,33.1,39.6,38,1.865
2023-04-11T11:00:00.000Z,26.3,40.2,34,5.186
2023-04-11T12:00:00.000Z,24.7,27.8,26.65,0.737
2023-04-11T13:00:00.000Z,24.8,31.6,29.7,1.91
2023-04-11T14:00:00.000Z,32,33.8,32.9,0.42
2023-04-11T15:00:00.000Z,31,33.4,31.9,0.646
2023-04-11T16:00:00.000Z,31.1,32.9,31.95,0.512
2023-04-11T17:00:00.000Z,30.9,36.2,32.29,1.472
2023-04-11T18:00:00.000Z,31.9,33.3,32.6,0.374
2023-04-11T19:00:00.000Z,27.9,32.8,31.6,1.35
2023-04-11T20:00:00.000Z,26.1,29,27.2,0.677
2023-04-11T21:00:00.000Z,27.1,33.1,31.5,1.999
2023-04-11T22:00:00.000Z,33.2,36.3,34.5,0.657
2023-04-11T23:00:00.000Z,36.3,41.4,38,1.321
2023-04-12T00:00:00.000Z,37.4,46.5,38.7,2.259
2023-04-12T01:00:00.000Z,38.2,43.2,40.6,1.355
2023-04-12T02:00:00.000Z,44,53.6,50.45,2.505
2023-04-12T03:00:00.000Z,53.7,66.3,60.4,3.217
2023-04-12T04:00:00.000Z,62.7,68.7,66.09,1.55
2023-04-12T05:00:00.000Z,63.1,70,66.65,1.829
2023-04-12T06:00:00.000Z,62.6,69.3,64.65,1.776
2023-04-12T07:00:00.000Z,65.2,75.6,68.59,2.376
2023-04-12T08:00:00.000Z,71.5,77.7,73.09,1.383
2023-04-12T09:00:00.000Z,69.6,78.7,72.7,2.031
2023-04-12T10:00:00.000Z,68.8,82.4,77,4.339
2023-04-12T11:00:00.000Z,73.9,84.8,76.9,2.2
2023-04-12T12:00:00.000Z,68.1,84,73.5,3.665
2023-04-12T13:00:00.000Z,56.5,77.2,71.4,5.817
2023-04-12T14:00:00.000Z,62.9,96.9,80.45,9.835
2023-04-12T15:00:00.000Z,65.7,97.3,91.15,8.246
2023-04-12T16:00:00.000Z,56.4,94,73.7,10.385
2023-04-12T17:00:00.000Z,55.4,72.1,64.09,4.054
2023-04-12T18:00:00.000Z,46.3,85.2,54.8,12.331
2023-04-12T19:00:00.000Z,34.1,102.7,52.3,25.191
2023-04-12T20:00:00.000Z,31.2,37.9,34.7,1.842
2023-04-12T21:00:00.000Z,36.5,42.9,39.4,2.182
2023-04-12T22:00:00.000Z,39.1,42.6,40.2,0.863
2023-04-12T23:00:00.000Z,38.9,43.8,41.4,1.344
2023-04-13T00:00:00.000Z,37.4,41.2,38.9,1.116
2023-04-13T01:00:00.000Z,40.8,47,44.05,1.735
2023-04-13T02:00:00.000Z,38.8,47.5,43.2,2.646
2023-04-13T03:00:00.000Z,37.3,43.5,40.79,1.765
2023-04-13T04:00:00.000Z,31.6,42.5,38.5,2.343
2023-04-13T05:00:00.000Z,30.6,35.1,33.29,1.175
2023-04-13T06:00:00.000Z,30.3,37.1,32.29,2.323
2023-04-13T07:00:00.000Z,32.4,38.4,34.7,1.584
2023-04-13T08:00:00.000Z,31.9,36.3,34.5,1.187
2023-04-13T09:00:00.000Z,31.9,39.8,37.7,2.44
2023-04-13T10:00:00.000Z,34.2,39.3,36.6,1.472
2023-04-13T11:00:00.000Z,30.7,37.5,34.85,1.658
2023-04-13T12:00:00.000Z,24.4,37.7,26.3,4.622
2023-04-13T13:00:00.000Z,21.5,27.2,24.6,1.605
2023-04-13T14:00:00.000Z,23.5,30.3,27.8,1.509
2023-04-13T15:00:00.000Z,16.9,26.3,19.85,3.209
2023-04-13T16:00:00.000Z,18.2,37.7,29.5,6.799
2023-04-13T17:00:00.000Z,32.8,39.5,34.7,1.529
2023-04-13T18:00:00.000Z,38.9,41.8,40.79,0.847
2023-04-13T19:00:00.000Z,39.1,42.1,40.75,0.78
2023-04-13T20:00:00.000Z,36.7,43,40.9,1.516
2023-04-13T21:00:00.000Z,42.4,44.6,43.1,0.495
2023-04-13T22:00:00.000Z,40.7,43.7,41.95,0.782
2023-04-13T23:00:00.000Z,35.2,42.7,37.4,2.444
2023-04-14T00:00:00.000Z,33.4,37.1,34.7,0.905
2023-04-14T01:00:00.000Z,30.5,35.7,32.9,1.501
2023-04-14T02:00:00.000Z,24.3,30.8,27.2,2.187
2023-04-14T03:00:00.000Z,23.7,28.1,25.2,1.441
2023-04-14T04:00:00.000Z,26.1,34.9,28.6,1.866
2023-04-14T05:00:00.000Z,25.7,49.8,34.65,9.125
2023-04-14T06:00:00.000Z,41.8,52.9,47.5,3.188
2023-04-14T07:00:00.000Z,40.1,53.5,49.1,3.414
2023-04-14T08:00:00.000Z,34,38.9,34.9,1.437
2023-04-14T09:00:00.000Z,30.2,36.1,34.5,1.911
2023-04-14T10:00:00.000Z,30.7,34,32.29,0.923
2023-04-14T11:00:00.000Z,31.1,34,32.9,0.658
2023-04-14T12:00:00.000Z,35.7,47,44,3.774
2023-04-14T13:00:00.000Z,39.6,46.6,45.15,1.405
2023-04-14T14:00:00.000Z,39.6,48.5,42.8,2.451
2023-04-14T15:00:00.000Z,44.3,47.9,45.9,0.936
2023-04-14T16:00:00.000Z,45.9,49.3,48.2,0.726
2023-04-14T17:00:00.000Z,49.3,52,51.1,0.622
2023-04-14T18:00:00.000Z,50.7,53.3,52.3,0.72
2023-04-14T19:00:00.000Z,51.3,55.6,52.3,1.095
2023-04-14T20:00:00.000Z,51.9,62.6,53.65,3.491
2023-04-14T21:00:00.000Z,58,66.9,63.5,2.542
2023-04-14T22:00:00.000Z,63.9,67.9,65.2,1.098
2023-04-14T23:00:00.000Z,63.4,74.8,66.9,3.231
2023-04-15T00:00:00.000Z,69.3,86,75.05,4.584
2023-04-15T01:00:00.000Z,69,87.7,78,5.795
2023-04-15T02:00:00.000Z,37.8,76.3,50.2,13.278
2023-04-15T03:00:00.000Z,40.1,50.3,46.2,2.826
2023-04-15T04:00:00.000Z,41.4,50.4,49.2,2.664
2023-04-15T05:00:00.000Z,30.3,42.9,34.25,3.741
2023-04-15T06:00:00.000Z,28.8,31.8,30.3,0.807
2023-04-15T07:00:00.000Z,28.2,31.6,29.95,0.666
2023-04-15T08:00:00.000Z,28.7,31.2,30.1,0.686
2023-04-15T09:00:00.000Z,26.5,29.4,28.4,0.772
2023-04-15T10:00:00.000Z,27.6,29.9,28.95,0.657
2023-04-15T11:00:00.000Z,28.2,52.7,31.85,8.202
2023-04-15T12:00:00.000Z,31,47.9,36.2,3.435
2023-04-15T13:00:00.000Z,28,38.5,33.79,2.917
2023-04-15T14:00:00.000Z,27.6,39.6,29.6,2.127
2023-04-15T15:00:00.000Z,29.6,35.8,32.6,1.483
2023-04-15T16:00:00.000Z,28.9,32,30.7,0.637
2023-04-15T17:00:00.000Z,28.6,35.7,32,1.546
2023-04-15T18:00:00.000Z,31,35.6,33.79,1.039
2023-04-15T19:00:00.000Z,32.8,36.6,35.54,0.908
2023-04-15T20:00:00.000Z,33,37.5,35.9,1.231
2023-04-15T21:00:00.000Z,32.8,34.8,33.9,0.477
2023-04-15T22:00:00.000Z,33.1,37,34.7,0.826
2023-04-15T23:00:00.000Z,36,41.4,38.1,1.444
2023-04-16T00:00:00.000Z,39,46,42.8,2.106
2023-04-16T01:00:00.000Z,36,42.6,39,1.911
2023-04-16T02:00:00.000Z,36.9,47.5,38.4,2.974
2023-04-16T03:00:00.000Z,44.6,48.1,46.7,0.958
2023-04-16T04:00:00.000Z,41.8,48.1,43.7,1.714
2023-04-16T05:00:00.000Z,35.3,41,37.4,1.947
2023-04-16T06:00:00.000Z,32.9,41,37.6,2.205
2023-04-16T07:00:00.000Z,25,33.2,26.9,1.847
2023-04-16T08:00:00.000Z,24.6,27.7,25.8,0.741
2023-04-16T09:00:00.000Z,24.1,29.1,27.1,1.258
2023-04-16T10:00:00.000Z,27.6,31,29.2,0.82
2023-04-16T11:00:00.000Z,29.2,31.2,30.3,0.542
2023-04-16T12:00:00.000Z,28,30.2,29.1,0.701
2023-04-16T13:00:00.000Z,29.1,31.5,30,0.583
2023-04-16T14:00:00.000Z,31.5,34.9,32.85,0.911
2023-04-16T15:00:00.000Z,28.6,35.3,33.4,2.16
2023-04-16T16:00:00.000Z,27.2,30,28.45,0.802
2023-04-16T17:00:00.000Z,28.6,35.8,33.4,1.46
2023-04-16T18:00:00.000Z,30.1,42.3,34.79,3.025
2023-04-16T19:00:00.000Z,28.5,35.6,32.1,2.078
2023-04-16T20:00:00.000Z,35.4,38.4,37.25,0.747
2023-04-16T21:00:00.000Z,37.6,43,39.5,1.339
2023-04-16T22:00:00.000Z,41.7,46.7,43.5,1.287
2023-04-16T23:00:00.000Z,43.4,49.5,47,1.466
2023-04-17T00:00:00.000Z,47.9,51.1,49.6,0.787
2023-04-17T01:00:00.000Z,48.7,52.1,50.1,0.875
2023-04-17T02:00:00.000Z,48.5,51.8,49.7,0.882
2023-04-17T03:00:00.000Z,47.3,51.7,49.2,1.13
2023-04-17T04:00:00.000Z,38.4,49.9,43.8,3.28
2023-04-17T05:00:00.000Z,38,45.1,40.95,1.913
2023-04-17T06:00:00.000Z,34.7,43.8,40.79,3.188
2023-04-17T07:00:00.000Z,37,43.1,40.2,2.059
2023-04-17T08:00:00.000Z,35.8,38.5,37,0.702
2023-04-17T09:00:00.000Z,33.3,35.7,33.95,0.556
2023-04-17T10:00:00.000Z,33.4,42.5,36.2,2.165
2023-04-17T11:00:00.000Z,35,39.4,36.9,0.811
2023-04-17T12:00:00.000Z,34.2,35.8,35.2,0.39
2023-04-17T13:00:00.000Z,34.6,36.6,35.6,0.527
2023-04-17T14:00:00.000Z,34.2,36.2,35.5,0.5
2023-04-17T15:00:00.000Z,34.7,38.7,35.95,0.977
2023-04-17T16:00:00.000Z,35.1,36.8,36.1,0.53
2023-04-17T17:00:00.000Z,33.2,35.5,34.2,0.574
2023-04-17T18:00:00.000Z,33.1,38.7,36.2,1.581
2023-04-17T19:00:00.000Z,30.7,34.5,32.2,0.995
2023-04-17T20:00:00.000Z,30.7,33.2,31.6,0.649
2023-04-17T21:00:00.000Z,33.4,38.3,35.04,1.309
2023-04-17T22:00:00.000Z,37.3,39.8,38.7,0.588
2023-04-17T23:00:00.000Z,39.3,49,45.2,3.432
2023-04-18T00:00:00.000Z,43.7,50.1,48.6,1.616
2023-04-18T01:00:00.000Z,34.5,43.4,40.4,1.965
2023-04-18T02:00:00.000Z,17.6,33.1,27.2,5.365
2023-04-18T03:00:00.000Z,8.8,17.1,13.05,2.311
2023-04-18T04:00:00.000Z,4.7,11.4,8.35,2.115
2023-04-18T05:00:00.000Z,3,7.7,4.7,1.277
2023-04-18T06:00:00.000Z,2.3,3.7,3.1,0.394
2023-04-18T07:00:00.000Z,1.4,5.2,3,0.929
2023-04-18T08:00:00.000Z,2.2,4.6,3.3,0.567
2023-04-18T09:00:00.000Z,2.4,5.6,4.5,0.776
2023-04-18T10:00:00.000Z,4.5,14.7,7.4,2.745
2023-04-18T11:00:00.000Z,16.7,22,19.25,1.135
2023-04-18T12:00:00.000Z,4.3,18.7,12.5,6.002
2023-04-18T13:00:00.000Z,1.3,4.1,3.2,0.791
2023-04-18T14:00:00.000Z,0.2,2.1,0.85,0.454
2023-04-18T15:00:00.000Z,0,1.2,0.3,0.257
2023-04-18T16:00:00.000Z,0,1,0.3,0.284
2023-04-18T17:00:00.000Z,0,0.7,0.2,0.19
2023-04-18T18:00:00.000Z,0,6.3,0.9,2.085
2023-04-18T19:00:00.000Z,0.2,7.4,4.5,2.347
2023-04-18T20:00:00.000Z,0.5,2.8,1.45,0.6
2023-04-18T21:00:00.000Z,1,6.5,3.55,1.846
2023-04-18T22:00:00.000Z,1.9,5.8,3.9,0.976
2023-04-18T23:00:00.000Z,2,4.6,3.2,0.568
2023-04-19T00:00:00.000Z,0.8,2.7,1.8,0.608
2023-04-19T01:00:00.000Z,0.2,1.8,0.8,0.514
2023-04-19T02:00:00.000Z,0.9,3.1,2.6,0.597
2023-04-19T03:00:00.000Z,2.7,7.4,5.09,1.252
2023-04-19T04:00:00.000Z,5.9,9.1,6.9,0.845
2023-04-19T05:00:00.000Z,7.8,15.6,9.35,2.181
2023-04-19T06:00:00.000Z,10.8,16.8,14.2,1.524
2023-04-19T07:00:00.000Z,8.8,16.1,12.3,1.704
2023-04-19T08:00:00.000Z,6.7,24.2,15.3,6.144
2023-04-19T09:00:00.000Z,4.3,6.6,5.6,0.629
2023-04-19T10:00:00.000Z,6,19.4,11.85,4.293
2023-04-19T11:00:00.000Z,19.3,29.1,25.65,2.932
2023-04-19T12:00:00.000Z,19.9,31.4,29.3,2.515
2023-04-19T13:00:00.000Z,4.1,18.4,7.3,5.181
2023-04-19T14:00:00.000Z,4.4,9.1,7.85,1.438
2023-04-19T15:00:00.000Z,2.7,7.2,3.8,1.242
2023-04-19T16:00:00.000Z,2.9,5.8,4.95,0.942
2023-04-19T17:00:00.000Z,2.8,7.5,5,1.32
2023-04-19T18:00:00.000Z,5.2,7.8,6.7,0.709
2023-04-19T19:00:00.000Z,5.7,10,6.65,1.123
2023-04-19T20:00:00.000Z,8.3,14.9,9.5,2.469
2023-04-19T21:00:00.000Z,15.1,22,20.3,1.894
2023-04-19T22:00:00.000Z,17.9,22.4,20.1,1.01
2023-04-19T23:00:00.000Z,15.5,23.4,18.8,2.638
2023-04-20T00:00:00.000Z,6.7,19.9,15.45,4.306
2023-04-20T01:00:00.000Z,4.7,7.1,5.65,0.509
2023-04-20T02:00:00.000Z,5.5,7.2,6.3,0.48
2023-04-20T03:00:00.000Z,4.9,16.5,9.1,3.622
2023-04-20T04:00:00.000Z,2.9,8.9,4.25,1.388
2023-04-20T05:00:00.000Z,4.6,8.1,6.1,0.617
2023-04-20T06:00:00.000Z,3.5,10.4,5.4,1.869
2023-04-20T07:00:00.000Z,4.5,10.6,6,1.532
2023-04-20T08:00:00.000Z,9,26.4,13.05,5.204
2023-04-20T09:00:00.000Z,10.6,20,14.6,2.528
2023-04-20T10:00:00.000Z,1.9,11.2,3.5,2.348
2023-04-20T11:00:00.000Z,2.5,3.9,3.1,0.435
2023-04-20T12:00:00.000Z,3,8.4,6.2,1.727
2023-04-20T13:00:00.000Z,5.3,11.3,8.05,1.187
2023-04-20T14:00:00.000Z,8.3,16.5,11.25,2.057
2023-04-20T15:00:00.000Z,8.6,18,13.1,2.806
2023-04-20T16:00:00.000Z,15.6,20,18.55,1.064
2023-04-20T17:00:00.000Z,16.7,21.8,19.3,1.256
2023-04-20T18:00:00.000Z,19.3,43.9,21.1,5.19
2023-04-20T19:00:00.000Z,19.6,23.8,21.65,1.07
2023-04-20T20:00:00.000Z,19.7,24.7,22.6,1.359
2023-04-20T21:00:00.000Z,21.2,25.1,23.2,1.01
2023-04-20T22:00:00.000Z,24.5,32.6,27.6,2.131
2023-04-20T23:00:00.000Z,33,43.1,37.9,2.977
2023-04-21T00:00:00.000Z,43.3,60.2,52.7,4.641
2023-04-21T01:00:00.000Z,43.1,61,51.4,4.738
2023-04-21T02:00:00.000Z,17.5,40.3,25.5,5.914
2023-04-21T03:00:00.000Z,6.8,16.1,12.2,2.759
2023-04-21T04:00:00.000Z,3.1,8.7,5.9,1.813
2023-04-21T05:00:00.000Z,3.9,20.6,5.09,2.991
2023-04-21T06:00:00.000Z,35,46.5,39.4,2.951
2023-04-21T07:00:00.000Z,41,46.6,43.95,1.573
2023-04-21T08:00:00.000Z,31.7,47,36.7,4.307
2023-04-21T09:00:00.000Z,24.9,35.9,28.9,3.149
2023-04-21T10:00:00.000Z,26,47.6,30.9,6.304
2023-04-21T11:00:00.000Z,26.7,35.3,31.6,2.609
2023-04-21T12:00:00.000Z,24.8,32.6,29.4,2.003
2023-04-21T13:00:00.000Z,25.3,31.2,29.2,1.442
2023-04-21T14:00:00.000Z,27.8,30.6,28.9,0.8
2023-04-21T15:00:00.000Z,26.5,30.7,28.6,1.153
2023-04-21T16:00:00.000Z,26.2,32.1,29.6,1.555
2023-04-21T17:00:00.000Z,29.5,36.4,32.5,1.637
2023-04-21T18:00:00.000Z,25,29.3,26.1,1.094
2023-04-21T19:00:00.000Z,21.5,31.2,24.8,3.291
2023-04-21T20:00:00.000Z,27.6,31.7,29.9,1.176
2023-04-21T21:00:00.000Z,24.2,29.1,26.2,1.517
2023-04-21T22:00:00.000Z,23.3,27.1,24.65,0.954
2023-04-21T23:00:00.000Z,25.8,47,33.1,7.997
2023-04-22T00:00:00.000Z,47,70.4,63.45,8.021
2023-04-22T01:00:00.000Z,45.1,67.2,53.3,8.414
2023-04-22T02:00:00.000Z,35.4,49.1,41.75,3.612
2023-04-22T03:00:00.000Z,19.4,40,29.5,5.912
2023-04-22T04:00:00.000Z,14.1,20.1,17.2,1.699
2023-04-22T05:00:00.000Z,14.7,18.7,16.5,0.873
2023-04-22T06:00:00.000Z,17.2,25.8,20.9,2.465
2023-04-22T07:00:00.000Z,21.2,28.2,25.5,2.108
2023-04-22T08:00:00.000Z,22.3,26.4,24.6,1.362
2023-04-22T09:00:00.000Z,22.1,26.7,23.95,1.112
2023-04-22T10:00:00.000Z,22.3,28,24.7,1.613
2023-04-22T11:00:00.000Z,28.7,34.3,32.75,1.365
2023-04-22T12:00:00.000Z,19.6,33.1,28.35,5.146
2023-04-22T13:00:00.000Z,19.2,23.8,20.8,0.914
2023-04-22T14:00:00.000Z,20.2,22.7,21.55,0.491
2023-04-22T15:00:00.000Z,22.4,29,27,1.494
2023-04-22T16:00:00.000Z,22.4,27.1,25.5,1.064
2023-04-22T17:00:00.000Z,20.6,27,22.95,1.819
2023-04-22T18:00:00.000Z,22.2,28.3,25.25,1.866
2023-04-22T19:00:00.000Z,22.5,27.2,24.35,1.363
2023-04-22T20:00:00.000Z,21.5,23,22.5,0.398
2023-04-22T21:00:00.000Z,22.4,28.9,24.85,2.053
2023-04-22T22:00:00.000Z,28.4,41.1,33.7,3.445
2023-04-22T23:00:00.000Z,35,46,39.7,3.109
2023-04-23T00:00:00.000Z,19.8,37.7,34.45,7.53
2023-04-23T01:00:00.000Z,7.7,20.8,14.5,3.772
2023-04-23T02:00:00.000Z,2.3,10.5,4.45,2.504
2023-04-23T03:00:00.000Z,2.2,3.9,3.2,0.407
2023-04-23T04:00:00.000Z,3.1,5.4,4.75,0.603
2023-04-23T05:00:00.000Z,4.3,5.7,5.2,0.357
2023-04-23T06:00:00.000Z,5.1,9.4,6,1.231
2023-04-23T07:00:00.000Z,7.2,14.4,12.1,2.368
2023-04-23T08:00:00.000Z,13.8,18.9,15.4,1.501
2023-04-23T09:00:00.000Z,16.6,25.4,20.75,1.972
2023-04-23T10:00:00.000Z,24.6,33.4,31.8,2.889
2023-04-23T11:00:00.000Z,25.8,31.8,29.3,1.589
2023-04-23T12:00:00.000Z,24.7,26.9,25.65,0.529
2023-04-23T13:00:00.000Z,26.6,28.9,28,0.551
2023-04-23T14:00:00.000Z,23.2,27.6,25.35,1.31
2023-04-23T15:00:00.000Z,20.1,25,22.75,1.189
2023-04-23T16:00:00.000Z,18,21.1,19.8,0.816
2023-04-23T17:00:00.000Z,17.6,19.4,18.45,0.499
2023-04-23T18:00:00.000Z,18.7,21.9,20.1,0.899
2023-04-23T19:00:00.000Z,18.3,28.2,19.7,1.848
2023-04-23T20:00:00.000Z,18.3,29.8,22.95,3.679
2023-04-23T21:00:00.000Z,19,23.5,21.4,1.215
2023-04-23T22:00:00.000Z,19.8,22.9,21.75,0.914
2023-04-23T23:00:00.000Z,21,25.4,23.05,1.225
2023-04-24T00:00:00.000Z,23.9,31.7,25.9,2.574
2023-04-24T01:00:00.000Z,19.4,32,21.5,3.67
2023-04-24T02:00:00.000Z,18.5,24.5,21.4,1.431
2023-04-24T03:00:00.000Z,19.3,36.4,29.4,6.127
2023-04-24T04:00:00.000Z,20.5,32.8,28.2,3.918
2023-04-24T05:00:00.000Z,27.6,44.1,34.15,4.567
2023-04-24T06:00:00.000Z,12.2,33.1,15.9,7.231
2023-04-24T07:00:00.000Z,9.5,12.5,11,0.836
2023-04-24T08:00:00.000Z,9,16.1,12,1.748
2023-04-24T09:00:00.000Z,15.8,24.7,21.45,2.695
2023-04-24T10:00:00.000Z,22.5,26.5,24.45,0.971
2023-04-24T11:00:00.000Z,21,25.9,23.9,1.036
2023-04-24T12:00:00.000Z,22.8,30.9,25.75,1.872
2023-04-24T13:00:00.000Z,24.2,32.7,27.8,2.813
2023-04-24T14:00:00.000Z,20.8,30.4,24.6,2.681
2023-04-24T15:00:00.000Z,19.8,25.9,24.45,1.755
2023-04-24T16:00:00.000Z,18.3,24.1,19.55,1.535
2023-04-24T17:00:00.000Z,18.9,20.7,19.6,0.44
2023-04-24T18:00:00.000Z,18.2,22.6,19.35,1.114
2023-04-24T19:00:00.000Z,21.4,24,22.35,0.559
2023-04-24T20:00:00.000Z,20.4,24.2,21.8,1.195
2023-04-24T21:00:00.000Z,23.6,27.7,26.15,1.018
2023-04-24T22:00:00.000Z,26.1,29.9,27.5,0.955
2023-04-24T23:00:00.000Z,28.9,32,29.9,0.766
2023-04-25T00:00:00.000Z,27.2,33.1,30.1,1.63
2023-04-25T01:00:00.000Z,28.2,33.1,30.55,1.211
2023-04-25T02:00:00.000Z,26.7,30.7,28.85,1.163
2023-04-25T03:00:00.000Z,20.2,27.9,24.8,2.045
2023-04-25T04:00:00.000Z,17.2,20.4,18.89,0.744
2023-04-25T05:00:00.000Z,16.8,19.4,18.2,0.729
2023-04-25T06:00:00.000Z,14.8,21.3,18.6,1.704
2023-04-25T07:00:00.000Z,15.5,20,18.5,1.153
2023-04-25T08:00:00.000Z,16.9,21.4,19.3,1.22
2023-04-25T09:00:00.000Z,8.6,17.3,10,2.311
2023-04-25T10:00:00.000Z,9.8,19.8,15.5,2.888
2023-04-25T11:00:00.000Z,16.4,28.8,26.8,4.812
2023-04-25T12:00:00.000Z,20.6,28.1,26.15,1.999
2023-04-25T13:00:00.000Z,10.6,21.8,14.95,3.793
2023-04-25T14:00:00.000Z,9.7,15.2,13.3,1.484
2023-04-25T15:00:00.000Z,14.1,19.2,16.39,1.255
2023-04-25T16:00:00.000Z,15.8,22.5,19.89,1.723
2023-04-25T17:00:00.000Z,8.2,17.2,10.5,2.156
2023-04-25T18:00:00.000Z,10.5,14.2,12.4,0.952
2023-04-25T19:00:00.000Z,11.6,18.1,14.35,1.794
2023-04-25T20:00:00.000Z,13.3,19.2,16.39,1.584
2023-04-25T21:00:00.000Z,19.3,27.9,21.4,2.707
2023-04-25T22:00:00.000Z,15.9,21.6,19.3,1.486
2023-04-25T23:00:00.000Z,12.2,26.4,17.25,3.889
2023-04-26T00:00:00.000Z,19.1,29,23.2,2.777
2023-04-26T01:00:00.000Z,19.7,26.6,23.8,1.91
2023-04-26T02:00:00.000Z,17.3,25.1,21.5,1.513
2023-04-26T03:00:00.000Z,15.5,20.4,17.8,1.119
2023-04-26T04:00:00.000Z,14.6,34.9,22.4,5.536
2023-04-26T05:00:00.000Z,11.8,16.6,13.6,1.258
2023-04-26T06:00:00.000Z,7.1,12.1,9,1.359
2023-04-26T07:00:00.000Z,10.2,15.8,12.2,1.459
2023-04-26T08:00:00.000Z,15,19.5,17.45,1.018
2023-04-26T09:00:00.000Z,17.9,20.1,19.2,0.661
2023-04-26T10:00:00.000Z,17.4,22.3,19.95,1.216
2023-04-26T11:00:00.000Z,22.9,31.8,27.5,2.431
2023-04-26T12:00:00.000Z,25.5,33.7,29.8,1.957
2023-04-26T13:00:00.000Z,18.7,25.4,20.85,1.547
2023-04-26T14:00:00.000Z,15.3,23.6,20.7,2.221
2023-04-26T15:00:00.000Z,10.6,16.8,13.1,1.5
2023-04-26T16:00:00.000Z,8.8,15.8,11.65,1.872
2023-04-26T17:00:00.000Z,9,12.7,10,1.051
2023-04-26T18:00:00.000Z,9,14.7,10.3,1.254
2023-04-26T19:00:00.000Z,15.4,28.7,21.7,3.136
2023-04-26T20:00:00.000Z,20,30.4,26.75,3.173
2023-04-26T21:00:00.000Z,22,38.9,29.05,4.413
2023-04-26T22:00:00.000Z,23.7,33.8,26,3.029
2023-04-26T23:00:00.000Z,20.4,32.9,27.3,3.144
2023-04-27T00:00:00.000Z,17.7,21.8,19.25,0.865
2023-04-27T01:00:00.000Z,11.2,18.5,16.2,2.288
2023-04-27T02:00:00.000Z,12.1,15.6,13.45,0.942
2023-04-27T03:00:00.000Z,10.6,16.3,13.6,1.626
2023-04-27T04:00:00.000Z,10.1,16.8,13.4,2.011
2023-04-27T05:00:00.000Z,10.7,17,13.1,1.482
2023-04-27T06:00:00.000Z,11.5,18.8,15.5,1.861
2023-04-27T07:00:00.000Z,12.7,20.6,16.25,2.327
2023-04-27T08:00:00.000Z,13.4,17.7,14.7,1.016
2023-04-27T09:00:00.000Z,12.4,17.8,15.15,1.604
2023-04-27T10:00:00.000Z,13.6,19.8,17.2,1.64
2023-04-27T11:00:00.000Z,17.7,25.1,21.2,1.946
2023-04-27T12:00:00.000Z,18.2,28.7,24,3.724
2023-04-27T13:00:00.000Z,14.3,23.6,18.7,2.826
2023-04-27T14:00:00.000Z,7.3,13.5,9.4,1.433
2023-04-27T15:00:00.000Z,5.8,8.7,6.8,0.856
2023-04-27T16:00:00.000Z,5.3,6.8,5.8,0.416
2023-04-27T17:00:00.000Z,5.3,6.7,6,0.388
2023-04-27T18:00:00.000Z,6.8,16.7,9.9,2.756
2023-04-27T19:00:00.000Z,13.6,27.7,18.1,4.874
2023-04-27T20:00:00.000Z,20.8,26.7,24.4,1.433
2023-04-27T21:00:00.000Z,16.7,21.2,19.1,1.171
2023-04-27T22:00:00.000Z,15.9,35.6,27.8,8.221
2023-04-27T23:00:00.000Z,25.8,34,30.75,2.742
2023-04-28T00:00:00.000Z,21.6,30.8,28.2,3.164
2023-04-28T01:00:00.000Z,23.1,30.5,26.4,2.464
2023-04-28T02:00:00.000Z,16.6,26.9,23.75,3.251
2023-04-28T03:00:00.000Z,8.6,17.5,11.2,2.413
2023-04-28T04:00:00.000Z,7.3,10.2,9.1,0.787
2023-04-28T05:00:00.000Z,9.4,15.5,11.75,1.574
2023-04-28T06:00:00.000Z,10.9,17.7,13,1.813
2023-04-28T07:00:00.000Z,14.3,21.1,19.14,2.095
2023-04-28T08:00:00.000Z,13.5,19.7,18.2,1.631
2023-04-28T09:00:00.000Z,11.2,19.7,15.2,2.404
2023-04-28T10:00:00.000Z,20.1,31.8,25.3,3.06
2023-04-28T11:00:00.000Z,31.3,35.9,34.7,1.125
2023-04-28T12:00:00.000Z,26.7,34.9,28.7,2.448
2023-04-28T13:00:00.000Z,19.7,27.3,22.3,2.22
2023-04-28T14:00:00.000Z,15.1,21.1,18.2,1.754
2023-04-28T15:00:00.000Z,14.8,20.3,16.14,1.11
2023-04-28T16:00:00.000Z,14.4,18.6,16.75,1.27
2023-04-28T17:00:00.000Z,12.7,17.9,15.6,1.437
2023-04-28T18:00:00.000Z,8.6,14.3,11.4,1.688
2023-04-28T19:00:00.000Z,7.8,12,9.6,1.14
2023-04-28T20:00:00.000Z,9.9,31.8,11.6,9.133
2023-04-28T21:00:00.000Z,16.4,33.8,30.9,3.615
2023-04-28T22:00:00.000Z,29.9,35.1,32.2,1.334
2023-04-28T23:00:00.000Z,31.2,40.9,37.5,2.758
2023-04-29T00:00:00.000Z,18.4,38.6,20.6,5.293
2023-04-29T01:00:00.000Z,19,33.4,28.2,4.918
2023-04-29T02:00:00.000Z,18.4,34.7,24.95,5.389
2023-04-29T03:00:00.000Z,1.5,22.8,9.05,6.074
2023-04-29T04:00:00.000Z,0,3.9,0.8,0.922
2023-04-29T05:00:00.000Z,0,4.8,0.55,1.199
2023-04-29T06:00:00.000Z,0,0.8,0.2,0.23
2023-04-29T07:00:00.000Z,0,0.2,0.1,0.08
2023-04-29T08:00:00.000Z,0,0.5,0.1,0.186
2023-04-29T09:00:00.000Z,0.1,7.7,3.5,2.132
2023-04-29T10:00:00.000Z,2.1,10.1,6.95,1.996
2023-04-29T11:00:00.000Z,12,30.4,22.9,4.461
2023-04-29T12:00:00.000Z,17.3,32.1,27.9,4.471
2023-04-29T13:00:00.000Z,1.9,29.4,3.1,7.942
2023-04-29T14:00:00.000Z,0,2.8,0.5,0.867
2023-04-29T15:00:00.000Z,0,0.7,0.3,0.185
2023-04-29T16:00:00.000Z,0,1.1,0.3,0.292
2023-04-29T17:00:00.000Z,0,1,0.1,0.287
2023-04-29T18:00:00.000Z,0.1,3.1,0.7,1.037
2023-04-29T19:00:00.000Z,0.7,3.5,2.2,0.837
2023-04-29T20:00:00.000Z,0.5,3.5,2.45,0.754
2023-04-29T21:00:00.000Z,2.1,5.2,4.2,0.571
2023-04-29T22:00:00.000Z,5.4,25,20.5,6.802
2023-04-29T23:00:00.000Z,6.6,24,10.4,6.085
2023-04-30T00:00:00.000Z,16.6,19.7,18.05,0.787
2023-04-30T01:00:00.000Z,8.7,25.2,14.3,3.457
2023-04-30T02:00:00.000Z,18.2,30,27.7,2.459
2023-04-30T03:00:00.000Z,0,27.4,10.5,10.888
2023-04-30T04:00:00.000Z,0,0.1,0.05,0.05
2023-04-30T09:00:00.000Z,0,1.4,0.2,0.395
2023-04-30T10:00:00.000Z,0.8,17.1,9.19,4.025
2023-04-30T11:00:00.000Z,14.5,24.5,21.4,2.491
2023-04-30T12:00:00.000Z,17.8,29.7,22.65,2.738
2023-04-30T13:00:00.000Z,7.2,18.5,9.69,3.211
2023-04-30T14:00:00.000Z,7.6,9.5,8.5,0.516
2023-04-30T15:00:00.000Z,5.1,10.7,7.2,2.054
2023-04-30T16:00:00.000Z,6,8.9,7,0.806
2023-04-30T17:00:00.000Z,8,17,12.7,2.975
2023-04-30T18:00:00.000Z,10.8,17.2,12.9,1.833
2023-04-30T19:00:00.000Z,11.1,14,12.3,0.71
2023-04-30T20:00:00.000Z,12,17,15.4,1.252
2023-04-30T21:00:00.000Z,16.4,24.5,18.75,2.231
2023-04-30T22:00:00.000Z,23,31.8,27,2.752
2023-04-30T23:00:00.000Z,24.9,35.2,31.05,2.077
2023-05-01T00:00:00.000Z,17.3,28.3,23.95,2.623
2023-05-01T01:00:00.000Z,18.9,24.1,21,1.392
2023-05-01T02:00:00.000Z,0.6,19.6,8,6.449
2023-05-01T03:00:00.000Z,0,1,0.2,0.275
2023-05-01T04:00:00.000Z,0,2.3,0.1,0.514
2023-05-01T05:00:00.000Z,0,0.3,0.05,0.122
2023-05-01T06:00:00.000Z,0,1.4,0.5,0.405
2023-05-01T07:00:00.000Z,0,0.4,0.1,0.148
2023-05-01T08:00:00.000Z,0,3.6,0.8,1.175
2023-05-01T09:00:00.000Z,0.7,5,2.7,1.253
2023-05-01T10:00:00.000Z,5,7,5.8,0.454
2023-05-01T11:00:00.000Z,1.9,4.4,3.35,0.71
2023-05-01T12:00:00.000Z,4.5,18.4,14.7,4.64
2023-05-01T13:00:00.000Z,10,18,14.35,1.933
2023-05-01T14:00:00.000Z,0.7,8.3,3.3,1.918
2023-05-01T15:00:00.000Z,0.2,2.5,1.1,0.607
2023-05-01T16:00:00.000Z,0,1.9,0.8,0.425
2023-05-01T17:00:00.000Z,0.8,3.9,2.85,0.823
2023-05-01T18:00:00.000Z,1.3,3.7,2.45,0.544
2023-05-01T19:00:00.000Z,1,3.3,2.29,0.601
2023-05-01T20:00:00.000Z,0,1.6,0.35,0.412
2023-05-01T21:00:00.000Z,0.1,8.4,1.7,2.423
2023-05-01T22:00:00.000Z,8.8,24.2,17.05,5.311
2023-05-01T23:00:00.000Z,19.6,25.4,21.3,1.43
2023-05-02T00:00:00.000Z,6.1,29.3,15.6,5.948
2023-05-02T01:00:00.000Z,0.4,5.2,2.4,1.309
2023-05-02T02:00:00.000Z,0.2,2.3,0.7,0.501
2023-05-02T03:00:00.000Z,0,3.5,0.6,1.061
2023-05-02T04:00:00.000Z,0,0.3,0.1,0.087
2023-05-02T05:00:00.000Z,0,0.2,0.05,0.075
2023-05-02T06:00:00.000Z,0,0.9,0.2,0.268
2023-05-02T07:00:00.000Z,0,0.4,0.1,0.142
2023-05-02T08:00:00.000Z,0,0.4,0.05,0.141
2023-05-02T09:00:00.000Z,0,0.4,0.1,0.118
2023-05-02T10:00:00.000Z,0.2,4.8,2.4,1.443
2023-05-02T11:00:00.000Z,2.8,6.3,4.3,0.768
2023-05-02T12:00:00.000Z,2.7,5.9,4.8,0.807
2023-05-02T13:00:00.000Z,2.6,14,6.9,2.925
2023-05-02T14:00:00.000Z,1.6,5.5,3.65,1.141
2023-05-02T15:00:00.000Z,0.8,2.8,1.6,0.499
2023-05-02T16:00:00.000Z,0.1,2.5,0.8,0.773
2023-05-02T17:00:00.000Z,0.1,4.2,0.55,1.327
2023-05-02T18:00:00.000Z,0.9,12.8,2.2,3.008
2023-05-02T19:00:00.000Z,6.4,15.6,9.9,2.863
2023-05-02T20:00:00.000Z,1.3,7.4,2.65,2.194
2023-05-02T21:00:00.000Z,1.1,3.5,2.4,0.651
2023-05-02T22:00:00.000Z,0.7,4,2.1,0.96
2023-05-02T23:00:00.000Z,3.5,6.7,5.7,0.832
2023-05-03T00:00:00.000Z,3.6,5.3,4.3,0.461
2023-05-03T01:00:00.000Z,1.6,17.8,9.8,5.527
2023-05-03T02:00:00.000Z,3.7,11.1,7.25,1.68
2023-05-03T03:00:00.000Z,0,3.6,0.15,0.841
2023-05-03T04:00:00.000Z,0,0.3,0.1,0.086
2023-05-03T05:00:00.000Z,0,0.7,0.1,0.197
2023-05-03T06:00:00.000Z,0,0.2,0.1,0.087
2023-05-03T07:00:00.000Z,0.1,8.2,5.65,1.884
2023-05-03T08:00:00.000Z,3.5,5.7,4.8,0.621
2023-05-03T09:00:00.000Z,0.8,5.3,3.2,1.142
2023-05-03T10:00:00.000Z,0.2,4,1.05,1.115
2023-05-03T11:00:00.000Z,1.1,19.3,4.15,4.306
2023-05-03T12:00:00.000Z,5.6,18.3,8.69,3.919
2023-05-03T13:00:00.000Z,3.3,7.8,4.5,0.91
2023-05-03T14:00:00.000Z,1.2,8.9,3.6,1.72
2023-05-03T15:00:00.000Z,0.2,2.2,0.7,0.68
2023-05-03T16:00:00.000Z,0.4,2.9,1.9,0.672
2023-05-03T17:00:00.000Z,0,2.8,1.55,0.674
2023-05-03T18:00:00.000Z,0,0.2,0.1,0.071
2023-05-03T19:00:00.000Z,0,3.7,1.5,0.953
2023-05-03T20:00:00.000Z,2.5,10.8,3.2,2.298
2023-05-03T21:00:00.000Z,3.6,7.9,4.75,1.176
2023-05-03T22:00:00.000Z,4.3,7.2,5.8,0.716
2023-05-03T23:00:00.000Z,5.7,10.3,8.65,1.213
2023-05-04T00:00:00.000Z,6.1,17,9.1,3.499
2023-05-04T01:00:00.000Z,1.8,18.8,4.8,4.966
2023-05-04T02:00:00.000Z,13.1,18,15.8,1.131
2023-05-04T03:00:00.000Z,2,16.6,3.7,5.728
2023-05-04T04:00:00.000Z,0.1,13.9,2.7,4.617
2023-05-04T05:00:00.000Z,0,5.4,0.8,1.592
2023-05-04T06:00:00.000Z,0,1.7,0.1,0.507
2023-05-04T07:00:00.000Z,0,2.1,0.3,0.483
2023-05-04T08:00:00.000Z,0,0.5,0.1,0.144
2023-05-04T09:00:00.000Z,0,3.3,0.8,1.275
2023-05-04T10:00:00.000Z,1.3,4.5,2.2,1.008
2023-05-04T11:00:00.000Z,4.3,14.4,11.1,2.82
2023-05-04T12:00:00.000Z,1.8,13.7,4.4,3.537
2023-05-04T13:00:00.000Z,2.3,5.2,3.4,0.743
2023-05-04T14:00:00.000Z,2.9,5.4,4.34,0.755
2023-05-04T15:00:00.000Z,0.5,4.8,2.5,1.521
2023-05-04T16:00:00.000Z,0,0.7,0.2,0.191
2023-05-04T17:00:00.000Z,0,1.9,0.2,0.381
2023-05-04T18:00:00.000Z,0,1.2,0.4,0.399
2023-05-04T19:00:00.000Z,0.7,4.4,2.7,1.058
2023-05-04T20:00:00.000Z,0,4.1,2.5,1.047
2023-05-04T21:00:00.000Z,0,9,0.4,2.689
2023-05-04T22:00:00.000Z,0.4,16.2,3.25,4.975
2023-05-04T23:00:00.000Z,1.3,8.6,2.29,1.944
2023-05-05T00:00:00.000Z,0.7,2.2,1.3,0.397
2023-05-05T01:00:00.000Z,0.4,1.6,0.9,0.29
2023-05-05T02:00:00.000Z,0.1,1.4,0.65,0.296
2023-05-05T03:00:00.000Z,0,2.2,1.05,0.546
2023-05-05T04:00:00.000Z,0,0.9,0.2,0.248
2023-05-05T05:00:00.000Z,0,0.6,0.1,0.174
2023-05-05T06:00:00.000Z,0,0.7,0.05,0.292
2023-05-05T07:00:00.000Z,0.1,0.1,0.1,0
2023-05-05T08:00:00.000Z,0,0.5,0.1,0.184
2023-05-05T09:00:00.000Z,0.4,3.8,2.5,1.117
2023-05-05T10:00:00.000Z,3.2,6.7,3.9,1.231
2023-05-05T11:00:00.000Z,6.2,19.8,10.45,4.922
2023-05-05T12:00:00.000Z,11.9,21.1,18.64,2.512
2023-05-05T13:00:00.000Z,3.4,19.4,6.8,5.756
2023-05-05T14:00:00.000Z,1.2,5,2.54,0.962
2023-05-05T15:00:00.000Z,0,2,0.3,0.432
2023-05-05T16:00:00.000Z,0,0.7,0.2,0.198
2023-05-05T17:00:00.000Z,0,0.7,0.3,0.198
2023-05-05T18:00:00.000Z,0,0.2,0.1,0.082
2023-05-05T19:00:00.000Z,0,1.1,0.1,0.345
2023-05-05T20:00:00.000Z,0,0.7,0.1,0.211
2023-05-05T21:00:00.000Z,0,0.1,0.05,0.05
2023-05-05T22:00:00.000Z,0,0.9,0.1,0.259
2023-05-05T23:00:00.000Z,0.5,4.5,3.6,1.216
2023-05-06T00:00:00.000Z,0.7,3.8,2.29,0.836
2023-05-06T01:00:00.000Z,0.1,1.2,0.7,0.271
2023-05-06T02:00:00.000Z,0,0.9,0.3,0.274
2023-05-06T03:00:00.000Z,0,0.6,0.1,0.143
2023-05-06T04:00:00.000Z,0,0.8,0.15,0.194
2023-05-06T05:00:00.000Z,0,0.3,0.1,0.103
2023-05-06T06:00:00.000Z,0,3.3,0.85,0.927
2023-05-06T07:00:00.000Z,0,2.2,1.1,0.547
2023-05-06T08:00:00.000Z,0.1,1.6,0.75,0.377
2023-05-06T09:00:00.000Z,0.5,3.1,2.4,0.633
2023-05-06T10:00:00.000Z,3.5,10,5.5,1.786
2023-05-06T11:00:00.000Z,8.9,18.1,11.35,2.487
2023-05-06T12:00:00.000Z,3.3,16.9,7,4.463
2023-05-06T13:00:00.000Z,0.8,4,2.8,0.781
2023-05-06T14:00:00.000Z,0.6,2.1,1.4,0.402
2023-05-06T15:00:00.000Z,0.3,1.3,0.8,0.286
2023-05-06T16:00:00.000Z,0,1.7,0.5,0.422
2023-05-06T17:00:00.000Z,0.5,2.1,1.4,0.396
2023-05-06T18:00:00.000Z,0.1,1.4,0.5,0.38
2023-05-06T19:00:00.000Z,0,3,0.45,0.925
2023-05-06T20:00:00.000Z,0.5,3.1,1.1,0.557
2023-05-06T21:00:00.000Z,0.4,2.9,1.2,0.593
2023-05-06T22:00:00.000Z,1.5,4.6,2.9,0.833
2023-05-06T23:00:00.000Z,1.2,4.8,2.35,1.225
2023-05-07T00:00:00.000Z,2.1,4.4,3.1,0.638
2023-05-07T01:00:00.000Z,0.6,2.5,1.8,0.452
2023-05-07T02:00:00.000Z,0.3,1.6,0.8,0.342
2023-05-07T03:00:00.000Z,1,3.4,2.1,0.641
2023-05-07T04:00:00.000Z,2.6,4,3.55,0.344
2023-05-07T05:00:00.000Z,3.2,6.7,4.2,0.924
2023-05-07T06:00:00.000Z,5.2,8.1,6.3,0.673
2023-05-07T07:00:00.000Z,4.9,17.2,6,2.706
2023-05-07T08:00:00.000Z,6.3,16.2,10.45,3.346
2023-05-07T09:00:00.000Z,0.1,7.2,1.45,1.975
2023-05-07T10:00:00.000Z,0,0.8,0.2,0.215
2023-05-07T11:00:00.000Z,0.3,2.8,1.14,0.58
2023-05-07T12:00:00.000Z,0.1,3.8,1.1,1.107
2023-05-07T13:00:00.000Z,3,7.8,5.85,1.348
2023-05-07T14:00:00.000Z,6.9,10.1,7.7,0.766
2023-05-07T15:00:00.000Z,7.5,21.1,16.14,4.999
2023-05-07T16:00:00.000Z,19,21.6,20.2,0.657
2023-05-07T17:00:00.000Z,16.2,43,19.39,4.913
2023-05-07T18:00:00.000Z,16.2,22.8,21.35,1.695
2023-05-07T19:00:00.000Z,20.5,25.1,23.2,1.098
2023-05-07T20:00:00.000Z,10.5,25,14.3,4.093
2023-05-07T21:00:00.000Z,11.1,21.4,17.35,2.382
2023-05-07T22:00:00.000Z,20.8,28.9,24.2,1.881
2023-05-07T23:00:00.000Z,18.4,22.6,20.1,1.012
2023-05-08T00:00:00.000Z,13.5,19.9,18.1,1.868
2023-05-08T01:00:00.000Z,6,18.4,7.55,4.474
2023-05-08T02:00:00.000Z,3.4,6.9,4.59,0.851
2023-05-08T03:00:00.000Z,1.5,4.6,3.4,0.823
2023-05-08T04:00:00.000Z,1.6,3.7,2.8,0.518
2023-05-08T05:00:00.000Z,1.3,4.5,2.5,0.813
2023-05-08T06:00:00.000Z,4.6,45.3,16.75,15.194
2023-05-08T07:00:00.000Z,39.7,68.6,44.9,7.208
2023-05-08T08:00:00.000Z,44.1,68.7,52.4,5.531
2023-05-08T09:00:00.000Z,25.7,48.4,39.9,7.474
2023-05-08T10:00:00.000Z,5.9,27.3,16.6,5.584
2023-05-08T11:00:00.000Z,2.8,41.3,7.1,15.32
2023-05-08T12:00:00.000Z,20.7,31.3,25.75,2.923
2023-05-08T13:00:00.000Z,20.7,31.5,26,2.914
2023-05-08T14:00:00.000Z,28.4,34.7,30.5,1.99
2023-05-08T15:00:00.000Z,33.7,37.2,35.25,1.027
2023-05-08T16:00:00.000Z,32.9,41.7,36.2,2.286
2023-05-08T17:00:00.000Z,40.4,45.6,43.7,1.767
2023-05-08T18:00:00.000Z,44.4,48.3,46.15,0.982
2023-05-08T19:00:00.000Z,44.1,53.1,49,2.168
2023-05-08T20:00:00.000Z,49.3,64.8,55.3,3.835
2023-05-08T21:00:00.000Z,53.5,61.7,58.3,2.454
2023-05-08T22:00:00.000Z,57.7,68.4,60.7,2.665
2023-05-08T23:00:00.000Z,65.6,75.8,70.3,2.777
2023-05-09T00:00:00.000Z,59,71.9,66.05,3.374
2023-05-09T01:00:00.000Z,58.3,72.7,62.5,4.474
2023-05-09T02:00:00.000Z,55.4,84.4,64.09,8.093
2023-05-09T03:00:00.000Z,44.7,87.8,71.25,11.526
2023-05-09T04:00:00.000Z,36.8,45.3,42.85,2.334
2023-05-09T05:00:00.000Z,32.1,38,34.9,1.669
2023-05-09T06:00:00.000Z,16.9,32.5,23.2,4.546
2023-05-09T07:00:00.000Z,6.4,16.9,7.7,3.46
2023-05-09T08:00:00.000Z,5.2,22.2,16.2,6.294
2023-05-09T09:00:00.000Z,5.2,8,6.8,0.751
2023-05-09T10:00:00.000Z,5.3,9.6,6.9,1.09
2023-05-09T11:00:00.000Z,7.5,20.2,13.8,3.353
2023-05-09T12:00:00.000Z,5,10.1,6.7,1.282
2023-05-09T13:00:00.000Z,7.8,33.3,26.7,10.022
2023-05-09T14:00:00.000Z,23.5,31.6,24.95,2.52
2023-05-09T15:00:00.000Z,19.7,25.4,21.35,1.742
2023-05-09T16:00:00.000Z,19.6,28.9,22.9,2.849
2023-05-09T17:00:00.000Z,22.7,32.2,28.45,2.767
2023-05-09T18:00:00.000Z,21.8,27.1,24.4,1.405
2023-05-09T19:00:00.000Z,23.5,29,25.8,1.737
2023-05-09T20:00:00.000Z,17.6,26,23.45,2.633
2023-05-09T21:00:00.000Z,10.7,21.6,17.2,2.7
2023-05-09T22:00:00.000Z,14.3,23.1,19.35,2.235
2023-05-09T23:00:00.000Z,10.8,22.8,17.2,3.197
2023-05-10T00:00:00.000Z,13.6,43,30.25,11.075
2023-05-10T01:00:00.000Z,7.1,33.4,17.3,6.99
2023-05-10T02:00:00.000Z,21.1,35.1,28.8,4.113
2023-05-10T03:00:00.000Z,1.6,21.4,6.75,6.476
2023-05-10T04:00:00.000Z,0,9.4,0.7,2.536
2023-05-10T05:00:00.000Z,0,0.6,0.1,0.17
2023-05-10T06:00:00.000Z,0,0.7,0.2,0.2
2023-05-10T07:00:00.000Z,0,20.9,2.1,6.192
2023-05-10T08:00:00.000Z,0.9,7.8,5.09,2.27
2023-05-10T09:00:00.000Z,3.7,10.8,8.3,1.631
2023-05-10T10:00:00.000Z,4.3,17.4,9.65,3.439
2023-05-10T11:00:00.000Z,1.1,31.3,23.3,11.822
2023-05-10T12:00:00.000Z,5.9,36.1,32.9,7.925
2023-05-10T13:00:00.000Z,8.6,38.8,33.5,8.528
2023-05-10T14:00:00.000Z,34.7,51.2,45.9,4.87
2023-05-10T15:00:00.000Z,31.6,49.3,39.1,7.218
2023-05-10T16:00:00.000Z,31.9,48.1,40.4,4.472
2023-05-10T17:00:00.000Z,36.5,44.9,41.85,2.702
2023-05-10T18:00:00.000Z,35.8,58,49.75,6.941
2023-05-10T19:00:00.000Z,57,81.4,74.3,6.729
2023-05-10T20:00:00.000Z,54.4,83.9,66,8.999
2023-05-10T21:00:00.000Z,48.2,62.6,56.3,3.878
2023-05-10T22:00:00.000Z,44.6,48.7,46.3,0.847
2023-05-10T23:00:00.000Z,44.6,51,47.65,1.779
2023-05-11T00:00:00.000Z,50.4,61.1,54.8,2.933
2023-05-11T01:00:00.000Z,49.9,64.3,56,4.139
2023-05-11T02:00:00.000Z,45.7,63.8,48.85,4.351
2023-05-11T03:00:00.000Z,37.8,58.5,49.6,5.962
2023-05-11T04:00:00.000Z,21.1,38.7,27.9,4.844
2023-05-11T05:00:00.000Z,8.1,23,17.85,4.045
2023-05-11T06:00:00.000Z,5.7,10.5,8.65,1.381
2023-05-11T07:00:00.000Z,0.8,10.1,7.5,2.595
2023-05-11T08:00:00.000Z,0.2,1.5,0.8,0.325
2023-05-11T09:00:00.000Z,0.5,3.9,1.3,0.948
2023-05-11T10:00:00.000Z,3.8,17.8,7.1,2.929
2023-05-11T11:00:00.000Z,9.3,26.5,15.3,5.448
2023-05-11T12:00:00.000Z,10,22.7,18.89,3.13
2023-05-11T13:00:00.000Z,5,17.4,8.1,3.132
2023-05-11T14:00:00.000Z,3.9,5.8,5,0.48
2023-05-11T15:00:00.000Z,3.7,6.4,4.59,0.57
2023-05-11T16:00:00.000Z,3.7,5,4.45,0.302
2023-05-11T17:00:00.000Z,3.8,4.8,4.34,0.289
2023-05-11T18:00:00.000Z,3.2,4.7,4,0.317
2023-05-11T19:00:00.000Z,3.4,4.6,4,0.346
2023-05-11T20:00:00.000Z,3.5,5.2,4.59,0.434
2023-05-11T21:00:00.000Z,4.6,7.2,5.8,0.563
2023-05-11T22:00:00.000Z,5.2,19.9,16.5,5.038
2023-05-11T23:00:00.000Z,20.3,30.5,24.2,2.267
2023-05-12T00:00:00.000Z,29.4,33.7,32.15,1.139
2023-05-12T01:00:00.000Z,19.6,31.2,26.7,3.222
2023-05-12T02:00:00.000Z,29.2,34.4,32.04,1.055
2023-05-12T03:00:00.000Z,8.8,31.4,14,5.866
2023-05-12T04:00:00.000Z,4.8,12.9,7.8,2.215
2023-05-12T05:00:00.000Z,0.9,6.1,3.15,1.352
2023-05-12T06:00:00.000Z,0.6,4.6,3.35,1.136
2023-05-12T07:00:00.000Z,0,4.5,1.4,1.479
2023-05-12T08:00:00.000Z,0,2.5,0.4,0.866
2023-05-12T09:00:00.000Z,0.8,3.9,2.29,0.848
2023-05-12T10:00:00.000Z,3.1,15.8,6.6,2.829
2023-05-12T11:00:00.000Z,4.9,27.9,12.1,7.306
2023-05-12T12:00:00.000Z,6.1,36.4,9.55,10.986
2023-05-12T13:00:00.000Z,5.6,11.4,7.3,1.388
2023-05-12T14:00:00.000Z,7.2,14.2,8.3,2.033
2023-05-12T15:00:00.000Z,7.8,13.6,10.45,1.617
2023-05-12T16:00:00.000Z,8.5,16.9,10.55,2.303
2023-05-12T17:00:00.000Z,14.1,25,18.6,2.624
2023-05-12T18:00:00.000Z,15,26.1,23.6,2.627
2023-05-12T19:00:00.000Z,4.2,14.8,9,3.009
2023-05-12T20:00:00.000Z,5.1,7.4,6.4,0.601
2023-05-12T21:00:00.000Z,4.8,12.4,8.3,2.053
2023-05-12T22:00:00.000Z,4.7,12.2,8,1.749
2023-05-12T23:00:00.000Z,13.4,30.7,20.1,5.023
2023-05-13T00:00:00.000Z,30.7,45.9,39.95,4.268
2023-05-13T01:00:00.000Z,12.1,33.3,18.25,5.799
2023-05-13T02:00:00.000Z,17.5,24.5,20.5,1.694
2023-05-13T03:00:00.000Z,18.2,27.1,23.7,2.881
2023-05-13T04:00:00.000Z,12.4,19.6,17.2,1.483
2023-05-13T05:00:00.000Z,11.8,20,17.2,2.401
2023-05-13T06:00:00.000Z,9.4,23.7,14.4,4.184
2023-05-13T07:00:00.000Z,19.8,35.7,30.5,5.375
2023-05-13T08:00:00.000Z,22.6,32.9,27.15,2.716
2023-05-13T09:00:00.000Z,17.6,24.1,19.1,1.242
2023-05-13T10:00:00.000Z,17.6,46.4,30.9,10.987
2023-05-13T11:00:00.000Z,9.3,42.4,35.1,10.016
2023-05-13T12:00:00.000Z,5.9,12.9,7.15,1.693
2023-05-13T13:00:00.000Z,4.2,8.2,6.5,1.02
2023-05-13T14:00:00.000Z,3.6,5.2,4.5,0.346
2023-05-13T15:00:00.000Z,4.1,5.9,4.9,0.438
2023-05-13T16:00:00.000Z,3.3,6.3,4.59,0.813
2023-05-13T17:00:00.000Z,5.3,7.6,6.4,0.538
2023-05-13T18:00:00.000Z,4.8,8.3,6.4,0.787
2023-05-13T19:00:00.000Z,6.2,21.6,14.9,4.544
2023-05-13T20:00:00.000Z,8,23.7,9.1,4.685
2023-05-13T21:00:00.000Z,23.9,36.2,33,3.389
2023-05-13T22:00:00.000Z,28.1,32.3,29.95,0.969
2023-05-13T23:00:00.000Z,15.6,28.1,21.35,3.709
2023-05-14T00:00:00.000Z,17.7,21.3,18.75,0.906
2023-05-14T01:00:00.000Z,21.5,24.2,22.9,0.626
2023-05-14T02:00:00.000Z,28.2,47.3,41.7,6.326
2023-05-14T03:00:00.000Z,44.4,58.9,49.7,3.812
2023-05-14T04:00:00.000Z,43.4,58.8,44.7,5.237
2023-05-14T05:00:00.000Z,24.7,46.7,41.45,5.65
2023-05-14T06:00:00.000Z,23.1,29.5,26.35,1.66
2023-05-14T07:00:00.000Z,28.2,36.8,31.6,2.092
2023-05-14T08:00:00.000Z,27.2,39,34.2,3.493
2023-05-14T09:00:00.000Z,24.7,30.8,26.8,1.668
2023-05-14T10:00:00.000Z,28.7,32.6,31.4,1.139
2023-05-14T11:00:00.000Z,33.6,43.3,37.85,3.382
2023-05-14T12:00:00.000Z,39.7,49.6,46.1,3.299
2023-05-14T13:00:00.000Z,32.7,41.8,34.4,2.113
2023-05-14T14:00:00.000Z,33.1,35.8,34.4,0.725
2023-05-14T15:00:00.000Z,33.2,42.2,36.7,1.995
2023-05-14T16:00:00.000Z,30.5,42,38.7,4.424
2023-05-14T17:00:00.000Z,29.7,40,31.4,2.146
2023-05-14T18:00:00.000Z,40.6,45.4,43.9,1.022
2023-05-14T19:00:00.000Z,42.6,47,44.9,1.243
2023-05-14T20:00:00.000Z,32.8,44.1,40.7,3.713
2023-05-14T21:00:00.000Z,20.5,32.1,26.5,3.609
2023-05-14T22:00:00.000Z,10.2,20.5,17.39,3.257
2023-05-14T23:00:00.000Z,7.7,13.6,10,1.484
2023-05-15T00:00:00.000Z,9.8,17.6,12,2.285
2023-05-15T01:00:00.000Z,17.2,28.7,23.5,3.423
2023-05-15T02:00:00.000Z,27.3,37,33.7,2.642
2023-05-15T03:00:00.000Z,35.3,42.3,40.3,1.613
2023-05-15T04:00:00.000Z,29.1,41.2,36.2,3.544
2023-05-15T05:00:00.000Z,21.1,34.7,26.1,3.736
2023-05-15T06:00:00.000Z,16.9,29.8,22,4.019
2023-05-15T07:00:00.000Z,5.8,18.5,14.45,4.531
2023-05-15T08:00:00.000Z,4.9,6.8,5.9,0.497
2023-05-15T09:00:00.000Z,5.9,8.5,7.3,0.663
2023-05-15T10:00:00.000Z,6.6,9.6,8,0.79
2023-05-15T11:00:00.000Z,7.1,10.1,8.1,0.699
2023-05-15T12:00:00.000Z,7,9,8.35,0.496
2023-05-15T13:00:00.000Z,8.4,12.1,9.7,0.917
2023-05-15T14:00:00.000Z,7,10.3,8.65,1.077
2023-05-15T15:00:00.000Z,7,22.6,19.25,4.217
2023-05-15T16:00:00.000Z,18.1,25,21.35,2.054
2023-05-15T17:00:00.000Z,18.4,23.9,20.35,1.45
2023-05-15T18:00:00.000Z,15.1,17.8,16.75,0.794
2023-05-15T19:00:00.000Z,15.1,18.5,17.35,0.781
2023-05-15T20:00:00.000Z,13.6,18.4,17.1,1.185
2023-05-15T21:00:00.000Z,17.8,24.2,19.4,1.542
2023-05-15T22:00:00.000Z,12.2,52.8,21.85,10.495
2023-05-15T23:00:00.000Z,0.6,39.8,5.8,9.418
2023-05-16T00:00:00.000Z,3.4,19.1,8.85,5.273
2023-05-16T01:00:00.000Z,2.5,9.1,5.2,1.495
2023-05-16T02:00:00.000Z,3.9,14.8,6.7,2.98
2023-05-16T03:00:00.000Z,1.8,4.4,3.5,0.678
2023-05-16T04:00:00.000Z,0.1,4.7,2.45,1.63
2023-05-16T05:00:00.000Z,0,1.4,0.3,0.296
2023-05-16T06:00:00.000Z,0,1.5,0.55,0.411
2023-05-16T07:00:00.000Z,0,0.2,0.1,0.072
2023-05-16T08:00:00.000Z,0.2,10,0.8,1.769
2023-05-16T09:00:00.000Z,2.4,20.9,4.9,4.599
2023-05-16T10:00:00.000Z,2.3,5.6,3.4,0.771
2023-05-16T11:00:00.000Z,0.9,3.4,1.6,0.764
2023-05-16T12:00:00.000Z,0.5,1.4,0.8,0.374