# Sensor Multinational Village, Para√±aque, Philippines (Purple Air/57447)
# https://aqicn.org/station/@127897/
# Hourly pm25
date,min,max,median,stddev
2023-02-13T00:00:00.000Z,11.2,34.8,17.3,5.256
2023-02-13T01:00:00.000Z,15.7,37.6,30.1,7.653
2023-02-13T02:00:00.000Z,10.8,34,27.6,7.001
2023-02-13T03:00:00.000Z,11,28.8,16.35,4.304
2023-02-13T04:00:00.000Z,5.3,16,9.1,2.711
2023-02-13T05:00:00.000Z,9.8,25.3,13.2,3.389
2023-02-13T06:00:00.000Z,2.8,251.7,13.35,52.825
2023-02-13T07:00:00.000Z,1.5,4.6,2.45,0.7
2023-02-13T08:00:00.000Z,2.4,4.8,3.7,0.641
2023-02-13T09:00:00.000Z,3.5,12.2,5.8,2.191
2023-02-13T10:00:00.000Z,7.4,35.8,15.9,6.943
2023-02-13T11:00:00.000Z,12.8,52.2,20.3,9.137
2023-02-13T12:00:00.000Z,11.5,23.6,16.14,2.739
2023-02-13T13:00:00.000Z,18.7,28.4,22.4,2.688
2023-02-13T14:00:00.000Z,17.9,73,21.5,16.309
2023-02-13T15:00:00.000Z,24.5,75.5,43.6,15.05
2023-02-13T16:00:00.000Z,25.6,273.7,43.4,67.455
2023-02-13T17:00:00.000Z,40.4,84,66.3,11.605
2023-02-13T18:00:00.000Z,29.6,112.8,40.6,25.452
2023-02-13T19:00:00.000Z,32.2,53.5,38.6,5.123
2023-02-13T20:00:00.000Z,85.6,255,184.35,30.522
2023-02-13T21:00:00.000Z,70.3,145.9,99.85,19.389
2023-02-13T22:00:00.000Z,63.4,115.2,82.6,14.369
2023-02-13T23:00:00.000Z,38.7,95.5,69.2,19.997
2023-02-14T00:00:00.000Z,21,69,33.95,8.791
2023-02-14T01:00:00.000Z,28.2,40.6,36,3.633
2023-02-14T02:00:00.000Z,37.1,49.2,40.15,2.832
2023-02-14T03:00:00.000Z,44,57.7,48.8,2.746
2023-02-14T04:00:00.000Z,45.2,51.7,49.3,1.474
2023-02-14T05:00:00.000Z,30.2,50.7,47.35,4.348
2023-02-14T06:00:00.000Z,4.4,53.7,41.6,15.861
2023-02-14T07:00:00.000Z,3.9,62.5,17.2,15.649
2023-02-14T08:00:00.000Z,3.7,8.4,4.7,0.981
2023-02-14T09:00:00.000Z,4.2,20.8,6.1,3.873
2023-02-14T10:00:00.000Z,8.6,23.6,10.4,3.605
2023-02-14T11:00:00.000Z,12.8,19.5,16.1,1.57
2023-02-14T12:00:00.000Z,4.5,19.8,5.6,4.294
2023-02-14T13:00:00.000Z,3.3,8.1,4.2,0.978
2023-02-14T14:00:00.000Z,2.5,4.3,3.1,0.491
2023-02-14T15:00:00.000Z,2.4,5.2,3,0.554
2023-02-14T16:00:00.000Z,2.1,4.1,3.1,0.474
2023-02-14T17:00:00.000Z,2.6,4.2,3.2,0.438
2023-02-14T18:00:00.000Z,2.3,3.5,3,0.291
2023-02-14T19:00:00.000Z,3.1,14,4.4,2.532
2023-02-14T20:00:00.000Z,7.8,21.6,14.95,3.571
2023-02-14T21:00:00.000Z,11.6,27.3,18.5,3.779
2023-02-14T22:00:00.000Z,25.5,130.8,34.4,26.233
2023-02-14T23:00:00.000Z,37.8,132.8,66.59,17.472
2023-02-15T00:00:00.000Z,20.7,50.9,32,5.563
2023-02-15T01:00:00.000Z,12.5,30.6,20.3,3.614
2023-02-15T02:00:00.000Z,3.7,29.9,13,6.867
2023-02-15T03:00:00.000Z,2.3,22.9,6.2,4.608
2023-02-15T04:00:00.000Z,2.1,9.3,3,1.584
2023-02-15T05:00:00.000Z,1.6,3.2,2.29,0.376
2023-02-15T06:00:00.000Z,1.1,4.2,2.1,0.671
2023-02-15T07:00:00.000Z,1.7,3.2,2.4,0.363
2023-02-15T08:00:00.000Z,3,10.3,3.9,1.666
2023-02-15T09:00:00.000Z,4,17,5.4,4.269
2023-02-15T10:00:00.000Z,7.9,19.9,14.2,3.324
2023-02-15T11:00:00.000Z,6.6,41.2,7.6,9.212
2023-02-15T12:00:00.000Z,11.8,29,15.2,5.674
2023-02-15T13:00:00.000Z,8.9,23.6,14.15,4.635
2023-02-15T14:00:00.000Z,4.7,27.1,16.7,7.459
2023-02-15T15:00:00.000Z,3.2,5.1,4.5,0.445
2023-02-15T16:00:00.000Z,2.8,5,3.7,0.542
2023-02-15T17:00:00.000Z,2.2,6.8,3,0.832
2023-02-15T18:00:00.000Z,1.7,2.9,2.29,0.276
2023-02-15T19:00:00.000Z,2.1,5,2.8,0.694
2023-02-15T20:00:00.000Z,1.2,6,2.15,1.399
2023-02-15T21:00:00.000Z,3.1,10,6.6,1.774
2023-02-15T22:00:00.000Z,6.9,130.7,49,25.077
2023-02-15T23:00:00.000Z,6.4,41.4,9.9,8.335
2023-02-16T00:00:00.000Z,5.4,12,6.8,1.487
2023-02-16T01:00:00.000Z,4.4,18.6,7.15,2.483
2023-02-16T02:00:00.000Z,3,15.5,6.2,3.661
2023-02-16T03:00:00.000Z,3.4,13,4.59,2.442
2023-02-16T04:00:00.000Z,3.4,13.6,4.55,2.114
2023-02-16T05:00:00.000Z,3.3,7.9,4.45,0.992
2023-02-16T06:00:00.000Z,4.6,10.7,6,1.149
2023-02-16T07:00:00.000Z,5.5,8.6,6.25,0.663
2023-02-16T08:00:00.000Z,5.6,17.1,7.85,3.265
2023-02-16T09:00:00.000Z,17.6,46.8,23.5,6.429
2023-02-16T10:00:00.000Z,20.4,48.6,24.2,8.783
2023-02-16T11:00:00.000Z,9.8,44.7,12.9,9.561
2023-02-16T12:00:00.000Z,9.1,13,10.3,0.799
2023-02-16T13:00:00.000Z,9.7,19.7,10.5,2.315
2023-02-16T14:00:00.000Z,7.2,10.6,8.9,0.731
2023-02-16T15:00:00.000Z,6.6,9,7.3,0.581
2023-02-16T16:00:00.000Z,6,36.4,7.3,8.887
2023-02-16T17:00:00.000Z,5.2,23.8,7.4,4.727
2023-02-16T18:00:00.000Z,6.7,30.2,8.5,7.081
2023-02-16T19:00:00.000Z,7.3,16.5,8.6,1.753
2023-02-16T20:00:00.000Z,10.4,53.4,32.2,8.514
2023-02-16T21:00:00.000Z,29,45.5,36,4.806
2023-02-16T22:00:00.000Z,33.1,46.8,41.5,2.663
2023-02-16T23:00:00.000Z,23.7,101,37.75,16.216
2023-02-17T00:00:00.000Z,30.6,98.5,43.5,19.757
2023-02-17T01:00:00.000Z,13.6,36.5,19.45,6.955
2023-02-17T02:00:00.000Z,7.5,29.3,10.45,6.129
2023-02-17T03:00:00.000Z,6,8.3,7.35,0.513
2023-02-17T04:00:00.000Z,5.6,8.7,6.85,0.806
2023-02-17T05:00:00.000Z,5.8,10,6.7,0.952
2023-02-17T06:00:00.000Z,6.4,9,7.9,0.496
2023-02-17T07:00:00.000Z,8.2,15.1,10.1,1.574
2023-02-17T08:00:00.000Z,8.2,24.4,10.1,3.691
2023-02-17T09:00:00.000Z,11.1,35.4,23.8,7.305
2023-02-17T10:00:00.000Z,15.6,32.2,23,3.688
2023-02-17T11:00:00.000Z,14.1,32.9,21.95,4.314
2023-02-17T12:00:00.000Z,8.2,16.3,10.65,2.833
2023-02-17T13:00:00.000Z,6.1,24.9,10.75,6.342
2023-02-17T14:00:00.000Z,5.1,10,8,1.234
2023-02-17T15:00:00.000Z,6.6,9.1,7.7,0.668
2023-02-17T16:00:00.000Z,7.4,11.2,8.5,0.836
2023-02-17T17:00:00.000Z,8.2,91.4,11.1,24.113
2023-02-17T18:00:00.000Z,15.4,56.5,36.79,10.801
2023-02-17T19:00:00.000Z,15.2,63.9,20.5,10.196
2023-02-17T20:00:00.000Z,14.5,60.5,17.2,12.064
2023-02-17T21:00:00.000Z,23.4,44.5,26.2,4.644
2023-02-17T22:00:00.000Z,28.4,55,31.6,6.97
2023-02-17T23:00:00.000Z,28.3,43.3,32.9,3.767
2023-02-18T00:00:00.000Z,14.3,40.2,28.8,7.558
2023-02-18T01:00:00.000Z,12.8,17,14.8,1.05
2023-02-18T02:00:00.000Z,13.7,31.4,23,5.665
2023-02-18T03:00:00.000Z,32.1,42.3,34.65,2.299
2023-02-18T04:00:00.000Z,26.1,38.3,32.6,2.541
2023-02-18T05:00:00.000Z,1.2,31.4,20.7,9.357
2023-02-18T06:00:00.000Z,1,87.5,2.95,21.521
2023-02-18T07:00:00.000Z,2.6,29.3,4.59,6.753
2023-02-18T08:00:00.000Z,2.6,26.3,6.2,6.197
2023-02-18T09:00:00.000Z,3.1,24.8,8.25,6.744
2023-02-18T10:00:00.000Z,11.8,38.4,15.5,6.164
2023-02-18T11:00:00.000Z,9.5,20.1,13.7,2.34
2023-02-18T12:00:00.000Z,4.9,24.5,8.19,6.873
2023-02-18T13:00:00.000Z,7.3,28.9,24.7,4.909
2023-02-18T14:00:00.000Z,15.4,25.2,19.39,2.319
2023-02-18T15:00:00.000Z,17.5,40.7,29.85,7.653
2023-02-18T16:00:00.000Z,7.8,31.6,24.9,8.652
2023-02-18T17:00:00.000Z,2.1,12.7,6.9,3.195
2023-02-18T18:00:00.000Z,1.2,6.1,3.35,1.399
2023-02-18T19:00:00.000Z,3.8,5.6,4.4,0.51
2023-02-18T20:00:00.000Z,3.9,11.6,6.15,2.574
2023-02-18T21:00:00.000Z,8.6,26.2,12.05,4.71
2023-02-18T22:00:00.000Z,8,15.8,10.5,1.701
2023-02-18T23:00:00.000Z,13.5,23.1,16.7,2.54
2023-02-19T00:00:00.000Z,15.5,77.4,28.3,14.747
2023-02-19T01:00:00.000Z,33.4,51.3,38.7,4.467
2023-02-19T02:00:00.000Z,37.7,53.5,44.5,3.7
2023-02-19T03:00:00.000Z,21.1,55.9,41.7,9.585
2023-02-19T04:00:00.000Z,26.8,59.2,35.2,8.042
2023-02-19T05:00:00.000Z,29.2,38.8,33.7,2.601
2023-02-19T06:00:00.000Z,19.2,41.1,33.4,4.931
2023-02-19T07:00:00.000Z,27.6,36.8,30.8,2.425
2023-02-19T08:00:00.000Z,28,62,37.9,7.525
2023-02-19T09:00:00.000Z,29.2,38.1,33.65,2.371
2023-02-19T10:00:00.000Z,28.5,41.2,33.2,3.681
2023-02-19T11:00:00.000Z,38.2,75,54.6,11.124
2023-02-19T12:00:00.000Z,49.2,86.8,51.7,9.788
2023-02-19T13:00:00.000Z,52.2,76.1,57.8,5.683
2023-02-19T14:00:00.000Z,51.5,60.8,54.15,2.321
2023-02-19T15:00:00.000Z,51.6,63.5,54.8,2.71
2023-02-19T16:00:00.000Z,49.9,61.6,53.8,2.335
2023-02-19T17:00:00.000Z,48.9,55.6,51.8,1.594
2023-02-19T18:00:00.000Z,40.3,54.1,42.9,3.253
2023-02-19T19:00:00.000Z,45.3,197.8,52.7,57.247
2023-02-19T20:00:00.000Z,46.4,77.6,50.05,9.349
2023-02-19T21:00:00.000Z,44.5,50.3,48.65,1.991
2023-02-19T22:00:00.000Z,44,47.6,45.7,0.876
2023-02-19T23:00:00.000Z,42.2,89.6,48.4,11.603
2023-02-20T00:00:00.000Z,46.4,62,50,3.734
2023-02-20T01:00:00.000Z,44.8,50.3,47.15,1.528
2023-02-20T02:00:00.000Z,37,49.9,42.95,3.899
2023-02-20T03:00:00.000Z,26.1,41.2,36,3.151
2023-02-20T04:00:00.000Z,23.2,32.4,27.95,2.613
2023-02-20T05:00:00.000Z,26.4,60.6,45.4,10.737
2023-02-20T06:00:00.000Z,37.4,49.6,42.9,2.809
2023-02-20T07:00:00.000Z,32.6,49.7,38.9,5.116
2023-02-20T08:00:00.000Z,32.9,47.3,38.79,2.753
2023-02-20T09:00:00.000Z,41.1,97.8,62.2,15.674
2023-02-20T10:00:00.000Z,8.1,50.6,23.45,11.632
2023-02-20T11:00:00.000Z,6.4,10.7,9.1,1.197
2023-02-20T12:00:00.000Z,5.7,8.3,6.95,0.705
2023-02-20T13:00:00.000Z,2.9,6.3,3.7,0.742
2023-02-20T14:00:00.000Z,3.9,5.9,4.59,0.412
2023-02-20T15:00:00.000Z,3,6,4.59,0.904
2023-02-20T16:00:00.000Z,5.4,7.8,6.4,0.605
2023-02-20T17:00:00.000Z,7.4,10.8,9.69,1.006
2023-02-20T18:00:00.000Z,8.2,10.7,9.55,0.729
2023-02-20T19:00:00.000Z,8.4,16.5,10.3,2.165
2023-02-20T20:00:00.000Z,8.4,12.3,10.9,0.827
2023-02-20T21:00:00.000Z,5.3,30.7,7.45,4.839
2023-02-20T22:00:00.000Z,6,32.2,12.7,6.247
2023-02-20T23:00:00.000Z,21,43.1,38.29,7.552
2023-02-21T00:00:00.000Z,28.9,42.6,38.6,3.697
2023-02-21T01:00:00.000Z,13.3,45.3,34.25,7.134
2023-02-21T02:00:00.000Z,12.5,37,19.5,8.108
2023-02-21T03:00:00.000Z,30.4,39.9,34.6,2.453
2023-02-21T04:00:00.000Z,7.8,127.5,32.29,23.209
2023-02-21T05:00:00.000Z,38.3,49.2,40.79,2.825
2023-02-21T06:00:00.000Z,1.8,49.4,4.34,18.576
2023-02-21T07:00:00.000Z,1.1,3.9,1.9,0.913
2023-02-21T08:00:00.000Z,2.3,20.6,6.8,4.329
2023-02-21T09:00:00.000Z,3,23.6,7.3,5.859
2023-02-21T10:00:00.000Z,6.9,18.7,10.8,2.81
2023-02-21T11:00:00.000Z,4.5,14.7,6.5,1.982
2023-02-21T12:00:00.000Z,3.8,18.1,7.45,4.593
2023-02-21T13:00:00.000Z,3,4.5,3.9,0.401
2023-02-21T14:00:00.000Z,1.9,3.4,2.6,0.338
2023-02-21T15:00:00.000Z,1.2,2.8,2.2,0.349
2023-02-21T16:00:00.000Z,1.3,2.5,1.8,0.272
2023-02-21T17:00:00.000Z,1,3.1,1.4,0.408
2023-02-21T18:00:00.000Z,0.9,2.1,1.4,0.291
2023-02-21T19:00:00.000Z,1.3,19,3.4,5.528
2023-02-21T20:00:00.000Z,4.8,73.8,32.15,18.481
2023-02-21T21:00:00.000Z,14.3,67.5,32,13.733
2023-02-21T22:00:00.000Z,36.6,259.9,54.7,58.522
2023-02-21T23:00:00.000Z,8,52.7,30.4,12.239
2023-02-22T00:00:00.000Z,6.2,16.2,9,3.056
2023-02-22T01:00:00.000Z,9,27.1,18.8,5.221
2023-02-22T02:00:00.000Z,12.1,18.6,13.85,1.569
2023-02-22T03:00:00.000Z,9.9,29.2,18.3,5.488
2023-02-22T04:00:00.000Z,19.4,34.4,26.3,3.966
2023-02-22T05:00:00.000Z,17.5,33.1,22.9,4.611
2023-02-22T06:00:00.000Z,17.4,38.7,24.8,5.106
2023-02-22T07:00:00.000Z,8,40.1,17.1,9.451
2023-02-22T08:00:00.000Z,11.2,27.8,17.25,4.646
2023-02-22T09:00:00.000Z,7.4,28.9,17,6.68
2023-02-22T10:00:00.000Z,6.3,14.2,10.15,2.239
2023-02-22T11:00:00.000Z,10,14.9,13.2,1.461
2023-02-22T12:00:00.000Z,9.3,13.7,11.5,1.209
2023-02-22T13:00:00.000Z,9,16,12.5,1.869
2023-02-22T14:00:00.000Z,7.7,20.6,12.3,4.191
2023-02-22T15:00:00.000Z,5.3,13.9,6.5,2.681
2023-02-22T16:00:00.000Z,5.3,9.4,6.8,1.163
2023-02-22T17:00:00.000Z,7.6,14.8,9.5,1.62
2023-02-22T18:00:00.000Z,8.4,15,11.5,2.012
2023-02-22T19:00:00.000Z,14.3,18,16.6,1.059
2023-02-22T20:00:00.000Z,15.5,20.9,17.95,1.248
2023-02-22T21:00:00.000Z,19.4,72.6,21.8,13.044
2023-02-22T22:00:00.000Z,41.6,64.7,45.4,5.151
2023-02-22T23:00:00.000Z,35.5,53.2,38.29,4.784
2023-02-23T00:00:00.000Z,36.1,58.5,40.2,5.691
2023-02-23T01:00:00.000Z,43.9,52.1,47.4,1.998
2023-02-23T02:00:00.000Z,38.4,48.8,42.1,2.979
2023-02-23T03:00:00.000Z,47.6,72.5,52.7,6.63
2023-02-23T04:00:00.000Z,60.4,69.5,64.59,2.587
2023-02-23T05:00:00.000Z,38.6,57.9,48.8,6.207
2023-02-23T06:00:00.000Z,32.3,50.3,38.6,3.703
2023-02-23T07:00:00.000Z,25.6,37.7,29.5,2.633
2023-02-23T08:00:00.000Z,27.9,44,38.5,4.445
2023-02-23T09:00:00.000Z,35.8,49,40.85,3.007
2023-02-23T10:00:00.000Z,32.9,48.4,36.6,4.059
2023-02-23T11:00:00.000Z,31.2,57.6,41.8,6.193
2023-02-23T12:00:00.000Z,26.6,80.5,33.15,12.826
2023-02-23T13:00:00.000Z,30.6,41,34.25,3.639
2023-02-23T14:00:00.000Z,36.9,43.8,39.79,1.558
2023-02-23T15:00:00.000Z,41,43.9,42,0.766
2023-02-23T16:00:00.000Z,34.5,66,42.4,6.299
2023-02-23T17:00:00.000Z,27.2,76.2,33.9,9.616
2023-02-23T18:00:00.000Z,30.9,47.9,35.5,4.286
2023-02-23T19:00:00.000Z,27.7,33.2,30,1.269
2023-02-23T20:00:00.000Z,25.4,29.8,28.2,1.238
2023-02-23T21:00:00.000Z,24.2,31.4,29.2,1.981
2023-02-23T22:00:00.000Z,24.6,124.4,32.4,27.318
2023-02-23T23:00:00.000Z,31.8,36.5,34.1,1.446
2023-02-24T00:00:00.000Z,37.2,385.8,43.3,91.963
2023-02-24T01:00:00.000Z,49.7,143.9,55,20.885
2023-02-24T02:00:00.000Z,60.6,152.1,84,24.31
2023-02-24T03:00:00.000Z,56.5,68.6,62.15,3.382
2023-02-24T04:00:00.000Z,50.4,67.2,60.5,5.47
2023-02-24T05:00:00.000Z,39.2,69.3,44.2,6.945
2023-02-24T06:00:00.000Z,40.6,64,49.9,5.115
2023-02-24T07:00:00.000Z,58.1,244.1,64.8,46.435
2023-02-24T08:00:00.000Z,47.7,58.7,51.95,3.271
2023-02-24T09:00:00.000Z,48.1,53.4,50.8,1.54
2023-02-24T10:00:00.000Z,23.2,146.4,51,25.237
2023-02-24T11:00:00.000Z,9,18.6,11.6,2.569
2023-02-24T12:00:00.000Z,10.8,18,12.4,1.948
2023-02-24T13:00:00.000Z,6.3,30.4,13.75,5.305
2023-02-24T14:00:00.000Z,5.5,12.9,9.5,2.126
2023-02-24T15:00:00.000Z,7.5,12.5,10,1.51
2023-02-24T16:00:00.000Z,9.5,55.5,25.15,11.092
2023-02-24T17:00:00.000Z,21.6,34.6,24.75,2.774
2023-02-24T18:00:00.000Z,19.1,26,21.4,1.995
2023-02-24T19:00:00.000Z,22.5,26.4,24.3,0.985
2023-02-24T20:00:00.000Z,20.1,24.4,22.5,1.161
2023-02-24T21:00:00.000Z,18.5,32.8,20.6,4.587
2023-02-24T22:00:00.000Z,19.5,65.1,22.65,9.619
2023-02-24T23:00:00.000Z,21.6,63.9,27.7,8.994
2023-02-25T00:00:00.000Z,18.5,34.1,26.5,4.457
2023-02-25T01:00:00.000Z,29.8,55.3,32.75,4.905
2023-02-25T02:00:00.000Z,23.3,68.4,32,9.236
2023-02-25T03:00:00.000Z,33.9,48.2,39.25,3.259
2023-02-25T04:00:00.000Z,3.1,37.8,15.15,11.28
2023-02-25T05:00:00.000Z,1.8,21.6,6.7,5.724
2023-02-25T06:00:00.000Z,4.3,22.2,15.65,4.829
2023-02-25T07:00:00.000Z,2.5,9.6,5.6,1.758
2023-02-25T08:00:00.000Z,2.6,29.2,12.25,7.143
2023-02-25T09:00:00.000Z,6.9,21.8,12.3,4.013
2023-02-25T10:00:00.000Z,5.3,14.7,9,2.621
2023-02-25T11:00:00.000Z,2.5,8.9,5.2,1.867
2023-02-25T12:00:00.000Z,1,5.3,2.4,0.963
2023-02-25T13:00:00.000Z,0.6,2.9,1.75,0.665
2023-02-25T14:00:00.000Z,0.4,2.4,1,0.538
2023-02-25T15:00:00.000Z,0.4,1.2,0.7,0.186
2023-02-25T16:00:00.000Z,0.3,4.8,2.2,1.308
2023-02-25T17:00:00.000Z,2.4,5.8,3.9,0.779
2023-02-25T18:00:00.000Z,0.6,4.9,3.3,1.485
2023-02-25T19:00:00.000Z,0.4,11.6,4.59,3.975
2023-02-25T20:00:00.000Z,1.2,12.3,2.6,3.08
2023-02-25T21:00:00.000Z,11.2,30.8,13.6,4.217
2023-02-25T22:00:00.000Z,14.4,52.5,26.2,9.603
2023-02-25T23:00:00.000Z,5.5,12.7,7.7,1.806
2023-02-26T00:00:00.000Z,6.5,38.3,8.3,6.816
2023-02-26T01:00:00.000Z,7.4,29.5,10.05,5.1
2023-02-26T02:00:00.000Z,5.9,68.2,15.1,14.504
2023-02-26T03:00:00.000Z,1.6,34.9,4.8,8.286
2023-02-26T04:00:00.000Z,0.6,16.8,2.4,4.215
2023-02-26T05:00:00.000Z,0.2,2.8,0.9,0.599
2023-02-26T06:00:00.000Z,0.3,2.8,1.2,0.603
2023-02-26T07:00:00.000Z,1,6.7,1.75,1.079
2023-02-26T08:00:00.000Z,1.7,271.5,11.75,54.622
2023-02-26T09:00:00.000Z,3.9,10.4,6.1,1.498
2023-02-26T10:00:00.000Z,5.6,11.4,9.35,1.869
2023-02-26T11:00:00.000Z,9.5,13.9,12.25,1.217
2023-02-26T12:00:00.000Z,6.6,12.1,8.55,1.354
2023-02-26T13:00:00.000Z,3.9,19,10,4.195
2023-02-26T14:00:00.000Z,3.1,13.2,4.45,2.579
2023-02-26T15:00:00.000Z,2.9,14.4,5.4,3.401
2023-02-26T16:00:00.000Z,1.5,15,2.6,2.557
2023-02-26T17:00:00.000Z,1,5.1,2.1,1.061
2023-02-26T18:00:00.000Z,0.7,2,1.3,0.348
2023-02-26T19:00:00.000Z,1.2,12,1.8,3.045
2023-02-26T20:00:00.000Z,2.3,10.6,3.1,1.914
2023-02-26T21:00:00.000Z,2.6,16,6.5,3.579
2023-02-26T22:00:00.000Z,3,8.9,4.59,1.304
2023-02-26T23:00:00.000Z,4.3,28.9,7.3,6.29
2023-02-27T00:00:00.000Z,2,12.5,4.5,2.187
2023-02-27T01:00:00.000Z,1.2,7.3,3.2,1.228
2023-02-27T02:00:00.000Z,1.2,4.6,2.2,0.832
2023-02-27T03:00:00.000Z,1.7,17.9,3.2,3.249
2023-02-27T04:00:00.000Z,0.3,4.1,1.3,0.949
2023-02-27T05:00:00.000Z,0.2,4.7,1.4,1.046
2023-02-27T06:00:00.000Z,0.6,3.8,1.45,0.796
2023-02-27T07:00:00.000Z,1,2.7,1.9,0.544
2023-02-27T08:00:00.000Z,1.2,3.6,2,0.576
2023-02-27T09:00:00.000Z,2.8,24.2,5.4,5.251
2023-02-27T10:00:00.000Z,5.8,16.1,8.3,3.101
2023-02-27T11:00:00.000Z,5.8,13.5,7.6,1.645
2023-02-27T12:00:00.000Z,3.1,5.9,4.09,0.634
2023-02-27T13:00:00.000Z,2.2,7,2.9,1.238
2023-02-27T14:00:00.000Z,0.9,4.5,2.8,1.038
2023-02-27T15:00:00.000Z,0.3,5.6,1.14,1.567
2023-02-27T16:00:00.000Z,0.6,3.5,1.3,0.627
2023-02-27T17:00:00.000Z,1.1,6.5,4,1.683
2023-02-27T18:00:00.000Z,0.6,11,1.75,2.475
2023-02-27T19:00:00.000Z,1.5,11.9,3,2.265
2023-02-27T20:00:00.000Z,1.1,11.4,3.25,2.613
2023-02-27T21:00:00.000Z,1.9,6.6,3.8,1.268
2023-02-27T22:00:00.000Z,2.4,8,4.5,1.441
2023-02-27T23:00:00.000Z,6.8,25,13.55,4.772
2023-02-28T00:00:00.000Z,6,16,8.4,2.405
2023-02-28T01:00:00.000Z,6,36,9.3,7.065
2023-02-28T02:00:00.000Z,5,15.5,6.4,2.443
2023-02-28T03:00:00.000Z,5.6,7.8,6.6,0.511
2023-02-28T04:00:00.000Z,5.3,7.2,6.2,0.535
2023-02-28T05:00:00.000Z,5.8,9,7.15,0.799
2023-02-28T06:00:00.000Z,5.3,13.8,6.55,1.799
2023-02-28T07:00:00.000Z,7.2,11,8.69,0.972
2023-02-28T08:00:00.000Z,8.4,11.1,9.69,0.722
2023-02-28T09:00:00.000Z,8.6,14,11.7,1.514
2023-02-28T10:00:00.000Z,14.8,37.6,22.3,5.229
2023-02-28T11:00:00.000Z,15.6,27.3,18.25,2.821
2023-02-28T12:00:00.000Z,13.8,21,17.75,2.032
2023-02-28T13:00:00.000Z,13.8,24.6,17.3,3.5
2023-02-28T14:00:00.000Z,16,35.1,26.65,5.134
2023-02-28T15:00:00.000Z,9.1,28.1,18.85,4.965
2023-02-28T16:00:00.000Z,9.7,14.6,12,0.938
2023-02-28T17:00:00.000Z,10.8,22.1,13.3,2.825
2023-02-28T18:00:00.000Z,16,30,21.4,4.446
2023-02-28T19:00:00.000Z,25.8,32.8,27.95,1.569
2023-02-28T20:00:00.000Z,27,42.3,34.45,4.03
2023-02-28T21:00:00.000Z,38.5,47.4,42.1,2.379
2023-02-28T22:00:00.000Z,40.6,61.3,48.85,4.453
2023-02-28T23:00:00.000Z,21.7,61.6,46.1,11.76
2023-03-01T00:00:00.000Z,24.6,39.7,27.6,3.468
2023-03-01T01:00:00.000Z,11.5,42.1,36.1,7.188
2023-03-01T02:00:00.000Z,22.7,39.3,33.65,3.578
2023-03-01T03:00:00.000Z,25.7,66.3,31.25,9.174
2023-03-01T04:00:00.000Z,20.6,34.4,24.25,3.029
2023-03-01T05:00:00.000Z,16.6,26,20.39,2.653
2023-03-01T06:00:00.000Z,9,20.7,17.7,2.9
2023-03-01T07:00:00.000Z,3.5,10.5,7.1,1.825
2023-03-01T08:00:00.000Z,5.3,19.3,6.9,3.741
2023-03-01T09:00:00.000Z,4.8,10.8,6,1.649
2023-03-01T10:00:00.000Z,6.8,24.8,15.4,5.162
2023-03-01T11:00:00.000Z,14.1,27.5,23.2,2.611
2023-03-01T12:00:00.000Z,3.2,8.8,4.5,1.235
2023-03-01T13:00:00.000Z,1.7,5.8,3,1.212
2023-03-01T14:00:00.000Z,0.7,5.6,1.5,1.437
2023-03-01T15:00:00.000Z,0.8,6.8,2.65,1.997
2023-03-01T16:00:00.000Z,1.4,4.1,2.15,0.627
2023-03-01T17:00:00.000Z,1.9,4.6,2.4,0.581
2023-03-01T18:00:00.000Z,3,5.6,4.2,0.742
2023-03-01T19:00:00.000Z,2.7,4.5,3.2,0.446
2023-03-01T20:00:00.000Z,3.6,9.1,4.34,1.318
2023-03-01T21:00:00.000Z,1.3,8.7,5.4,2.004
2023-03-01T22:00:00.000Z,0.9,2.9,1.7,0.634
2023-03-01T23:00:00.000Z,0.7,5.6,1.7,0.993
2023-03-02T00:00:00.000Z,1.3,5.9,2.1,0.983
2023-03-02T01:00:00.000Z,2.4,7.7,3.95,1.259
2023-03-02T02:00:00.000Z,2.4,218.3,17.7,71.977
2023-03-02T03:00:00.000Z,2.2,8.3,4.05,1.632
2023-03-02T04:00:00.000Z,2.3,4.1,2.9,0.515
2023-03-02T05:00:00.000Z,1.9,9,2.9,1.321
2023-03-02T06:00:00.000Z,2.5,5.7,3.8,0.787
2023-03-02T07:00:00.000Z,3.6,7.1,5.25,0.937
2023-03-02T08:00:00.000Z,4.2,8.6,5.35,1.141
2023-03-02T09:00:00.000Z,6.6,34.9,13.7,6.581
2023-03-02T10:00:00.000Z,6.8,28.2,15.4,5.003
2023-03-02T11:00:00.000Z,6.3,16.8,8.9,2.801
2023-03-02T12:00:00.000Z,4.1,8.3,5.55,0.842
2023-03-02T13:00:00.000Z,4.4,7.3,5.95,0.734
2023-03-02T14:00:00.000Z,3.7,6.3,5.09,0.721
2023-03-02T15:00:00.000Z,2.9,5.1,3.8,0.456
2023-03-02T16:00:00.000Z,3.3,5.4,4.09,0.467
2023-03-02T17:00:00.000Z,3.7,5.7,4.59,0.386
2023-03-02T18:00:00.000Z,4.3,18,5,2.681
2023-03-02T19:00:00.000Z,6.2,35.8,15.65,6.176
2023-03-02T20:00:00.000Z,10.5,42.8,22.1,9.132
2023-03-02T21:00:00.000Z,11.7,18.4,13.25,1.615
2023-03-02T22:00:00.000Z,16.6,43.2,29.4,8.132
2023-03-02T23:00:00.000Z,11.8,26.9,15.6,4.531
2023-03-03T00:00:00.000Z,11.6,29.3,15.8,4.339
2023-03-03T01:00:00.000Z,7.9,26.4,13.95,4.645
2023-03-03T02:00:00.000Z,4.8,29.1,8.3,5.164
2023-03-03T03:00:00.000Z,4.7,12.4,5.65,1.893
2023-03-03T04:00:00.000Z,3.6,10.1,4.84,1.285
2023-03-03T05:00:00.000Z,4.5,6.5,5.3,0.552
2023-03-03T06:00:00.000Z,5,8.4,6.3,0.774
2023-03-03T07:00:00.000Z,5.4,224.7,7.4,46.178
2023-03-03T08:00:00.000Z,7.6,26.1,16.39,5.376
2023-03-03T09:00:00.000Z,8.6,62.3,18.64,14.31
2023-03-03T10:00:00.000Z,16.9,37.2,22.6,4.803
2023-03-03T11:00:00.000Z,19.2,37.7,28.3,5.148
2023-03-03T12:00:00.000Z,14.7,74.9,25.15,20.979
2023-03-03T13:00:00.000Z,15.6,24.6,20.5,2.558
2023-03-03T14:00:00.000Z,12.2,15,13.35,0.7
2023-03-03T15:00:00.000Z,12.7,26.1,18.1,4.043
2023-03-03T16:00:00.000Z,14.6,49,38.35,11.018
2023-03-03T17:00:00.000Z,18.6,26.5,22.1,2.032
2023-03-03T18:00:00.000Z,21,41.5,34.4,4.704
2023-03-03T19:00:00.000Z,34.6,49.6,42.3,4.054
2023-03-03T20:00:00.000Z,32,43.5,35.2,2.781
2023-03-03T21:00:00.000Z,33.8,45.2,37,4.272
2023-03-03T22:00:00.000Z,38.5,55,42.9,4.266
2023-03-03T23:00:00.000Z,41.8,59.3,49.8,5.255
2023-03-04T00:00:00.000Z,38.8,78.6,42.45,7.799
2023-03-04T01:00:00.000Z,36.3,46.2,38.6,2.583
2023-03-04T02:00:00.000Z,35.2,45.2,40.4,2.877
2023-03-04T03:00:00.000Z,41,44.9,42.6,1.124
2023-03-04T04:00:00.000Z,15.5,48.8,32.9,9.792
2023-03-04T05:00:00.000Z,11.9,31.3,16.05,6.11
2023-03-04T06:00:00.000Z,9.9,15.6,13.2,1.358
2023-03-04T07:00:00.000Z,7.9,13.1,10.05,1.325
2023-03-04T08:00:00.000Z,10.4,28.6,15.4,3.779
2023-03-04T09:00:00.000Z,12,33.1,16.55,5.117
2023-03-04T10:00:00.000Z,24.4,52.1,30.8,5.798
2023-03-04T11:00:00.000Z,18.2,89.8,31.35,15.735
2023-03-04T12:00:00.000Z,13.2,87.7,17.05,24.988
2023-03-04T13:00:00.000Z,10.9,13.7,11.75,0.804
2023-03-04T14:00:00.000Z,9.3,12.4,11.1,0.752
2023-03-04T15:00:00.000Z,9.8,15,11.3,1.635
2023-03-04T16:00:00.000Z,10.2,24.5,11.6,3.041
2023-03-04T17:00:00.000Z,10.5,18.7,14.2,2.808
2023-03-04T18:00:00.000Z,15.6,66.6,34,13.529
2023-03-04T19:00:00.000Z,40.3,97.7,63.3,16.34
2023-03-04T20:00:00.000Z,37.9,83.7,54.2,11.115
2023-03-04T21:00:00.000Z,28.2,47.2,36.9,5.432
2023-03-04T22:00:00.000Z,16.8,26.6,22.4,3.271
2023-03-04T23:00:00.000Z,11.6,27.7,23,4.76
2023-03-05T00:00:00.000Z,10.8,16.2,13.55,1.552
2023-03-05T01:00:00.000Z,12.8,25.6,18.05,3.323
2023-03-05T02:00:00.000Z,8.3,15.7,11.85,1.887
2023-03-05T03:00:00.000Z,7.7,12.6,9.4,1.075
2023-03-05T04:00:00.000Z,6.8,14,7.9,1.401
2023-03-05T05:00:00.000Z,6.2,9.9,7.4,0.787
2023-03-05T06:00:00.000Z,7.7,11,9.3,0.881
2023-03-05T07:00:00.000Z,8.9,12.9,9.85,1.14
2023-03-05T08:00:00.000Z,11.5,31.6,15.75,5.074
2023-03-05T09:00:00.000Z,20.3,33.9,23.5,2.751
2023-03-05T10:00:00.000Z,18.7,52.2,28.05,8.007
2023-03-05T11:00:00.000Z,18.4,27.8,21,2.209
2023-03-05T12:00:00.000Z,16.2,22,18.8,1.511
2023-03-05T13:00:00.000Z,14.2,17.8,15.6,0.93
2023-03-05T14:00:00.000Z,12.8,18.8,15.2,1.65
2023-03-05T15:00:00.000Z,11.7,15,13.1,0.837
2023-03-05T16:00:00.000Z,12.7,17.6,14.75,1.651
2023-03-05T17:00:00.000Z,12.7,16.5,15.1,0.888
2023-03-05T18:00:00.000Z,12.7,23,15.6,2.855
2023-03-05T19:00:00.000Z,14.6,23.9,18.25,2.817
2023-03-05T20:00:00.000Z,14.6,19.6,16.89,1.29
2023-03-05T21:00:00.000Z,15.7,44.6,27.2,9.679
2023-03-05T22:00:00.000Z,50.9,153,97.2,25.817
2023-03-05T23:00:00.000Z,22.8,66.6,33.4,11.952
2023-03-06T00:00:00.000Z,22.6,69,28.3,10.407
2023-03-06T01:00:00.000Z,19.5,27.6,23.2,2.322
2023-03-06T02:00:00.000Z,15.1,27.5,18.55,3.003
2023-03-06T03:00:00.000Z,10.7,17.8,13.35,1.666
2023-03-06T04:00:00.000Z,8.2,12.5,9.8,1.342
2023-03-06T05:00:00.000Z,7.6,11.5,8.6,0.944
2023-03-06T06:00:00.000Z,7.4,10.3,8.9,0.821
2023-03-06T07:00:00.000Z,7.5,18.1,8.25,2.317
2023-03-06T08:00:00.000Z,7,12.2,8.6,1.291
2023-03-06T09:00:00.000Z,11.2,30.4,18.89,4.406
2023-03-06T10:00:00.000Z,19.1,48.3,27.6,6.37
2023-03-06T11:00:00.000Z,12.7,38,17.25,9.151
2023-03-06T12:00:00.000Z,13.6,18.3,15.4,1.221
2023-03-06T13:00:00.000Z,12.4,19.4,14.3,1.741
2023-03-06T14:00:00.000Z,10,11.9,10.9,0.487
2023-03-06T15:00:00.000Z,9.6,12.6,11,0.884
2023-03-06T16:00:00.000Z,8.4,11,9.5,0.599
2023-03-06T17:00:00.000Z,8,11.4,9.19,0.765
2023-03-06T18:00:00.000Z,8,10.3,9.19,0.585
2023-03-06T19:00:00.000Z,9.9,16.9,14.25,1.887
2023-03-06T20:00:00.000Z,13.4,28,15.2,3.149
2023-03-06T21:00:00.000Z,30.9,70.2,35.6,9.867
2023-03-06T22:00:00.000Z,30.5,45,36.6,3.695
2023-03-06T23:00:00.000Z,23.6,45.2,33.6,5.215
2023-03-07T00:00:00.000Z,19.1,45.9,28.95,4.944
2023-03-07T01:00:00.000Z,18.7,68,23.9,9.772
2023-03-07T02:00:00.000Z,22.9,44.4,40.9,8.13
2023-03-07T03:00:00.000Z,8.9,41.3,36.9,9.014
2023-03-07T04:00:00.000Z,7.5,14.8,9.69,1.604
2023-03-07T05:00:00.000Z,13.5,68.2,23.15,11.415
2023-03-07T06:00:00.000Z,12.2,41.1,20.2,8.093
2023-03-07T07:00:00.000Z,8,16.2,13.2,2.597
2023-03-07T08:00:00.000Z,6.5,15.3,10.1,2.047
2023-03-07T09:00:00.000Z,13.3,29.3,17.25,3.597
2023-03-07T10:00:00.000Z,22.2,40.4,27.05,4.298
2023-03-07T11:00:00.000Z,22.2,38,25.9,4.829
2023-03-07T12:00:00.000Z,14.6,56.8,29.1,14.543
2023-03-07T13:00:00.000Z,10.6,16.2,12.8,1.577
2023-03-07T14:00:00.000Z,9.6,12.4,11.1,0.635
2023-03-07T15:00:00.000Z,9,11.1,10.35,0.565
2023-03-07T16:00:00.000Z,9,11.6,9.75,0.715
2023-03-07T17:00:00.000Z,11,12.5,11.7,0.488
2023-03-07T18:00:00.000Z,11,41.8,13.8,6.861
2023-03-07T19:00:00.000Z,28.7,79.3,46.5,11.161
2023-03-07T20:00:00.000Z,36.8,46.3,42.75,2.459
2023-03-07T21:00:00.000Z,44.1,77.7,51.55,6.75
2023-03-07T22:00:00.000Z,43,82.4,50.65,8.748
2023-03-07T23:00:00.000Z,30.8,51.7,44.1,6.69
2023-03-08T00:00:00.000Z,22.5,49.4,28.65,8.897
2023-03-08T01:00:00.000Z,23.2,50.3,44.4,6.312
2023-03-08T02:00:00.000Z,28.3,49.2,40.45,4.728
2023-03-08T03:00:00.000Z,33.2,41.5,36.75,2.258
2023-03-08T04:00:00.000Z,35.1,42.2,37,1.838
2023-03-08T05:00:00.000Z,5.6,39.1,32.79,13.269
2023-03-08T06:00:00.000Z,5.4,11,7,1.327
2023-03-08T07:00:00.000Z,5.1,14.7,8.1,2.602
2023-03-08T08:00:00.000Z,5.1,10.5,6.3,1.355
2023-03-08T09:00:00.000Z,6.5,18.4,11.25,2.939
2023-03-08T10:00:00.000Z,10,29.5,17.1,5.966
2023-03-08T11:00:00.000Z,7.3,17.1,9.3,2.358
2023-03-08T12:00:00.000Z,7,11.4,8.3,1.166
2023-03-08T13:00:00.000Z,5.4,7.5,6.3,0.524
2023-03-08T14:00:00.000Z,3.9,6.7,5.5,0.688
2023-03-08T15:00:00.000Z,3.5,6.5,4.8,0.586
2023-03-08T16:00:00.000Z,3.8,5.1,4.3,0.269
2023-03-08T17:00:00.000Z,4,7.6,5.4,0.667
2023-03-08T18:00:00.000Z,4.6,11.7,5.3,1.371
2023-03-08T19:00:00.000Z,9.2,34.1,22.5,6.963
2023-03-08T20:00:00.000Z,25.9,128.5,46.55,23.389
2023-03-08T21:00:00.000Z,45.9,173.4,79.25,34.88
2023-03-08T22:00:00.000Z,42.4,168.5,57.7,26.641
2023-03-08T23:00:00.000Z,25.8,52.7,33,6.338
2023-03-09T00:00:00.000Z,28.1,42.6,35.9,5.147
2023-03-09T01:00:00.000Z,37.8,54.5,42.7,3.883
2023-03-09T02:00:00.000Z,35.7,49.6,39.6,4.545
2023-03-09T03:00:00.000Z,5.2,41.3,34.15,14.302
2023-03-09T04:00:00.000Z,5.4,11.7,7.6,1.936
2023-03-09T05:00:00.000Z,2.4,5.3,3.4,0.74
2023-03-09T06:00:00.000Z,2.6,4.6,3.5,0.447
2023-03-09T07:00:00.000Z,3.6,8.1,4.59,1.116
2023-03-09T08:00:00.000Z,5.2,18.8,6.3,4.508
2023-03-09T09:00:00.000Z,9.3,13.4,10.95,0.928
2023-03-09T10:00:00.000Z,10.5,17.7,13,2.029
2023-03-09T11:00:00.000Z,14.5,32,22.2,4.886
2023-03-09T12:00:00.000Z,21,26.6,23.5,1.396
2023-03-09T13:00:00.000Z,16.8,23.5,18.7,1.862
2023-03-09T14:00:00.000Z,11.6,23.4,15.1,2.672
2023-03-09T15:00:00.000Z,6.6,34,7.9,10.122
2023-03-09T16:00:00.000Z,6.6,8.7,7.4,0.512
2023-03-09T17:00:00.000Z,5.8,7.7,6.8,0.481
2023-03-09T18:00:00.000Z,4.5,7.2,5.25,0.825
2023-03-09T19:00:00.000Z,5,138.8,6.5,41.873
2023-03-09T20:00:00.000Z,5.2,42.1,9.44,10.041
2023-03-09T21:00:00.000Z,10.3,24.1,16.7,3.365
2023-03-09T22:00:00.000Z,20.9,44.2,29.5,5.673
2023-03-09T23:00:00.000Z,29.2,42.4,37.15,3.461
2023-03-10T00:00:00.000Z,7.4,39.7,32.2,10.92
2023-03-10T01:00:00.000Z,5.3,18.1,10.95,2.897
2023-03-10T02:00:00.000Z,13,55,31.65,10.235
2023-03-10T03:00:00.000Z,6.2,30.7,9.94,10.146
2023-03-10T04:00:00.000Z,5.8,41.3,21.55,12.389
2023-03-10T05:00:00.000Z,5.7,18.2,8.69,3.36
2023-03-10T06:00:00.000Z,3.3,10.1,6,2.067
2023-03-10T07:00:00.000Z,4.4,17.4,8.19,3.592
2023-03-10T08:00:00.000Z,5.9,13.9,7.3,1.921
2023-03-10T09:00:00.000Z,11.2,25.9,14.65,3.402
2023-03-10T10:00:00.000Z,17.1,49.5,23.7,7.428
2023-03-10T11:00:00.000Z,11.1,33.9,15.1,7.799
2023-03-10T12:00:00.000Z,9.5,16,10.6,1.571
2023-03-10T13:00:00.000Z,7.9,16.5,8.9,1.963
2023-03-10T14:00:00.000Z,8.2,9.7,8.9,0.352
2023-03-10T15:00:00.000Z,7.2,9.4,8.1,0.48
2023-03-10T16:00:00.000Z,7.4,9,7.95,0.406
2023-03-10T17:00:00.000Z,7.5,147.2,8.75,40.255
2023-03-10T18:00:00.000Z,10.9,55.9,21.35,10.66
2023-03-10T19:00:00.000Z,17.2,21.7,18.7,1.255
2023-03-10T20:00:00.000Z,19.4,29.5,21.3,1.939
2023-03-10T21:00:00.000Z,23.9,33.6,30.55,2.822
2023-03-10T22:00:00.000Z,23.2,65.3,35.5,10.214
2023-03-10T23:00:00.000Z,12,36.4,19.5,8.74
2023-03-11T00:00:00.000Z,13.7,26.2,18.5,3.746
2023-03-11T01:00:00.000Z,14.4,20.4,17.5,1.909
2023-03-11T02:00:00.000Z,20,30.6,25.15,2.561
2023-03-11T03:00:00.000Z,19.6,31,26.4,2.503
2023-03-11T04:00:00.000Z,7.1,17.3,12,3.029
2023-03-11T05:00:00.000Z,10.2,19.9,12.3,1.935
2023-03-11T06:00:00.000Z,13.1,19.8,17.2,1.898
2023-03-11T07:00:00.000Z,14,42.5,19.2,6.497
2023-03-11T08:00:00.000Z,19.1,32.7,22.9,3.699
2023-03-11T09:00:00.000Z,21.3,25.6,23.7,1.305
2023-03-11T10:00:00.000Z,23.9,38,26.5,4.267
2023-03-11T11:00:00.000Z,16.6,27.9,18.39,3.394
2023-03-11T12:00:00.000Z,14.2,18.4,15.95,1.128
2023-03-11T13:00:00.000Z,13.9,19,15.65,1.247
2023-03-11T14:00:00.000Z,13.7,20.9,14.5,1.661
2023-03-11T15:00:00.000Z,13.3,23,17.2,2.842
2023-03-11T16:00:00.000Z,13,35.6,21.5,5.101
2023-03-11T17:00:00.000Z,12.8,47.4,17.7,9.645
2023-03-11T18:00:00.000Z,14.8,37.9,24.2,5.584
2023-03-11T19:00:00.000Z,29.9,48.4,37.29,4.438
2023-03-11T20:00:00.000Z,29.8,44.3,35.5,4.075
2023-03-11T21:00:00.000Z,33.3,57.5,43.4,6.99
2023-03-11T22:00:00.000Z,51.4,121.9,56.7,21.996
2023-03-11T23:00:00.000Z,35.1,71.8,45.8,9.577
2023-03-12T00:00:00.000Z,23.6,44.6,32.75,6.694
2023-03-12T01:00:00.000Z,28.4,42.3,32.25,2.68
2023-03-12T02:00:00.000Z,25.8,36.9,31.2,3.373
2023-03-12T03:00:00.000Z,36,46.8,40.29,1.941
2023-03-12T04:00:00.000Z,35.4,41.6,38.65,1.622
2023-03-12T05:00:00.000Z,32.3,38.1,34.6,1.316
2023-03-12T06:00:00.000Z,12.6,32.5,17.7,6.488
2023-03-12T07:00:00.000Z,17.9,90.9,23.1,20.526
2023-03-12T08:00:00.000Z,17.7,25,20.8,1.899
2023-03-12T09:00:00.000Z,13.2,72,26.5,14.166
2023-03-12T10:00:00.000Z,10.8,22.6,13.4,3.796
2023-03-12T11:00:00.000Z,23.2,45.2,29.2,5.974
2023-03-12T12:00:00.000Z,12,28.2,21.35,4.13
2023-03-12T13:00:00.000Z,5.7,12.2,8.1,1.994
2023-03-12T14:00:00.000Z,4,8.6,5.5,1.338
2023-03-12T15:00:00.000Z,2.3,5.7,3.7,0.718
2023-03-12T16:00:00.000Z,1.4,23.2,2.9,5.642
2023-03-12T17:00:00.000Z,3.6,37.7,16.3,7.375
2023-03-12T18:00:00.000Z,0.3,57.1,9.4,12.962
2023-03-12T19:00:00.000Z,1,23.7,9.4,5.706
2023-03-12T20:00:00.000Z,0.2,13.3,1.3,3.308
2023-03-12T21:00:00.000Z,3.2,32.6,10.3,7.222
2023-03-12T22:00:00.000Z,2.1,145.3,5.09,27.251
2023-03-12T23:00:00.000Z,5.6,20.6,7.9,3.679
2023-03-13T00:00:00.000Z,3.3,13.7,5.4,2.176
2023-03-13T01:00:00.000Z,3.9,6.1,4.59,0.568
2023-03-13T02:00:00.000Z,4.7,16.4,7.3,3.759
2023-03-13T03:00:00.000Z,3.5,18.4,4.59,3.277
2023-03-13T04:00:00.000Z,3.4,24.1,18.39,6.054
2023-03-13T05:00:00.000Z,3,26.5,6.6,6.797
2023-03-13T06:00:00.000Z,4.7,26.4,15.1,5.449
2023-03-13T07:00:00.000Z,4.8,31,16.25,7.586
2023-03-13T08:00:00.000Z,3.8,18.3,9.3,5.107
2023-03-13T09:00:00.000Z,5,9,5.5,0.814
2023-03-13T10:00:00.000Z,3.1,9.3,6.4,1.746
2023-03-13T11:00:00.000Z,2.4,4.6,3,0.617
2023-03-13T12:00:00.000Z,2.8,4.5,3.4,0.452
2023-03-13T13:00:00.000Z,2.3,3.6,2.95,0.329
2023-03-13T14:00:00.000Z,2,3.5,2.8,0.342
2023-03-13T15:00:00.000Z,2.1,3.4,2.75,0.33
2023-03-13T16:00:00.000Z,2.1,3.6,2.9,0.41
2023-03-13T17:00:00.000Z,2.2,3.5,2.9,0.352
2023-03-13T18:00:00.000Z,2.6,5.7,3.55,0.851
2023-03-13T19:00:00.000Z,2,3.8,2.65,0.514
2023-03-13T20:00:00.000Z,4.1,51.3,13.1,11.483
2023-03-13T21:00:00.000Z,16.3,40.7,32.79,6.766
2023-03-13T22:00:00.000Z,25,117.7,36.9,18.703
2023-03-13T23:00:00.000Z,9.5,41,12.75,8.464
2023-03-14T00:00:00.000Z,6.9,21,11.05,3.815
2023-03-14T01:00:00.000Z,4.8,8.5,6.15,0.979
2023-03-14T02:00:00.000Z,4.7,12.6,6.9,1.554
2023-03-14T03:00:00.000Z,3.5,6.3,4.4,0.633
2023-03-14T04:00:00.000Z,2.6,4.1,3.3,0.406
2023-03-14T05:00:00.000Z,2.6,3.9,3.5,0.378
2023-03-14T06:00:00.000Z,2.9,5.2,3.95,0.592
2023-03-14T07:00:00.000Z,2.1,6,3.35,1.052
2023-03-14T08:00:00.000Z,2.8,12,3.6,1.688
2023-03-14T09:00:00.000Z,3.9,9.8,6.2,1.269
2023-03-14T10:00:00.000Z,6.3,20.8,12.3,4.547
2023-03-14T11:00:00.000Z,6,11.6,7.4,1.115
2023-03-14T12:00:00.000Z,5.6,7.9,6.5,0.599
2023-03-14T13:00:00.000Z,5.5,8.3,6.6,0.638
2023-03-14T14:00:00.000Z,3.6,6.2,5.7,0.676
2023-03-14T15:00:00.000Z,3.1,4.9,4.09,0.406
2023-03-14T16:00:00.000Z,4,6,5,0.474
2023-03-14T17:00:00.000Z,3.9,5.1,4.4,0.326
2023-03-14T18:00:00.000Z,4.8,27.4,13.5,6.719
2023-03-14T19:00:00.000Z,15.1,31.1,20.65,4.659
2023-03-14T20:00:00.000Z,23.3,43.9,31,4.998
2023-03-14T21:00:00.000Z,27.9,49.8,31.05,6.914
2023-03-14T22:00:00.000Z,38.7,106.8,48.65,15.498
2023-03-14T23:00:00.000Z,44.4,64,52.1,5.086
2023-03-15T00:00:00.000Z,22.7,57.7,28.5,9.237
2023-03-15T01:00:00.000Z,8,23.5,14.3,5.451
2023-03-15T02:00:00.000Z,7.3,34.8,16.75,5.871
2023-03-15T03:00:00.000Z,4.7,7.5,5.3,0.694
2023-03-15T04:00:00.000Z,3.7,14.3,4.7,2.781
2023-03-15T05:00:00.000Z,3.5,7.5,4.45,0.87
2023-03-15T06:00:00.000Z,3.4,6.9,4.4,0.735
2023-03-15T07:00:00.000Z,4,6,5,0.437
2023-03-15T08:00:00.000Z,4.9,6.9,5.6,0.472
2023-03-15T09:00:00.000Z,5.8,21.5,9.6,4.853
2023-03-15T10:00:00.000Z,7.7,29,14.3,4.456
2023-03-15T11:00:00.000Z,8.9,15.6,11.1,1.968
2023-03-15T12:00:00.000Z,6,9.5,7.8,0.884
2023-03-15T13:00:00.000Z,5.6,22.8,10.5,4.212
2023-03-15T14:00:00.000Z,2.9,21.4,5.05,6.334
2023-03-15T15:00:00.000Z,2.8,5.2,3.6,0.519
2023-03-15T16:00:00.000Z,2.7,5.5,4,0.696
2023-03-15T17:00:00.000Z,5.1,18.4,7.3,3.75
2023-03-15T18:00:00.000Z,3.5,20.7,8.8,4.566
2023-03-15T19:00:00.000Z,2.2,4.4,3.2,0.532
2023-03-15T20:00:00.000Z,3.6,12.5,6.05,1.941
2023-03-15T21:00:00.000Z,10.9,158.1,78.7,46.429
2023-03-15T22:00:00.000Z,17.3,44.9,23.5,6.132
2023-03-15T23:00:00.000Z,15.9,43.6,19.95,5.111
2023-03-16T00:00:00.000Z,8,26.6,15.3,4.71
2023-03-16T01:00:00.000Z,7.2,14.7,11.5,1.95
2023-03-16T02:00:00.000Z,3.4,28.3,6.45,8.499
2023-03-16T03:00:00.000Z,3.2,18.5,4.2,4.888
2023-03-16T04:00:00.000Z,3.7,6.5,4.65,0.603
2023-03-16T05:00:00.000Z,2.6,5.3,3.4,0.677
2023-03-16T06:00:00.000Z,2.7,6.3,4.3,0.895
2023-03-16T07:00:00.000Z,4.5,9.5,7.2,1.157
2023-03-16T08:00:00.000Z,5.8,9.5,6.9,0.927
2023-03-16T09:00:00.000Z,5.3,10.7,7.5,1.27
2023-03-16T10:00:00.000Z,6.8,12.7,9.19,1.538
2023-03-16T11:00:00.000Z,7.7,11.6,9.75,1.152
2023-03-16T12:00:00.000Z,5.4,13.9,9,2.025
2023-03-16T13:00:00.000Z,3.9,9.7,5.09,1.847
2023-03-16T14:00:00.000Z,3.6,5.5,4.2,0.512
2023-03-16T15:00:00.000Z,3.4,5,4.15,0.513
2023-03-16T16:00:00.000Z,2.2,4.8,3.4,0.532
2023-03-16T17:00:00.000Z,2,3.6,2.75,0.474
2023-03-16T18:00:00.000Z,1.9,3.7,2.6,0.485
2023-03-16T19:00:00.000Z,3.6,11.7,4.5,1.691
2023-03-16T20:00:00.000Z,2.2,13.2,4.5,2.633
2023-03-16T21:00:00.000Z,2.5,5,3.7,0.693
2023-03-16T22:00:00.000Z,3.5,12.1,6.4,2.507
2023-03-16T23:00:00.000Z,3.4,23.6,10.4,6.294
2023-03-17T00:00:00.000Z,1.9,3.6,2.65,0.42
2023-03-17T01:00:00.000Z,2.3,4.3,3.2,0.511
2023-03-17T02:00:00.000Z,2.7,4.4,3.6,0.447
2023-03-17T03:00:00.000Z,1.4,3.8,2.29,0.649
2023-03-17T04:00:00.000Z,1.4,3.1,2,0.357
2023-03-17T05:00:00.000Z,1.4,3,2.1,0.402
2023-03-17T06:00:00.000Z,1.5,5.9,2.8,1.134
2023-03-17T07:00:00.000Z,1.3,3.2,1.9,0.421
2023-03-17T08:00:00.000Z,1.4,18.1,7.45,5.416
2023-03-17T09:00:00.000Z,2.1,16.7,4.09,3.497
2023-03-17T10:00:00.000Z,4,9.7,6.4,1.245
2023-03-17T11:00:00.000Z,6,13,9.4,2.11
2023-03-17T12:00:00.000Z,2.3,16.7,5.2,3.342
2023-03-17T13:00:00.000Z,1.7,3.3,2.4,0.401
2023-03-17T14:00:00.000Z,2,3.1,2.29,0.274
2023-03-17T15:00:00.000Z,1.9,3,2.2,0.241
2023-03-17T16:00:00.000Z,1.8,3.3,2.4,0.341
2023-03-17T17:00:00.000Z,2.2,25.4,3.8,6.416
2023-03-17T18:00:00.000Z,3.8,10.7,4.9,1.704
2023-03-17T19:00:00.000Z,5,14.4,8.8,2.683
2023-03-17T20:00:00.000Z,6.9,10.5,8.19,1.084
2023-03-17T21:00:00.000Z,9.3,70.1,14.5,14.702
2023-03-17T22:00:00.000Z,17.1,186.1,78.05,51.235
2023-03-17T23:00:00.000Z,4.4,34.4,14.55,6.401
2023-03-18T00:00:00.000Z,4.6,10.2,6.6,1.076
2023-03-18T01:00:00.000Z,3.2,12.6,6.45,2.247
2023-03-18T02:00:00.000Z,6.3,12.7,8.1,1.437
2023-03-18T03:00:00.000Z,5.6,15.6,6.65,1.722
2023-03-18T04:00:00.000Z,4.2,9.7,5.3,1.199
2023-03-18T05:00:00.000Z,4.1,9.9,5,1.033
2023-03-18T06:00:00.000Z,3.5,7.3,4.5,0.672
2023-03-18T07:00:00.000Z,4.6,18.7,5.4,3.606
2023-03-18T08:00:00.000Z,4,8,5.3,1.198
2023-03-18T09:00:00.000Z,5.9,15.1,8.9,2.084
2023-03-18T10:00:00.000Z,6.3,10.2,8.15,0.963
2023-03-18T11:00:00.000Z,7.8,11.5,9.1,0.834
2023-03-18T12:00:00.000Z,6,13.6,8.9,1.908
2023-03-18T13:00:00.000Z,6.4,13.2,9.19,1.584
2023-03-18T14:00:00.000Z,5.8,17.1,7.1,3.243
2023-03-18T15:00:00.000Z,5.7,7.9,6.65,0.511
2023-03-18T16:00:00.000Z,5.3,6.7,5.8,0.265
2023-03-18T17:00:00.000Z,5.6,6.8,6.15,0.293
2023-03-18T18:00:00.000Z,5.9,8.3,7.4,0.678
2023-03-18T19:00:00.000Z,7.4,21.2,9.1,2.992
2023-03-18T20:00:00.000Z,8.7,33.8,11.6,5.95
2023-03-18T21:00:00.000Z,10.8,29.2,15.1,4.516
2023-03-18T22:00:00.000Z,13.7,47.3,30.4,8.742
2023-03-18T23:00:00.000Z,9.8,25.3,14.3,3.898
2023-03-19T00:00:00.000Z,10.8,19.9,13.1,2.102
2023-03-19T01:00:00.000Z,14.6,22.1,18.64,2.093
2023-03-19T02:00:00.000Z,11.9,22.9,15.3,3.087
2023-03-19T03:00:00.000Z,10,17.5,11.75,1.735
2023-03-19T04:00:00.000Z,8.4,11.9,9.9,0.675
2023-03-19T05:00:00.000Z,8.6,12.7,9.8,0.983
2023-03-19T06:00:00.000Z,9.4,11.6,10.4,0.495
2023-03-19T07:00:00.000Z,9.3,11.3,10,0.549
2023-03-19T08:00:00.000Z,9.7,11.8,10.65,0.57
2023-03-19T09:00:00.000Z,10.5,24.4,12.35,2.42
2023-03-19T10:00:00.000Z,13,17.6,15.4,1.208
2023-03-19T11:00:00.000Z,17,42,22.85,4.901
2023-03-19T12:00:00.000Z,21,27.1,23.8,1.473
2023-03-19T13:00:00.000Z,19.1,29.2,22.95,2.6
2023-03-19T14:00:00.000Z,17.6,25.3,21.1,2.071
2023-03-19T15:00:00.000Z,17.1,23.9,19.7,2.001
2023-03-19T16:00:00.000Z,10.3,26.2,18.64,5.342
2023-03-19T17:00:00.000Z,8.6,12,10.19,0.739
2023-03-19T18:00:00.000Z,8.9,11,9.65,0.516
2023-03-19T19:00:00.000Z,9.8,11.7,10.55,0.524
2023-03-19T20:00:00.000Z,10.5,14.2,12.55,0.935
2023-03-19T21:00:00.000Z,10,141.6,13.05,26.86
2023-03-19T22:00:00.000Z,13.6,54.6,20.7,8.032
2023-03-19T23:00:00.000Z,9.6,16.2,11.25,1.874
2023-03-20T00:00:00.000Z,7.3,22.1,10.1,3.378
2023-03-20T01:00:00.000Z,7.6,30.3,9.19,6.636
2023-03-20T02:00:00.000Z,9.6,36.6,12.7,8.013
2023-03-20T03:00:00.000Z,10.4,22.2,13.65,3.018
2023-03-20T04:00:00.000Z,10,20.2,12.9,2.779
2023-03-20T05:00:00.000Z,8.6,17.9,10.8,2.355
2023-03-20T06:00:00.000Z,9.6,18.8,12.1,2.348
2023-03-20T07:00:00.000Z,10,13.7,10.9,0.903
2023-03-20T08:00:00.000Z,10.2,14.8,11,1.044
2023-03-20T09:00:00.000Z,11.5,18.7,14.25,2.005
2023-03-20T10:00:00.000Z,11.4,24.2,13.85,3.491
2023-03-20T11:00:00.000Z,11.7,18.4,12.9,1.505
2023-03-20T12:00:00.000Z,12.9,19.5,16,1.757
2023-03-20T13:00:00.000Z,9.8,17.8,11.2,2.446
2023-03-20T14:00:00.000Z,9,11.1,9.8,0.427
2023-03-20T15:00:00.000Z,9.2,10.9,10.1,0.38
2023-03-20T16:00:00.000Z,8.6,10.3,9.44,0.502
2023-03-20T17:00:00.000Z,8.3,9.8,9,0.425
2023-03-20T18:00:00.000Z,8.3,11.1,9.19,0.583
2023-03-20T19:00:00.000Z,10.4,13,11.5,0.655
2023-03-20T20:00:00.000Z,12.7,17.3,14.2,1.111
2023-03-20T21:00:00.000Z,12.9,30.7,15.65,4.42
2023-03-20T22:00:00.000Z,13.2,30.3,20.85,3.62
2023-03-20T23:00:00.000Z,7.7,21.5,12,3.25
2023-03-21T00:00:00.000Z,7,18.1,9.4,3.316
2023-03-21T01:00:00.000Z,6,9,7.7,0.782
2023-03-21T02:00:00.000Z,6.4,11.2,8.6,1.002
2023-03-21T03:00:00.000Z,6.4,9.2,8,0.586
2023-03-21T04:00:00.000Z,7,25.2,8.9,5.41
2023-03-21T05:00:00.000Z,8,26.3,18.95,6.48
2023-03-21T06:00:00.000Z,13.5,28.4,16.89,4.053
2023-03-21T07:00:00.000Z,14.9,26.1,18.89,3.011
2023-03-21T08:00:00.000Z,12.9,37.5,23.2,6.832
2023-03-21T09:00:00.000Z,15,22.8,19,1.937
2023-03-21T10:00:00.000Z,17,22.8,19.39,1.5
2023-03-21T11:00:00.000Z,17,30.2,20.3,2.99
2023-03-21T12:00:00.000Z,12.5,19.8,16,1.992
2023-03-21T13:00:00.000Z,9.4,16.2,11.7,2.334
2023-03-21T14:00:00.000Z,9.3,18.3,12,2.282
2023-03-21T15:00:00.000Z,9.2,13.4,9.9,1.08
2023-03-21T16:00:00.000Z,7.6,10.6,9,0.675
2023-03-21T17:00:00.000Z,7.5,9.3,8.19,0.47
2023-03-21T18:00:00.000Z,8.1,9.9,8.8,0.449
2023-03-21T19:00:00.000Z,8.8,11.6,9.6,0.81
2023-03-21T20:00:00.000Z,9.8,12.1,10.85,0.567
2023-03-21T21:00:00.000Z,10.3,26.5,13.6,3.64
2023-03-21T22:00:00.000Z,16.3,35.3,27.6,5.049
2023-03-21T23:00:00.000Z,14.1,32.1,17.3,4.704
2023-03-22T00:00:00.000Z,12,15.9,13.8,1.119
2023-03-22T01:00:00.000Z,10.6,15.6,12.1,1.438
2023-03-22T02:00:00.000Z,9.4,11.9,10.8,0.534
2023-03-22T03:00:00.000Z,9.3,20.2,11.7,2.761
2023-03-22T04:00:00.000Z,9.8,17.4,13.7,1.918
2023-03-22T05:00:00.000Z,13.5,25.3,19.64,2.919
2023-03-22T06:00:00.000Z,9.1,25.9,11.9,5.751
2023-03-22T07:00:00.000Z,8.8,17.3,12.75,2.504
2023-03-22T08:00:00.000Z,11.6,32.2,17.7,4.062
2023-03-22T09:00:00.000Z,16.2,32.7,23.25,3.538
2023-03-22T10:00:00.000Z,11.6,23.6,13.15,2.752
2023-03-22T11:00:00.000Z,10.7,22.8,14.7,2.196
2023-03-22T12:00:00.000Z,9.6,13.7,11.4,0.954
2023-03-22T13:00:00.000Z,9.5,15.9,10.95,1.278
2023-03-22T14:00:00.000Z,9.3,12.3,10.8,0.562
2023-03-22T15:00:00.000Z,9,22.3,12.2,4.488
2023-03-22T16:00:00.000Z,6.9,32.1,14.3,6.603
2023-03-22T17:00:00.000Z,5,30.5,16.25,8.035
2023-03-22T18:00:00.000Z,5.6,20.5,14.7,4.357
2023-03-22T19:00:00.000Z,6.1,21.1,12.4,4.293
2023-03-22T20:00:00.000Z,5.4,6.8,6.2,0.322
2023-03-22T21:00:00.000Z,5.7,21.7,10.4,4.133
2023-03-22T22:00:00.000Z,13.2,32.7,21.6,4.957
2023-03-22T23:00:00.000Z,6.6,16.2,9.1,2.471
2023-03-23T00:00:00.000Z,6.8,16.5,10.7,2.81
2023-03-23T01:00:00.000Z,8.7,20.8,11.8,2.333
2023-03-23T02:00:00.000Z,3.6,9.3,4.95,1.374
2023-03-23T03:00:00.000Z,3,5.2,3.85,0.515
2023-03-23T04:00:00.000Z,2.7,5,3.6,0.609
2023-03-23T05:00:00.000Z,2.4,13.6,3.2,3.011
2023-03-23T06:00:00.000Z,2.6,8.6,3.9,1.736
2023-03-23T07:00:00.000Z,3.9,17.8,5.55,3.301
2023-03-23T08:00:00.000Z,4.1,11.7,5.09,1.513
2023-03-23T09:00:00.000Z,4.5,27.3,19.6,8.284
2023-03-23T10:00:00.000Z,8.2,11.9,10.1,0.879
2023-03-23T11:00:00.000Z,9.8,14.4,11.65,1.16
2023-03-23T12:00:00.000Z,9.7,14.5,11.8,1.264
2023-03-23T13:00:00.000Z,7.7,13.5,11.2,1.533
2023-03-23T14:00:00.000Z,5.1,11.4,6.4,1.908
2023-03-23T15:00:00.000Z,4.7,6.6,5.2,0.433
2023-03-23T16:00:00.000Z,3.4,5.4,4.5,0.515
2023-03-23T17:00:00.000Z,4.2,23.1,15.15,5.271
2023-03-23T18:00:00.000Z,2.8,43,4.8,12.977
2023-03-23T19:00:00.000Z,2.9,25.4,9.75,4.738
2023-03-23T20:00:00.000Z,14.9,58.4,20.55,9.574
2023-03-23T21:00:00.000Z,8.4,22.2,13.15,3.435
2023-03-23T22:00:00.000Z,12.7,37.2,20.3,5.702
2023-03-23T23:00:00.000Z,4.3,16.5,7.9,3.212
2023-03-24T00:00:00.000Z,4.2,19.2,5,3.319
2023-03-24T01:00:00.000Z,3.9,16.9,8.69,3.581
2023-03-24T02:00:00.000Z,3.1,16.2,4.55,2.814
2023-03-24T03:00:00.000Z,1.7,12.5,3.8,2.36
2023-03-24T04:00:00.000Z,1.9,5.4,2.7,0.803
2023-03-24T05:00:00.000Z,1.7,6.3,2.9,1.081
2023-03-24T06:00:00.000Z,1,4.7,1.8,0.796
2023-03-24T07:00:00.000Z,1.6,4.2,2.4,0.512
2023-03-24T08:00:00.000Z,2,13.5,3.2,2.877
2023-03-24T09:00:00.000Z,4.2,26,19.55,5.892
2023-03-24T10:00:00.000Z,3.4,5.1,4.25,0.498
2023-03-24T11:00:00.000Z,4.2,10.3,6,1.404
2023-03-24T12:00:00.000Z,2.6,6.3,4.25,0.864
2023-03-24T13:00:00.000Z,1.5,4.4,2.9,0.705
2023-03-24T14:00:00.000Z,0.5,1.8,1.2,0.387
2023-03-24T15:00:00.000Z,0.5,1.4,0.9,0.238
2023-03-24T16:00:00.000Z,0.5,1.4,0.8,0.189
2023-03-24T17:00:00.000Z,0.3,1.3,0.8,0.253
2023-03-24T18:00:00.000Z,0.4,1.6,0.9,0.292
2023-03-24T19:00:00.000Z,0.3,2.4,0.9,0.608
2023-03-24T20:00:00.000Z,0.5,1.5,1.05,0.284
2023-03-24T21:00:00.000Z,0.7,5.7,2.8,1.501
2023-03-24T22:00:00.000Z,1.8,5.1,2.9,0.904
2023-03-24T23:00:00.000Z,1.1,5.4,2.9,0.956
2023-03-25T00:00:00.000Z,3.4,6.2,4.3,0.606
2023-03-25T01:00:00.000Z,2.4,23,5,4.575
2023-03-25T02:00:00.000Z,1.8,3.4,2.29,0.391
2023-03-25T03:00:00.000Z,1.6,12.2,2.2,2.673
2023-03-25T04:00:00.000Z,5.2,16.3,9.3,4.07
2023-03-25T05:00:00.000Z,1,10.6,2,2.443
2023-03-25T06:00:00.000Z,1.1,1.9,1.4,0.208
2023-03-25T07:00:00.000Z,1,2.1,1.6,0.273
2023-03-25T08:00:00.000Z,1.9,8.4,3.8,1.876
2023-03-25T09:00:00.000Z,5.5,17.5,8.8,3.519
2023-03-25T10:00:00.000Z,4.7,16.7,7.6,2.721
2023-03-25T11:00:00.000Z,4.3,7.5,5.4,0.795
2023-03-25T12:00:00.000Z,3.6,8.1,5.2,1.266
2023-03-25T13:00:00.000Z,1.9,4.6,2.6,0.801
2023-03-25T14:00:00.000Z,2.1,7.4,3,1.238
2023-03-25T15:00:00.000Z,5.2,16.9,9.3,3.387
2023-03-25T16:00:00.000Z,3,33.9,9.25,7.192
2023-03-25T17:00:00.000Z,6.8,17.8,12.5,2.818
2023-03-25T18:00:00.000Z,6.5,17.3,11.55,2.795
2023-03-25T19:00:00.000Z,4,10.6,6.2,1.649
2023-03-25T20:00:00.000Z,8.5,32.8,26.45,6.911
2023-03-25T21:00:00.000Z,5.5,34.1,13.1,8.1
2023-03-25T22:00:00.000Z,5.7,14,10.75,2.151
2023-03-25T23:00:00.000Z,4.8,17.9,5.9,2.911
2023-03-26T00:00:00.000Z,5.3,22.7,6.85,4.269
2023-03-26T01:00:00.000Z,14.1,41.6,18.95,6.162
2023-03-26T02:00:00.000Z,13,48.2,26.7,8.516
2023-03-26T03:00:00.000Z,6.5,15.6,8.6,2.524
2023-03-26T04:00:00.000Z,6.1,10.8,7.2,0.969
2023-03-26T05:00:00.000Z,6.4,11,7.3,1.192
2023-03-26T06:00:00.000Z,7.6,11,9.3,0.969
2023-03-26T07:00:00.000Z,5.8,10,6.5,0.822
2023-03-26T08:00:00.000Z,8.1,28.6,18.64,4.54
2023-03-26T09:00:00.000Z,9.9,18.9,14.55,2.004
2023-03-26T10:00:00.000Z,12.7,46.6,33.29,10.816
2023-03-26T11:00:00.000Z,10.7,20.4,12.5,1.956
2023-03-26T12:00:00.000Z,8.1,11.5,9.69,0.905
2023-03-26T13:00:00.000Z,6,9.3,8.05,0.82
2023-03-26T14:00:00.000Z,5.5,88.4,6.5,16.919
2023-03-26T15:00:00.000Z,5,6.3,5.75,0.346
2023-03-26T16:00:00.000Z,5,6.8,5.85,0.453
2023-03-26T17:00:00.000Z,5.5,7.4,6.6,0.53
2023-03-26T18:00:00.000Z,5.7,7.7,6.5,0.646
2023-03-26T19:00:00.000Z,5.7,16.1,6.8,2.897
2023-03-26T20:00:00.000Z,6.1,23.3,9.3,3.519
2023-03-26T21:00:00.000Z,10.7,27.6,15.8,4.433
2023-03-26T22:00:00.000Z,12.8,25.2,15.6,3.415
2023-03-26T23:00:00.000Z,7.1,22.3,11.3,4.794
2023-03-27T00:00:00.000Z,6,24.9,9.15,5.285
2023-03-27T01:00:00.000Z,9.4,27.2,16.3,5.068
2023-03-27T02:00:00.000Z,5.4,8.5,6.65,0.728
2023-03-27T03:00:00.000Z,5.4,7.1,6,0.381
2023-03-27T04:00:00.000Z,3.9,5.8,4.9,0.492
2023-03-27T05:00:00.000Z,4,13.5,4.7,1.774
2023-03-27T06:00:00.000Z,3.9,10.8,8,1.668
2023-03-27T07:00:00.000Z,4.2,14.7,7.5,3.553
2023-03-27T08:00:00.000Z,10.6,40,20.39,7.365
2023-03-27T09:00:00.000Z,12,25.4,16,3.545
2023-03-27T10:00:00.000Z,7.8,32.5,11.6,7.576
2023-03-27T11:00:00.000Z,10.9,15.5,13.2,1.245
2023-03-27T12:00:00.000Z,7.4,15.2,9.8,1.669
2023-03-27T13:00:00.000Z,5.3,8.1,6.45,0.652
2023-03-27T14:00:00.000Z,4.6,13.9,5.9,2.231
2023-03-27T15:00:00.000Z,4.8,13,5.95,2.119
2023-03-27T16:00:00.000Z,8.3,29.4,13.95,5.819
2023-03-27T17:00:00.000Z,6.2,20.5,9.3,3.782
2023-03-27T18:00:00.000Z,7.2,15,11.8,1.869
2023-03-27T19:00:00.000Z,7.7,10.4,8.69,0.714
2023-03-27T20:00:00.000Z,8.7,28,16.75,4.621
2023-03-27T21:00:00.000Z,18.5,63.4,30.55,10.961
2023-03-27T22:00:00.000Z,31.8,64.2,41.95,7.264
2023-03-27T23:00:00.000Z,22,32.2,28.4,3.143
2023-03-28T00:00:00.000Z,15.9,28.4,19.1,3.702
2023-03-28T01:00:00.000Z,18.7,36.1,27.6,4.822
2023-03-28T02:00:00.000Z,11.5,29.5,19.35,4.046
2023-03-28T03:00:00.000Z,5.9,15.2,8.8,2.388
2023-03-28T04:00:00.000Z,5.1,13.2,7.95,1.778
2023-03-28T05:00:00.000Z,4.8,14.4,7.3,2.079
2023-03-28T06:00:00.000Z,4,20.7,15.9,4.773
2023-03-28T07:00:00.000Z,3.6,24,4.8,6.899
2023-03-28T08:00:00.000Z,14.1,27.1,21.35,3.398
2023-03-28T09:00:00.000Z,13,31.5,19.35,5.262
2023-03-28T10:00:00.000Z,10.4,36.5,28.2,9.268
2023-03-28T11:00:00.000Z,8.3,11.2,9.25,0.749
2023-03-28T12:00:00.000Z,6.5,8.7,7.15,0.533
2023-03-28T13:00:00.000Z,6,7.4,6.7,0.393
2023-03-28T14:00:00.000Z,6.3,15.1,7.5,2.279
2023-03-28T15:00:00.000Z,5.6,22.6,7.35,3.661
2023-03-28T16:00:00.000Z,4.1,15.5,5.3,3.075
2023-03-28T17:00:00.000Z,4.4,17.4,5.6,3.46
2023-03-28T18:00:00.000Z,4.3,6.6,4.7,0.443
2023-03-28T19:00:00.000Z,4.8,18.9,6,4.364
2023-03-28T20:00:00.000Z,3.9,6,5.09,0.505
2023-03-28T21:00:00.000Z,4.9,9.6,7.1,1.251
2023-03-28T22:00:00.000Z,6,22.8,7.7,4.09
2023-03-28T23:00:00.000Z,6.2,16.1,7.35,2.518
2023-03-29T00:00:00.000Z,5.4,11.7,7.2,1.506
2023-03-29T01:00:00.000Z,6.1,27.4,6.9,5.311
2023-03-29T02:00:00.000Z,8.3,30.6,18.89,6.764
2023-03-29T03:00:00.000Z,5.3,6.9,6.4,0.447
2023-03-29T04:00:00.000Z,5.1,7.4,6.5,0.485
2023-03-29T05:00:00.000Z,5.4,7,6.25,0.488
2023-03-29T06:00:00.000Z,5.2,7.7,6.2,0.583
2023-03-29T07:00:00.000Z,5.7,32.2,11.8,8.447
2023-03-29T08:00:00.000Z,7.1,49.7,12.6,8.327
2023-03-29T09:00:00.000Z,12.3,53.5,23.9,11.879
2023-03-29T10:00:00.000Z,8.6,15.6,10.85,1.548
2023-03-29T11:00:00.000Z,6.7,14.4,7.9,1.741
2023-03-29T12:00:00.000Z,5.6,8.7,7.5,0.886
2023-03-29T13:00:00.000Z,4.8,12.1,5.9,1.467
2023-03-29T14:00:00.000Z,5.7,13.6,7.7,2.235
2023-03-29T15:00:00.000Z,4.7,11.7,7,1.587
2023-03-29T16:00:00.000Z,3.2,22.7,5.9,4.822
2023-03-29T17:00:00.000Z,3.3,12.9,4.3,3.338
2023-03-29T18:00:00.000Z,3.6,22.8,5.3,5.166
2023-03-29T19:00:00.000Z,9.8,31.2,20.25,5.939
2023-03-29T20:00:00.000Z,19.2,158.4,42.15,38.665
2023-03-29T21:00:00.000Z,27.1,42.5,34.45,4.535
2023-03-29T22:00:00.000Z,35.5,67.1,40.7,7.445
2023-03-29T23:00:00.000Z,30.3,45.9,37.1,4.094
2023-03-30T00:00:00.000Z,13.5,35.9,23.6,6.195
2023-03-30T01:00:00.000Z,8.9,37,16.89,5.5
2023-03-30T02:00:00.000Z,3.1,20.1,7.7,3.711
2023-03-30T03:00:00.000Z,4.4,12.2,6.9,2.344
2023-03-30T04:00:00.000Z,7.3,14.8,10.19,1.865
2023-03-30T05:00:00.000Z,6.8,17.8,13.2,2.99
2023-03-30T06:00:00.000Z,2.4,15.8,3.7,2.574
2023-03-30T07:00:00.000Z,2.6,15.3,7.6,3.702
2023-03-30T08:00:00.000Z,8.3,32.8,25,8.109
2023-03-30T09:00:00.000Z,5.4,28.3,14.2,6.439
2023-03-30T10:00:00.000Z,5.9,12.3,7.35,1.613
2023-03-30T11:00:00.000Z,5.3,9.9,8.1,1.247
2023-03-30T12:00:00.000Z,6.4,11,7.85,1.149
2023-03-30T13:00:00.000Z,3.1,8.3,5.3,1.128
2023-03-30T14:00:00.000Z,2.1,4.4,2.85,0.486
2023-03-30T15:00:00.000Z,2.2,5.4,2.85,0.948
2023-03-30T16:00:00.000Z,2.2,6.3,3.4,0.939
2023-03-30T17:00:00.000Z,2.8,6.6,3.55,0.932
2023-03-30T18:00:00.000Z,2.4,24.8,3.2,5.96
2023-03-30T19:00:00.000Z,4,6.9,5.4,0.822
2023-03-30T20:00:00.000Z,3.7,7.4,5.4,0.975
2023-03-30T21:00:00.000Z,5.4,53.6,6.5,15.267
2023-03-30T22:00:00.000Z,11.8,31.9,16.3,5.601
2023-03-30T23:00:00.000Z,14.3,22.2,17.5,2.224
2023-03-31T00:00:00.000Z,11.8,17.4,13.6,1.705
2023-03-31T01:00:00.000Z,3.4,17.3,6.8,3.926
2023-03-31T02:00:00.000Z,5.9,48.4,8.9,7.768
2023-03-31T03:00:00.000Z,5.2,16,7.8,2.37
2023-03-31T04:00:00.000Z,2.2,7.6,4.2,1.573
2023-03-31T05:00:00.000Z,0.6,4.4,1.95,1.147
2023-03-31T06:00:00.000Z,0.7,5.3,1.9,1.249
2023-03-31T07:00:00.000Z,1.3,5.2,3.4,1.114
2023-03-31T08:00:00.000Z,2.1,9.7,3.55,1.845
2023-03-31T09:00:00.000Z,3.6,40,12.1,6.398
2023-03-31T10:00:00.000Z,6.3,29.9,11.7,4.654
2023-03-31T11:00:00.000Z,8.2,60.7,23.35,14.596
2023-03-31T12:00:00.000Z,3.5,10.9,5.25,1.533
2023-03-31T13:00:00.000Z,2.7,5.7,3.7,0.816
2023-03-31T14:00:00.000Z,2,4.8,3.15,0.6
2023-03-31T15:00:00.000Z,1.9,3.5,2.45,0.349
2023-03-31T16:00:00.000Z,2.1,3.6,2.65,0.401
2023-03-31T17:00:00.000Z,2.1,3.8,2.8,0.411
2023-03-31T18:00:00.000Z,2.2,5.2,3.5,0.718
2023-03-31T19:00:00.000Z,3,5.5,4,0.769
2023-03-31T20:00:00.000Z,2.7,9,3.4,1.678
2023-03-31T21:00:00.000Z,3.4,19.4,5.5,3.905
2023-03-31T22:00:00.000Z,9.6,36.9,11.5,5.62
2023-03-31T23:00:00.000Z,8.5,28.8,12.65,5.561
2023-04-01T00:00:00.000Z,27.2,60.7,32.6,5.786
2023-04-01T01:00:00.000Z,15.8,34,24.5,5.184
2023-04-01T02:00:00.000Z,9.4,25,15.7,4.445
2023-04-01T03:00:00.000Z,9.4,19.9,11.35,2.289
2023-04-01T04:00:00.000Z,8.7,13.6,10,1.062
2023-04-01T05:00:00.000Z,8.9,14.4,10.1,1.383
2023-04-01T06:00:00.000Z,8.2,13.4,10.15,1.202
2023-04-01T07:00:00.000Z,6.4,12.7,9.15,1.413
2023-04-01T08:00:00.000Z,5.3,8.4,6.7,0.739
2023-04-01T09:00:00.000Z,4.6,25.8,6.65,5.095
2023-04-01T10:00:00.000Z,5.8,10.4,8.15,1.157
2023-04-01T11:00:00.000Z,7,10,8.5,0.83
2023-04-01T12:00:00.000Z,6.2,12.8,8.6,1.533
2023-04-01T13:00:00.000Z,8.1,12.9,10.3,1.148
2023-04-01T14:00:00.000Z,4.1,9.1,6.3,1.566
2023-04-01T15:00:00.000Z,3.3,19.5,4.15,3.826
2023-04-01T16:00:00.000Z,3.3,7.9,5.7,1.404
2023-04-01T17:00:00.000Z,8.4,38.9,14.35,8.829
2023-04-01T18:00:00.000Z,7.4,24.9,11.75,3.98
2023-04-01T19:00:00.000Z,8,23.8,10.65,5.045
2023-04-01T20:00:00.000Z,11.1,35.6,17.2,7.38
2023-04-01T21:00:00.000Z,14.6,25.1,17.35,2.8
2023-04-01T22:00:00.000Z,15.5,51.8,28,10.795
2023-04-01T23:00:00.000Z,26.1,54.7,30.3,6.701
2023-04-02T00:00:00.000Z,27.3,60.7,33.6,6.181
2023-04-02T01:00:00.000Z,25.4,65.3,31.3,7.396
2023-04-02T02:00:00.000Z,34.3,49.9,39.54,5.268
2023-04-02T03:00:00.000Z,34.3,54.8,41.15,5.065
2023-04-02T04:00:00.000Z,32.2,42.1,39.1,2.136
2023-04-02T05:00:00.000Z,14.2,37.3,19,6.193
2023-04-02T06:00:00.000Z,12.4,23,15.4,2.745
2023-04-02T07:00:00.000Z,15,26.4,18.89,3.634
2023-04-02T08:00:00.000Z,22.3,47.7,25.25,6.813
2023-04-02T09:00:00.000Z,12.2,35.1,25.15,7.322
2023-04-02T10:00:00.000Z,9.8,12,10.8,0.623
2023-04-02T11:00:00.000Z,8.9,12.8,10.3,1.093
2023-04-02T12:00:00.000Z,12,24.2,16.3,3.483
2023-04-02T13:00:00.000Z,6.8,22.4,18.5,5.068
2023-04-02T14:00:00.000Z,6.3,7.9,6.9,0.385
2023-04-02T15:00:00.000Z,6.3,7.6,6.85,0.337
2023-04-02T16:00:00.000Z,4.9,8.9,5.85,1.056
2023-04-02T17:00:00.000Z,6.2,12.5,9,1.653
2023-04-02T18:00:00.000Z,9,13,10.15,0.866
2023-04-02T19:00:00.000Z,3.8,39.4,7.95,7.213
2023-04-02T20:00:00.000Z,2.6,30.9,4,6.704
2023-04-02T21:00:00.000Z,4.2,11.1,5.6,1.85
2023-04-02T22:00:00.000Z,7.8,18.2,12.65,3.063
2023-04-02T23:00:00.000Z,9.9,25,19.05,5.024
2023-04-03T00:00:00.000Z,10,21.7,15,2.896
2023-04-03T01:00:00.000Z,10.5,53,14.2,11.989
2023-04-03T02:00:00.000Z,19.1,70.8,32.4,11.552
2023-04-03T03:00:00.000Z,19.2,49.1,46.2,7.392
2023-04-03T04:00:00.000Z,45,51.5,47.4,1.672
2023-04-03T05:00:00.000Z,45.8,61.5,47.7,4.199
2023-04-03T06:00:00.000Z,9.8,50.8,45.4,16.827
2023-04-03T07:00:00.000Z,8.1,38,18.39,6.822
2023-04-03T08:00:00.000Z,13.8,33.6,19,3.89
2023-04-03T09:00:00.000Z,13.9,25.1,20.14,3.112
2023-04-03T10:00:00.000Z,13.2,51.3,38.75,12.405
2023-04-03T11:00:00.000Z,12,15.9,13.3,0.82
2023-04-03T12:00:00.000Z,10.1,12.4,11,0.708
2023-04-03T13:00:00.000Z,9.4,11.3,10.05,0.377
2023-04-03T14:00:00.000Z,9.4,13,10.7,0.92
2023-04-03T15:00:00.000Z,8.9,12.8,10.5,0.898
2023-04-03T16:00:00.000Z,9.6,13.5,11.6,0.856
2023-04-03T17:00:00.000Z,11.6,28.1,17.3,5.155
2023-04-03T18:00:00.000Z,12.9,26.3,18.2,4.199
2023-04-03T19:00:00.000Z,11.8,15.3,12.85,0.901
2023-04-03T20:00:00.000Z,12.1,21.4,15.4,1.809
2023-04-03T21:00:00.000Z,18.2,31.5,21.1,3.544
2023-04-03T22:00:00.000Z,30.5,69.6,35.7,7.643
2023-04-03T23:00:00.000Z,14.9,32.2,20.6,5.619
2023-04-04T00:00:00.000Z,14.5,20.4,16.14,1.671
2023-04-04T01:00:00.000Z,16.9,22.2,19.1,1.2
2023-04-04T02:00:00.000Z,15.4,27.4,17,2.815
2023-04-04T03:00:00.000Z,14.6,21.9,15.9,1.595
2023-04-04T04:00:00.000Z,15.4,18,16.5,0.701
2023-04-04T05:00:00.000Z,14.6,18.6,16.6,1.12
2023-04-04T06:00:00.000Z,13.1,18.3,14.85,1.337
2023-04-04T07:00:00.000Z,11.1,15.4,12.2,0.92
2023-04-04T08:00:00.000Z,9.8,14.4,11.7,1.13
2023-04-04T09:00:00.000Z,11.3,16.3,14.4,1.292
2023-04-04T10:00:00.000Z,15.5,25.2,18,2.341
2023-04-04T11:00:00.000Z,14.2,20.8,17,1.554
2023-04-04T12:00:00.000Z,15.3,18.2,16.6,0.783
2023-04-04T13:00:00.000Z,14.9,17.7,16.2,0.683
2023-04-04T14:00:00.000Z,15.5,20.4,17.1,1.125
2023-04-04T15:00:00.000Z,15.8,18.3,17.1,0.632
2023-04-04T16:00:00.000Z,17.3,20.2,18.7,0.696
2023-04-04T17:00:00.000Z,18.7,31.1,20.5,2.783
2023-04-04T18:00:00.000Z,19.6,23.6,21.2,0.879
2023-04-04T19:00:00.000Z,19.8,22.8,21.35,0.682
2023-04-04T20:00:00.000Z,21.5,24.2,22.6,0.599
2023-04-04T21:00:00.000Z,23.6,30.1,27.5,1.863
2023-04-04T22:00:00.000Z,31.5,60.2,46.25,6.861
2023-04-04T23:00:00.000Z,22.7,44.4,29.15,7.008
2023-04-05T00:00:00.000Z,17.8,30.6,25.3,3.545
2023-04-05T01:00:00.000Z,11.7,27.9,17.5,4.271
2023-04-05T02:00:00.000Z,11.6,16.7,14.1,1.285
2023-04-05T03:00:00.000Z,12.8,21.3,13.9,2.181
2023-04-05T04:00:00.000Z,12.4,23.7,13.65,2.814
2023-04-05T05:00:00.000Z,12.4,16.4,13.4,0.892
2023-04-05T06:00:00.000Z,12,16,13.9,1.068
2023-04-05T07:00:00.000Z,12,17.4,13.8,1.096
2023-04-05T08:00:00.000Z,12,15.7,13.4,0.766
2023-04-05T09:00:00.000Z,11.6,15.7,13.7,1.304
2023-04-05T10:00:00.000Z,13.7,19.2,16.3,1.575
2023-04-05T11:00:00.000Z,16.3,25.6,18.95,2.593
2023-04-05T12:00:00.000Z,23.5,26.9,25.2,0.98
2023-04-05T13:00:00.000Z,18.6,23.3,19.39,1.255
2023-04-05T14:00:00.000Z,12.5,19.5,16.14,1.858
2023-04-05T15:00:00.000Z,11.4,16.5,12.6,1.175
2023-04-05T16:00:00.000Z,7.7,16.8,11.9,2.536
2023-04-05T17:00:00.000Z,8.2,12.9,10.1,1.178
2023-04-05T18:00:00.000Z,6.6,12.8,8.19,1.695
2023-04-05T19:00:00.000Z,5.4,12.6,6.8,1.983
2023-04-05T20:00:00.000Z,5.5,16.6,7.2,3.189
2023-04-05T21:00:00.000Z,4.7,24.1,8.4,6.506
2023-04-05T22:00:00.000Z,15.9,96.7,30,20.243
2023-04-05T23:00:00.000Z,11.7,27.7,13.1,4.513
2023-04-06T00:00:00.000Z,13.5,23.3,16.2,2.394
2023-04-06T01:00:00.000Z,17,28.3,22.05,2.912
2023-04-06T02:00:00.000Z,20.1,29.5,25.15,2.177
2023-04-06T03:00:00.000Z,23.2,33.4,27.25,2.7
2023-04-06T04:00:00.000Z,10.4,28.7,21.45,5.419
2023-04-06T05:00:00.000Z,7.6,11.5,9.1,1.052
2023-04-06T06:00:00.000Z,6.1,8.6,7.3,0.678
2023-04-06T07:00:00.000Z,5.8,7.7,6.4,0.493
2023-04-06T08:00:00.000Z,6.1,18.6,11.65,3.835
2023-04-06T09:00:00.000Z,4.6,12.1,6.2,1.721
2023-04-06T10:00:00.000Z,7.9,16.4,11,2.307
2023-04-06T11:00:00.000Z,8.2,14.1,10.4,1.508
2023-04-06T12:00:00.000Z,9.3,12.3,11.3,0.902
2023-04-06T13:00:00.000Z,8.5,10.3,9.4,0.546
2023-04-06T14:00:00.000Z,8.7,11.6,9.6,0.6
2023-04-06T15:00:00.000Z,8.7,11.5,10.3,0.681
2023-04-06T16:00:00.000Z,6.1,17.2,8.4,3.437
2023-04-06T17:00:00.000Z,6,15.1,6.85,1.981
2023-04-06T18:00:00.000Z,7.3,69.9,8.94,15.381
2023-04-06T19:00:00.000Z,6.4,51.6,8.3,10.318
2023-04-06T20:00:00.000Z,7.2,20.7,8.5,2.88
2023-04-06T21:00:00.000Z,10.1,22.9,11.9,3.57
2023-04-06T22:00:00.000Z,11.6,35.1,17.8,6.433
2023-04-06T23:00:00.000Z,8.5,17.5,9.9,2.279
2023-04-07T00:00:00.000Z,9.8,15.7,13.7,1.801
2023-04-07T01:00:00.000Z,12,17.9,14,1.232
2023-04-07T02:00:00.000Z,15.8,30.4,22.7,3.188
2023-04-07T03:00:00.000Z,23.8,29.7,27.3,1.623
2023-04-07T04:00:00.000Z,28.5,34.4,31.95,1.659
2023-04-07T05:00:00.000Z,30.7,43,33.1,3.141
2023-04-07T06:00:00.000Z,33.1,35.1,34.15,0.572
2023-04-07T07:00:00.000Z,22.2,40.2,33.79,5.283
2023-04-07T08:00:00.000Z,20.9,42.8,35.29,6.385
2023-04-07T09:00:00.000Z,29.2,45.6,38.5,3.806
2023-04-07T10:00:00.000Z,39.4,54.3,45.15,3.616
2023-04-07T11:00:00.000Z,41.9,90.3,54.3,14.323
2023-04-07T12:00:00.000Z,23.1,52.7,31.2,7.061
2023-04-07T13:00:00.000Z,21.8,29.9,24.1,1.687
2023-04-07T14:00:00.000Z,17.7,23.1,19.89,1.547
2023-04-07T15:00:00.000Z,15.8,18.8,17.6,0.916
2023-04-07T16:00:00.000Z,15.3,21.7,17.3,1.811
2023-04-07T17:00:00.000Z,15.3,34,22.4,4.589
2023-04-07T18:00:00.000Z,14.7,20.4,17.5,1.203
2023-04-07T19:00:00.000Z,16.7,38.4,19.7,4.033
2023-04-07T20:00:00.000Z,13.1,31.4,17.75,3.438
2023-04-07T21:00:00.000Z,13.7,25.3,15.3,3.384
2023-04-07T22:00:00.000Z,21.9,42,30.6,5.857
2023-04-07T23:00:00.000Z,19.5,24.7,22,1.432
2023-04-08T00:00:00.000Z,17.6,41.3,22.85,4.168
2023-04-08T01:00:00.000Z,14.1,30.4,19.7,4.171
2023-04-08T02:00:00.000Z,28.2,37.5,31.3,2.419
2023-04-08T03:00:00.000Z,32.8,47,38.6,2.914
2023-04-08T04:00:00.000Z,29.5,37.6,32.45,1.576
2023-04-08T05:00:00.000Z,19.8,41,21.5,5.954
2023-04-08T06:00:00.000Z,19.5,27.3,20.95,1.736
2023-04-08T07:00:00.000Z,18.5,34.3,23.7,4.01
2023-04-08T08:00:00.000Z,19.9,53.3,23.3,10.086
2023-04-08T09:00:00.000Z,15.2,41.2,17.8,7.213
2023-04-08T10:00:00.000Z,13.7,21.6,19.1,2.242
2023-04-08T11:00:00.000Z,12.6,17.6,14.75,1.164
2023-04-08T12:00:00.000Z,9.4,14.1,11.5,1.099
2023-04-08T13:00:00.000Z,8.5,29.5,12.2,6.517
2023-04-08T14:00:00.000Z,3.8,25.1,4.7,5.994
2023-04-08T15:00:00.000Z,4.2,11,5.3,1.739
2023-04-08T16:00:00.000Z,4.2,8.6,5.6,1.211
2023-04-08T17:00:00.000Z,2.5,5.6,3.4,0.743
2023-04-08T18:00:00.000Z,2,5.7,3.45,0.851
2023-04-08T19:00:00.000Z,1,3.8,1.9,0.705
2023-04-08T20:00:00.000Z,1.1,6.2,3.3,1.078
2023-04-08T21:00:00.000Z,2.9,8,4.4,1.663
2023-04-08T22:00:00.000Z,6.9,13.5,10.19,1.894
2023-04-08T23:00:00.000Z,7,13.1,8.6,1.4
2023-04-09T00:00:00.000Z,7.8,21.8,12,2.444
2023-04-09T01:00:00.000Z,12.6,49.1,17.55,8.689
2023-04-09T02:00:00.000Z,13.3,21.3,15.3,1.755
2023-04-09T03:00:00.000Z,3.8,13.6,8,2.451
2023-04-09T04:00:00.000Z,3.4,5.1,4.34,0.502
2023-04-09T05:00:00.000Z,2.6,6.3,4,1.018
2023-04-09T06:00:00.000Z,2.5,3.8,3.1,0.372
2023-04-09T07:00:00.000Z,3,6.4,4.09,0.741
2023-04-09T08:00:00.000Z,4.3,8,5.9,0.881
2023-04-09T09:00:00.000Z,6.4,24.9,10.9,4.915
2023-04-09T10:00:00.000Z,6.9,16.1,10.95,2.265
2023-04-09T11:00:00.000Z,8.6,14.6,10.35,1.15
2023-04-09T12:00:00.000Z,11.3,25.5,17.35,3.413
2023-04-09T13:00:00.000Z,12.8,28.1,17.2,4.163
2023-04-09T14:00:00.000Z,12.3,29.4,16.5,4.166
2023-04-09T15:00:00.000Z,9.9,28.4,17.39,4.69
2023-04-09T16:00:00.000Z,13.8,31,19.1,4.338
2023-04-09T17:00:00.000Z,13.3,27.7,17.3,3.514
2023-04-09T18:00:00.000Z,11.7,48.2,20.1,8.548
2023-04-09T19:00:00.000Z,15.6,29.2,19.89,2.832
2023-04-09T20:00:00.000Z,27.4,75.3,40.25,12.533
2023-04-09T21:00:00.000Z,29.8,43.8,36.75,4.116
2023-04-09T22:00:00.000Z,22,62.4,32.9,9.824
2023-04-09T23:00:00.000Z,13,28.1,14.9,3.348
2023-04-10T00:00:00.000Z,13.2,17.1,15,1.206
2023-04-10T01:00:00.000Z,14.2,22,16.45,2.115
2023-04-10T02:00:00.000Z,15.6,20.5,17.64,1.143
2023-04-10T03:00:00.000Z,14.6,22.2,16.64,1.625
2023-04-10T04:00:00.000Z,14.3,27.6,22.95,4.24
2023-04-10T05:00:00.000Z,15.9,24.5,20.3,2.404
2023-04-10T06:00:00.000Z,16.6,26.7,21.2,2.345
2023-04-10T07:00:00.000Z,15.6,20.6,17.89,1.189
2023-04-10T08:00:00.000Z,11.8,20,16.1,1.741
2023-04-10T09:00:00.000Z,11.8,19.1,15.45,2.158
2023-04-10T10:00:00.000Z,17.5,27.9,19.7,2.91
2023-04-10T11:00:00.000Z,16.6,31.1,25.9,4.645
2023-04-10T12:00:00.000Z,13.6,16.4,15.1,0.795
2023-04-10T13:00:00.000Z,12.5,19.8,14.1,1.942
2023-04-10T14:00:00.000Z,13.4,20.2,15.7,1.852
2023-04-10T15:00:00.000Z,12.6,20,14.9,1.377
2023-04-10T16:00:00.000Z,13.5,15.2,14.2,0.433
2023-04-10T17:00:00.000Z,13.4,16.9,14.45,0.959
2023-04-10T18:00:00.000Z,14.8,22.9,19.1,2.207
2023-04-10T19:00:00.000Z,17.2,23.8,20.55,1.71
2023-04-10T20:00:00.000Z,16.1,28.4,17.95,3.098
2023-04-10T21:00:00.000Z,16,26.1,20.2,2.555
2023-04-10T22:00:00.000Z,20.7,37.2,30.45,4.886
2023-04-10T23:00:00.000Z,20.7,27.8,23.4,2.162
2023-04-11T00:00:00.000Z,19.9,35.6,26.05,4.285
2023-04-11T01:00:00.000Z,20.4,24.7,22.45,1.064
2023-04-11T02:00:00.000Z,21.7,33.2,24,2.495
2023-04-11T03:00:00.000Z,28.1,41,36.45,3.4
2023-04-11T04:00:00.000Z,35,71.7,37.29,7.494
2023-04-11T05:00:00.000Z,34.2,40.4,36.85,1.463
2023-04-11T06:00:00.000Z,22.1,41.8,39.1,7.688
2023-04-11T07:00:00.000Z,20.7,34.7,25.6,3.652
2023-04-11T08:00:00.000Z,26.9,62.9,35.7,11.127
2023-04-11T09:00:00.000Z,24.8,36.9,27.7,2.477
2023-04-11T10:00:00.000Z,27.6,33.2,30.4,1.307
2023-04-11T11:00:00.000Z,31.9,38.9,34.7,1.637
2023-04-11T12:00:00.000Z,29.4,35.8,32.04,1.184
2023-04-11T13:00:00.000Z,31.6,34.8,33.7,0.862
2023-04-11T14:00:00.000Z,29.1,33.1,31,1.14
2023-04-11T15:00:00.000Z,27.6,32.6,29.45,1.184
2023-04-11T16:00:00.000Z,28.3,31.1,29.3,0.702
2023-04-11T17:00:00.000Z,28.7,32.9,30.4,1.101
2023-04-11T18:00:00.000Z,27.1,31.5,28.6,1.369
2023-04-11T19:00:00.000Z,26,29.9,27.7,1.094
2023-04-11T20:00:00.000Z,26.8,33.8,28.8,1.806
2023-04-11T21:00:00.000Z,34.3,42,36.85,1.845
2023-04-11T22:00:00.000Z,35.2,103,46.9,17.952
2023-04-11T23:00:00.000Z,35.5,42.9,38.54,1.972
2023-04-12T00:00:00.000Z,43.6,51.1,45.85,1.535
2023-04-12T01:00:00.000Z,42.3,48,44.8,1.287
2023-04-12T02:00:00.000Z,41.4,49.2,45.75,1.971
2023-04-12T03:00:00.000Z,44,144.4,48.85,31.473
2023-04-12T04:00:00.000Z,44.9,91.6,49.4,9.583
2023-04-12T05:00:00.000Z,50.4,72.9,54.15,4.744
2023-04-12T06:00:00.000Z,56.2,74.6,59.75,4.777
2023-04-12T07:00:00.000Z,59.4,76.9,67.84,5.513
2023-04-12T08:00:00.000Z,57.4,69.8,62.1,3.255
2023-04-12T09:00:00.000Z,57.5,71.7,65.34,2.78
2023-04-12T10:00:00.000Z,68.4,89.5,78.4,5.645
2023-04-12T11:00:00.000Z,75.7,84.1,79.9,2.12
2023-04-12T12:00:00.000Z,74.2,89.9,80.5,4.353
2023-04-12T13:00:00.000Z,80.9,91.8,87,2.979
2023-04-12T14:00:00.000Z,78.6,88.5,84.95,2.591
2023-04-12T15:00:00.000Z,65.4,94.8,71.4,8.583
2023-04-12T16:00:00.000Z,52.8,66.7,57.35,4.596
2023-04-12T17:00:00.000Z,49.6,56.2,53.9,1.933
2023-04-12T18:00:00.000Z,40.6,48.3,45.8,1.718
2023-04-12T19:00:00.000Z,37.5,42.6,39.65,1.256
2023-04-12T20:00:00.000Z,38.4,45.5,40.9,1.563
2023-04-12T21:00:00.000Z,40.8,44.6,42.4,0.903
2023-04-12T22:00:00.000Z,44.5,79.6,50.3,11.199
2023-04-12T23:00:00.000Z,47.6,61.4,50.6,3.552
2023-04-13T00:00:00.000Z,45.2,50.1,47.2,1.417
2023-04-13T01:00:00.000Z,43.1,81.5,45.4,8.479
2023-04-13T02:00:00.000Z,42.1,49.3,44,2.133
2023-04-13T03:00:00.000Z,37.3,47.1,41,2.254
2023-04-13T04:00:00.000Z,34.3,44.1,36.4,1.8
2023-04-13T05:00:00.000Z,32.2,39.9,36.04,2.126
2023-04-13T06:00:00.000Z,33.6,43,37.7,2.735
2023-04-13T07:00:00.000Z,38.8,99.1,41.65,16.574
2023-04-13T08:00:00.000Z,38.4,69.3,43.9,7.418
2023-04-13T09:00:00.000Z,37,45,39.79,2.05
2023-04-13T10:00:00.000Z,38.7,41.8,39.9,0.847
2023-04-13T11:00:00.000Z,37.1,42,39.2,1.242
2023-04-13T12:00:00.000Z,35.3,38.9,37.35,0.92
2023-04-13T13:00:00.000Z,29.5,34.9,33.6,1.538
2023-04-13T14:00:00.000Z,24.2,32.2,28.2,1.977
2023-04-13T15:00:00.000Z,22.3,28,24.85,1.219
2023-04-13T16:00:00.000Z,24,27.8,26,0.905
2023-04-13T17:00:00.000Z,28.2,39.1,35.4,2.877
2023-04-13T18:00:00.000Z,37.1,45,41.6,2.013
2023-04-13T19:00:00.000Z,41.3,52.6,44.05,2.578
2023-04-13T20:00:00.000Z,39.9,48.2,42,2.209
2023-04-13T21:00:00.000Z,42.6,59.9,48.15,4.255
2023-04-13T22:00:00.000Z,49.4,76.8,62.65,9.728
2023-04-13T23:00:00.000Z,43.8,72.8,55.05,7.876
2023-04-14T00:00:00.000Z,32.4,48.3,38.6,4.177
2023-04-14T01:00:00.000Z,29,38.3,32.5,2.434
2023-04-14T02:00:00.000Z,27,36.4,31,1.801
2023-04-14T03:00:00.000Z,27.4,44.6,31.25,3.552
2023-04-14T04:00:00.000Z,31.7,37.4,35.25,1.212
2023-04-14T05:00:00.000Z,35,56.4,51.4,4.914
2023-04-14T06:00:00.000Z,51,70.7,54.25,4.691
2023-04-14T07:00:00.000Z,42.9,81.4,53.2,12.284
2023-04-14T08:00:00.000Z,39.2,55.1,42.5,4.005
2023-04-14T09:00:00.000Z,33.9,41.2,37.6,1.859
2023-04-14T10:00:00.000Z,35.2,48.6,36.9,2.885
2023-04-14T11:00:00.000Z,37.8,50.5,46.2,2.943
2023-04-14T12:00:00.000Z,40.8,48.4,43,2.186
2023-04-14T13:00:00.000Z,45.5,50.2,47.55,1.416
2023-04-14T14:00:00.000Z,45.7,47.8,46.6,0.558
2023-04-14T15:00:00.000Z,46.2,48.4,47.2,0.529
2023-04-14T16:00:00.000Z,45.1,47.2,46.5,0.632
2023-04-14T17:00:00.000Z,43.5,46.1,44.6,0.666
2023-04-14T18:00:00.000Z,43.8,65.2,46.5,7.067
2023-04-14T19:00:00.000Z,45.1,71.4,48.7,5.494
2023-04-14T20:00:00.000Z,45.4,62.8,49.3,5.642
2023-04-14T21:00:00.000Z,58.1,73.3,62.6,4.924
2023-04-14T22:00:00.000Z,60.6,106.5,69.9,11.384
2023-04-14T23:00:00.000Z,59.4,72.5,68.59,3.884
2023-04-15T00:00:00.000Z,58.2,81.5,65.3,5.453
2023-04-15T01:00:00.000Z,49.8,86.4,61.6,7.716
2023-04-15T02:00:00.000Z,46.4,68,52.9,6.588
2023-04-15T03:00:00.000Z,40.9,51.7,44.2,2.911
2023-04-15T04:00:00.000Z,40.4,47.7,44.05,1.585
2023-04-15T05:00:00.000Z,35,53.3,44.2,4.12
2023-04-15T06:00:00.000Z,30.4,38.7,34.4,2.153
2023-04-15T07:00:00.000Z,33,37.9,35.4,1.275
2023-04-15T08:00:00.000Z,33,41.4,34.95,2.128
2023-04-15T09:00:00.000Z,31.5,37,34.79,1.461
2023-04-15T10:00:00.000Z,33.3,42.2,36.95,2.689
2023-04-15T11:00:00.000Z,39.8,45.5,43.4,1.658
2023-04-15T12:00:00.000Z,37.8,43.8,40.9,1.49
2023-04-15T13:00:00.000Z,36.7,42.2,39.29,1.375
2023-04-15T14:00:00.000Z,34.1,41.2,35.79,1.718
2023-04-15T15:00:00.000Z,35.8,40.6,38.79,1.182
2023-04-15T16:00:00.000Z,39.6,48,41.7,2.537
2023-04-15T17:00:00.000Z,39.1,47.1,41.5,2.28
2023-04-15T18:00:00.000Z,38.1,45.8,40.2,2.388
2023-04-15T19:00:00.000Z,38.8,45.1,41.3,1.806
2023-04-15T20:00:00.000Z,35.9,47.7,38.35,3.129
2023-04-15T21:00:00.000Z,38.6,302.1,46,66.55
2023-04-15T22:00:00.000Z,39.3,49.7,44.6,2.68
2023-04-15T23:00:00.000Z,41.7,45.4,42.9,0.786
2023-04-16T00:00:00.000Z,37.7,50.3,43.65,2.897
2023-04-18T06:00:00.000Z,6,7.4,6.6,0.417
2023-04-18T07:00:00.000Z,5.3,7.5,6.5,0.45
2023-04-18T08:00:00.000Z,6.3,10.9,7.8,1.243
2023-04-18T09:00:00.000Z,6.9,13,8.6,1.31
2023-04-18T10:00:00.000Z,7.2,10.7,9,0.989
2023-04-18T11:00:00.000Z,6.4,9.2,7.9,0.8
2023-04-18T12:00:00.000Z,4.4,6.5,5,0.543
2023-04-18T13:00:00.000Z,3.6,6.7,4.3,0.761
2023-04-18T14:00:00.000Z,2.2,3.7,2.8,0.42
2023-04-18T15:00:00.000Z,1.3,3.3,1.9,0.578
2023-04-18T16:00:00.000Z,0.6,1.7,1,0.23
2023-04-18T17:00:00.000Z,0.5,1.6,1,0.306
2023-04-18T18:00:00.000Z,0.6,1.8,1.1,0.315
2023-04-18T19:00:00.000Z,0.9,2.2,1.75,0.298
2023-04-18T20:00:00.000Z,0.9,2.3,1.5,0.313
2023-04-18T21:00:00.000Z,1.8,5.9,3.05,0.888
2023-04-18T22:00:00.000Z,2.5,5,3.55,0.649
2023-04-18T23:00:00.000Z,2,4.5,3.45,0.685
2023-04-19T00:00:00.000Z,1.7,18.5,2.4,5.2
2023-04-19T01:00:00.000Z,3.5,7.4,4.5,1.106
2023-04-19T02:00:00.000Z,4,19,6.7,3.587
2023-04-19T03:00:00.000Z,11.9,24.7,15,2.737
2023-04-19T04:00:00.000Z,13.6,17.5,14.9,0.855
2023-04-19T05:00:00.000Z,14.4,18,15.85,1.025
2023-04-19T06:00:00.000Z,13.5,16.6,14.65,0.869
2023-04-19T07:00:00.000Z,13.7,30.3,15.55,5.138
2023-04-19T08:00:00.000Z,11.2,26.2,17.35,4.624
2023-04-19T09:00:00.000Z,20.2,66.9,34.4,13.131
2023-04-19T10:00:00.000Z,27.7,54.8,32.6,6.095
2023-04-19T11:00:00.000Z,31.3,47.7,34.7,3.633
2023-04-19T12:00:00.000Z,27.3,37.9,32.75,2.519
2023-04-19T13:00:00.000Z,16,44,27.7,7.254
2023-04-19T14:00:00.000Z,8.2,16.3,12.2,2.077
2023-04-19T15:00:00.000Z,11.2,17.6,14.5,2.053
2023-04-19T16:00:00.000Z,6.2,16,13.1,3.37
2023-04-19T17:00:00.000Z,4.9,6.9,5.9,0.476
2023-04-19T18:00:00.000Z,4.8,6.4,5.8,0.363
2023-04-19T19:00:00.000Z,5.1,8.2,6.6,0.714
2023-04-19T20:00:00.000Z,5.9,11.9,8.69,1.5
2023-04-19T21:00:00.000Z,9.6,15.8,11.8,1.327
2023-04-19T22:00:00.000Z,12.3,124.3,24.9,26.453
2023-04-19T23:00:00.000Z,8.2,41.7,10.35,6.134
2023-04-20T00:00:00.000Z,10.1,20.4,13.5,2.615
2023-04-20T01:00:00.000Z,9,19.5,12.15,1.99
2023-04-20T02:00:00.000Z,9,15.1,11.4,1.304
2023-04-20T03:00:00.000Z,11.1,24.6,16,3.431
2023-04-20T04:00:00.000Z,9.4,15.6,14,1.636
2023-04-20T05:00:00.000Z,10.3,14.1,12.7,1.168
2023-04-20T06:00:00.000Z,10.1,16.7,11.3,1.565
2023-04-20T07:00:00.000Z,11.7,35.4,13.35,7.966
2023-04-20T08:00:00.000Z,18.5,35.2,27.4,5.572
2023-04-20T09:00:00.000Z,13.3,25.5,19.7,3.619
2023-04-20T10:00:00.000Z,12.9,31.7,25.5,5.651
2023-04-20T11:00:00.000Z,18.4,29.7,21.35,3.06
2023-04-20T12:00:00.000Z,15.5,26.9,20.6,3.167
2023-04-20T13:00:00.000Z,17.6,27.2,22.7,2.159
2023-04-20T14:00:00.000Z,17.1,24.3,20.55,2
2023-04-20T15:00:00.000Z,19.7,26.5,22.8,1.774
2023-04-20T16:00:00.000Z,17.7,21.6,18.8,1.114
2023-04-20T17:00:00.000Z,18.1,20.7,19.64,0.709
2023-04-20T18:00:00.000Z,21.6,42.2,24,6.102
2023-04-20T19:00:00.000Z,21.5,37.2,27.2,3.501
2023-04-20T20:00:00.000Z,17.7,24.3,20.5,1.687
2023-04-20T21:00:00.000Z,25.1,48.6,33.5,6.639
2023-04-20T22:00:00.000Z,31,43.1,35.7,3.421
2023-04-20T23:00:00.000Z,34.3,43.1,36.6,1.943
2023-04-21T00:00:00.000Z,34.4,49.2,42.85,3.078
2023-04-21T01:00:00.000Z,41.7,49.8,46.7,2.127
2023-04-21T02:00:00.000Z,47.2,56.8,50.45,2.403
2023-04-21T03:00:00.000Z,47.1,58.1,49.2,2.36
2023-04-21T04:00:00.000Z,43.7,49.8,47,1.389
2023-04-21T05:00:00.000Z,31.3,45.5,43.4,5.064
2023-04-21T06:00:00.000Z,33.8,62.9,50.1,7.166
2023-04-21T07:00:00.000Z,38.9,54.7,46.05,4.465
2023-04-21T08:00:00.000Z,27,43,33.15,4.438
2023-04-21T09:00:00.000Z,26.5,46,37.2,4.567
2023-04-21T10:00:00.000Z,34.1,44.9,39.2,2.989
2023-04-21T11:00:00.000Z,32,39.8,33.9,2.145
2023-04-21T12:00:00.000Z,29.8,44.2,37.6,3.875
2023-04-21T13:00:00.000Z,18.4,37.2,22.65,5.964
2023-04-21T14:00:00.000Z,15.7,36.4,20.5,5.967
2023-04-21T15:00:00.000Z,12.8,31.5,15.05,5.202
2023-04-21T16:00:00.000Z,13.5,33.8,28.35,7.283
2023-04-21T17:00:00.000Z,27.8,33.7,30.75,1.731
2023-04-21T18:00:00.000Z,33.8,37.9,36,1.083
2023-04-21T19:00:00.000Z,21.4,38.6,32.6,4.382
2023-04-21T20:00:00.000Z,12.9,19.9,17.6,2.037
2023-04-21T21:00:00.000Z,14.3,19.8,16.95,1.377
2023-04-21T22:00:00.000Z,18.3,28.3,19.39,3.36
2023-04-21T23:00:00.000Z,26.2,35.2,32.5,2.921
2023-04-22T00:00:00.000Z,35.5,74,47.7,9.878
2023-04-22T01:00:00.000Z,26.8,49.3,41.6,5.09
2023-04-22T02:00:00.000Z,28,55.7,38.9,6.708
2023-04-22T03:00:00.000Z,21.4,33.1,26.55,3.226
2023-04-22T04:00:00.000Z,17,46.8,32,11.564
2023-04-22T05:00:00.000Z,14.7,18.3,16.3,0.749
2023-04-22T06:00:00.000Z,13.7,17.6,15.05,1.036
2023-04-22T07:00:00.000Z,14.5,17.2,16,0.721
2023-04-22T08:00:00.000Z,14.2,24.4,18.6,3.101
2023-04-22T09:00:00.000Z,14.7,17.7,16.1,0.833
2023-04-22T10:00:00.000Z,16.5,22.8,17.64,1.443
2023-04-22T11:00:00.000Z,14.7,17.4,15.9,0.622
2023-04-22T12:00:00.000Z,14.8,19.6,16.8,1.221
2023-04-22T13:00:00.000Z,16.9,20.2,18.3,0.789
2023-04-22T14:00:00.000Z,15.5,17.6,16.6,0.507
2023-04-22T15:00:00.000Z,16,88.7,19.39,14.015
2023-04-22T16:00:00.000Z,16.4,21.5,18.1,1.047
2023-04-22T17:00:00.000Z,16.8,25.2,18.3,1.681
2023-04-22T18:00:00.000Z,16.5,19.5,17.39,0.765
2023-04-22T19:00:00.000Z,14.6,18.3,16.64,0.885
2023-04-22T20:00:00.000Z,12.7,16.4,14.1,0.85
2023-04-22T21:00:00.000Z,12.3,23.1,18.8,2.826
2023-04-22T22:00:00.000Z,17.4,27.2,21.7,2.894
2023-04-22T23:00:00.000Z,13.4,19.3,17.3,1.62
2023-04-23T00:00:00.000Z,6.6,27,9.4,5.051
2023-04-23T01:00:00.000Z,9.7,34.8,17.05,6.736
2023-04-23T02:00:00.000Z,4.7,24.1,8.3,6.59
2023-04-23T03:00:00.000Z,5.4,8.4,6.6,0.712
2023-04-23T04:00:00.000Z,6.4,10.2,7.9,0.826
2023-04-23T05:00:00.000Z,7.6,10.1,9,0.612
2023-04-23T06:00:00.000Z,8.6,12.5,9.6,0.87
2023-04-23T07:00:00.000Z,11.1,14.7,13.05,0.82
2023-04-23T08:00:00.000Z,14.3,28.7,17.8,3.652
2023-04-23T09:00:00.000Z,24.6,31.1,28.4,1.766
2023-04-23T10:00:00.000Z,22.3,30.6,24.4,3.081
2023-04-23T11:00:00.000Z,22.6,30,24.8,1.655
2023-04-23T12:00:00.000Z,19.3,27.5,22.2,2.579
2023-04-23T13:00:00.000Z,18.4,21.2,19.64,0.739
2023-04-23T14:00:00.000Z,17.7,21.1,19,0.865
2023-04-23T15:00:00.000Z,16.2,32.1,17.7,3.487
2023-04-23T16:00:00.000Z,16,17.8,16.89,0.389
2023-04-23T17:00:00.000Z,15.8,18.3,16.95,0.619
2023-04-23T18:00:00.000Z,15.8,18.4,16.75,0.604
2023-04-23T19:00:00.000Z,16.2,20,18.2,0.96
2023-04-23T20:00:00.000Z,15.7,18.9,16.95,0.666
2023-04-23T21:00:00.000Z,14.8,26.5,17.35,2.839
2023-04-23T22:00:00.000Z,16.2,46.5,18.25,8.665
2023-04-23T23:00:00.000Z,15.1,17.7,16.3,0.569
2023-04-24T00:00:00.000Z,15.2,21.4,17.2,1.361
2023-04-24T01:00:00.000Z,15.1,24.2,16.85,1.778
2023-04-24T02:00:00.000Z,15.2,29.8,17.75,2.964
2023-04-24T03:00:00.000Z,15.2,36.1,21,7.31
2023-04-24T04:00:00.000Z,27.1,41.5,29.4,3.827
2023-04-24T05:00:00.000Z,21.5,28.9,23.95,1.732
2023-04-24T06:00:00.000Z,14.8,24.5,16.39,1.984
2023-04-24T07:00:00.000Z,13.6,15.4,14.4,0.475
2023-04-24T08:00:00.000Z,13.6,23.6,15.5,2.216
2023-04-24T09:00:00.000Z,17.3,44.5,19.5,7.06
2023-04-24T10:00:00.000Z,16.7,21.7,19.14,1.145
2023-04-24T11:00:00.000Z,18.1,24.8,21.2,1.475
2023-04-24T12:00:00.000Z,15,42.9,17.89,5.954
2023-04-24T13:00:00.000Z,13.7,28.6,16.64,3.361
2023-04-24T14:00:00.000Z,12.5,14.8,13.8,0.541
2023-04-24T15:00:00.000Z,12.6,14.6,13.55,0.467
2023-04-24T16:00:00.000Z,12.4,16.1,13.3,0.685
2023-04-24T17:00:00.000Z,13.4,18.5,15.05,1.124
2023-04-24T18:00:00.000Z,14.3,18.4,16.05,0.99
2023-04-24T19:00:00.000Z,15.9,18.7,17.2,0.702
2023-04-24T20:00:00.000Z,15.8,18.3,17,0.537
2023-04-24T21:00:00.000Z,16.8,19.2,18,0.676
2023-04-24T22:00:00.000Z,16.9,22.1,19.2,1.236
2023-04-24T23:00:00.000Z,17.9,26.6,22.7,2.48
2023-04-25T00:00:00.000Z,20.2,43.3,28.15,6.795
2023-04-25T01:00:00.000Z,28.6,46,34.29,3.923
2023-04-25T02:00:00.000Z,22,43.4,25.7,4.47
2023-04-25T03:00:00.000Z,17.8,28,21.4,2.81
2023-04-25T04:00:00.000Z,16.9,19.4,18.25,0.613
2023-04-25T05:00:00.000Z,14.5,18.5,16.89,1.043
2023-04-25T06:00:00.000Z,14.1,33.3,20.45,4.861
2023-04-25T07:00:00.000Z,11.7,18.2,13.6,1.801
2023-04-25T08:00:00.000Z,11.6,24.8,14,3.024
2023-04-25T09:00:00.000Z,12.3,39.4,13.7,5.466
2023-04-25T10:00:00.000Z,13.5,32.9,17.14,4.99
2023-04-25T11:00:00.000Z,14.3,36.3,18.05,5.574
2023-04-25T12:00:00.000Z,14,23,15.25,1.984
2023-04-25T13:00:00.000Z,9.4,15.3,11.45,1.483
2023-04-25T14:00:00.000Z,9,16.4,10.19,1.637
2023-04-25T15:00:00.000Z,9.9,15.5,10.95,1.476
2023-04-25T16:00:00.000Z,10.4,13.6,11.3,0.751
2023-04-25T17:00:00.000Z,9.9,12.6,11,0.56
2023-04-25T18:00:00.000Z,10,14.8,10.8,1.016
2023-04-25T19:00:00.000Z,9.6,14.2,10.6,1.264
2023-04-25T20:00:00.000Z,11.9,17.4,14.3,1.597
2023-04-25T21:00:00.000Z,11.7,18.4,13.8,1.244
2023-04-25T22:00:00.000Z,10,21.1,12.75,2.649
2023-04-25T23:00:00.000Z,10.8,63,17.85,16.414
2023-04-26T00:00:00.000Z,10.6,20.6,12.7,3.128
2023-04-26T01:00:00.000Z,12.7,26.4,17.1,3.216
2023-04-26T02:00:00.000Z,13.2,27.2,19.8,3.791
2023-04-26T03:00:00.000Z,12.8,27.8,14.3,4.288
2023-04-26T04:00:00.000Z,12.1,13.7,12.8,0.468
2023-04-26T05:00:00.000Z,13.2,18.4,15.35,1.406
2023-04-26T06:00:00.000Z,11.4,18.2,13.9,1.869
2023-04-26T07:00:00.000Z,12.8,24.2,18.3,2.825
2023-04-26T08:00:00.000Z,17.6,29.7,20.75,2.818
2023-04-26T09:00:00.000Z,23.1,35.7,27.5,4.4
2023-04-26T10:00:00.000Z,17.1,49.3,24.6,5.564
2023-04-26T11:00:00.000Z,11.2,27.7,14.1,4.315
2023-04-26T12:00:00.000Z,11.1,18,12.85,1.536
2023-04-26T13:00:00.000Z,12,17.2,13.6,1.535
2023-04-26T14:00:00.000Z,11.2,17,13.8,1.62
2023-04-26T15:00:00.000Z,10.2,16.3,11.1,1.528
2023-04-26T16:00:00.000Z,9.4,11.4,10.19,0.461
2023-04-26T17:00:00.000Z,9.6,11.1,10.19,0.378
2023-04-26T18:00:00.000Z,10.1,11.5,10.7,0.352
2023-04-26T19:00:00.000Z,9.4,12.3,10.6,0.76
2023-04-26T20:00:00.000Z,10.7,14.6,12.5,0.812
2023-04-26T21:00:00.000Z,12,22.3,15.9,2.508
2023-04-26T22:00:00.000Z,14.2,18.9,16.6,1.128
2023-04-26T23:00:00.000Z,12.3,17,14.95,1.198
2023-04-27T00:00:00.000Z,12,16,12.95,1.113
2023-04-27T01:00:00.000Z,11.6,24.2,14,2.993
2023-04-27T02:00:00.000Z,12.8,19.1,14.55,1.261
2023-04-27T03:00:00.000Z,12.2,20.4,13.8,2.15
2023-04-27T04:00:00.000Z,11.2,13.2,12.1,0.434
2023-04-27T05:00:00.000Z,11.6,13.8,12.45,0.482
2023-04-27T06:00:00.000Z,12.3,14.2,13.25,0.446
2023-04-27T07:00:00.000Z,12.4,23.8,17.89,3.271
2023-04-27T08:00:00.000Z,12.8,29.1,16.05,4.07
2023-04-27T09:00:00.000Z,15.5,32.6,22.85,4.579
2023-04-27T10:00:00.000Z,24.1,51.3,32.9,6.02
2023-04-27T11:00:00.000Z,16.1,73.5,27.8,14.372
2023-04-27T12:00:00.000Z,9.3,23,12.3,3.004
2023-04-27T13:00:00.000Z,8.1,27.1,9.19,3.706
2023-04-27T14:00:00.000Z,7,9.2,7.9,0.436
2023-04-27T15:00:00.000Z,7.3,8.7,8,0.384
2023-04-27T16:00:00.000Z,6.9,8.9,8.25,0.506
2023-04-27T17:00:00.000Z,7.6,10,8.9,0.489
2023-04-27T18:00:00.000Z,9,10.4,9.69,0.423
2023-04-27T19:00:00.000Z,8.7,12.7,10.5,0.946
2023-04-27T20:00:00.000Z,9.8,14.6,12.55,1.203
2023-04-27T21:00:00.000Z,12.6,15.9,13.8,0.817
2023-04-27T22:00:00.000Z,13,50.4,17.39,8.665
2023-04-27T23:00:00.000Z,16.3,65.6,22.5,9.162
2023-04-28T00:00:00.000Z,15,46.8,18.3,6.223
2023-04-28T01:00:00.000Z,12.3,37.7,16.3,4.771
2023-04-28T02:00:00.000Z,12.8,43.2,19.05,8.204
2023-04-28T03:00:00.000Z,10.8,14.1,11.8,0.815
2023-04-28T04:00:00.000Z,10.3,26.3,11.4,3.032
2023-04-28T05:00:00.000Z,11.7,21.4,13.4,2.101
2023-04-28T06:00:00.000Z,12.6,47.1,19.75,10.4
2023-04-28T07:00:00.000Z,13.2,15.8,14.9,0.62
2023-04-28T08:00:00.000Z,13,24,14.9,3.077
2023-04-28T09:00:00.000Z,11.9,17.7,13.8,1.52
2023-04-28T10:00:00.000Z,14.5,26.4,20.65,3.237
2023-04-28T11:00:00.000Z,14.2,18.7,15.9,1.21
2023-04-28T12:00:00.000Z,12.4,18.5,15.1,1.635
2023-04-28T13:00:00.000Z,10.9,20.3,11.9,2.296
2023-04-28T14:00:00.000Z,9.9,15.4,11.45,1.222
2023-04-28T15:00:00.000Z,9.5,16.1,11.35,1.54
2023-04-28T16:00:00.000Z,10.7,12.8,11.9,0.476
2023-04-28T17:00:00.000Z,10.1,13.8,11.6,1.044
2023-04-28T18:00:00.000Z,10.4,13.5,11.75,0.812
2023-04-28T19:00:00.000Z,12.2,85.7,31.35,22.657
2023-04-28T20:00:00.000Z,24.7,59.9,32.4,8.321
2023-04-28T21:00:00.000Z,24.5,52.7,36,5.938
2023-04-28T22:00:00.000Z,25.4,45,34.2,4.862
2023-04-28T23:00:00.000Z,17.6,28.7,24.5,1.998
2023-04-29T00:00:00.000Z,15,33.8,22.4,6.523
2023-04-29T01:00:00.000Z,12.1,31.8,17,6.741
2023-04-29T02:00:00.000Z,8.2,36.2,31.55,10.217
2023-04-29T03:00:00.000Z,3.4,31.8,8.8,11.767
2023-04-29T04:00:00.000Z,1.1,9.6,3,1.821
2023-04-29T05:00:00.000Z,0.4,6.9,1.25,1.289
2023-04-29T06:00:00.000Z,0.3,4.2,1,0.922
2023-04-29T07:00:00.000Z,0.8,3.7,1.7,0.891
2023-04-29T08:00:00.000Z,0.9,17.7,9.6,4.991
2023-04-29T09:00:00.000Z,1.7,11,3.3,2.313
2023-04-29T10:00:00.000Z,7.5,26.5,16.14,4.875
2023-04-29T11:00:00.000Z,6.2,26,11.3,5.825
2023-04-29T12:00:00.000Z,8.2,63.9,35.29,18.466
2023-04-29T13:00:00.000Z,0.9,26.1,4.2,5.352
2023-04-29T14:00:00.000Z,0.7,1.8,1.1,0.336
2023-04-29T15:00:00.000Z,0.8,7.7,3.95,1.824
2023-04-29T16:00:00.000Z,0.7,12.8,1.75,2.541
2023-04-29T17:00:00.000Z,5,118.8,8.19,25.828
2023-04-29T18:00:00.000Z,2.6,7.4,4,1.022
2023-04-29T19:00:00.000Z,1.8,4.8,3,0.75
2023-04-29T20:00:00.000Z,2.3,32.9,4.7,8.651
2023-04-29T21:00:00.000Z,6.8,99.9,23,27.406
2023-04-29T22:00:00.000Z,6.8,88.8,14.05,23.187
2023-04-29T23:00:00.000Z,7.4,17.6,11.1,2.445
2023-04-30T00:00:00.000Z,5.2,39.4,7.9,9.39
2023-04-30T01:00:00.000Z,4,26.9,8.05,7.68
2023-04-30T02:00:00.000Z,23.6,32.1,27.6,1.914
2023-04-30T03:00:00.000Z,2.3,30.6,18.6,10.738
2023-04-30T04:00:00.000Z,1.5,3.9,2.35,0.572
2023-04-30T05:00:00.000Z,1.2,7.7,3.2,1.666
2023-04-30T06:00:00.000Z,1.4,8.2,3.1,1.956
2023-04-30T07:00:00.000Z,1.7,6.3,2.75,1.207
2023-04-30T08:00:00.000Z,1.4,3.2,2.2,0.456
2023-04-30T09:00:00.000Z,3.7,5.3,4.2,0.514
2023-04-30T10:00:00.000Z,2.7,24.4,5.5,7.276
2023-04-30T11:00:00.000Z,3.9,20.6,6.9,3.713
2023-04-30T12:00:00.000Z,4,30,9.4,7.346
2023-04-30T13:00:00.000Z,15.8,45.9,18,5.867
2023-04-30T14:00:00.000Z,11.5,83.9,13.95,18.389
2023-04-30T15:00:00.000Z,11.9,15.8,13.2,0.893
2023-04-30T16:00:00.000Z,12.2,17,13.6,1.383
2023-04-30T17:00:00.000Z,14.1,17.2,15.4,0.719
2023-04-30T18:00:00.000Z,11.6,19.1,12.6,2.387
2023-04-30T19:00:00.000Z,19.2,22.4,21.7,0.958
2023-04-30T20:00:00.000Z,20.1,24,21.95,0.852
2023-04-30T21:00:00.000Z,19.5,37.3,29.6,5.882
2023-04-30T22:00:00.000Z,23.4,48.4,31,8.021
2023-04-30T23:00:00.000Z,14.1,33.9,27.95,3.899
2023-05-01T00:00:00.000Z,11.2,19,15,1.787
2023-05-01T01:00:00.000Z,8.7,28.3,16,6.557
2023-05-01T02:00:00.000Z,3.3,9.4,5.6,1.891
2023-05-01T03:00:00.000Z,2.5,9.9,3.35,2.084
2023-05-01T04:00:00.000Z,1.4,4.2,2.6,0.625
2023-05-01T05:00:00.000Z,1.5,2.8,2,0.311
2023-05-01T06:00:00.000Z,1,2.5,1.8,0.394
2023-05-01T07:00:00.000Z,1.6,4.1,2.6,0.545
2023-05-01T08:00:00.000Z,2.2,19.4,3,4.696
2023-05-01T09:00:00.000Z,3.2,15.7,5.09,3.867
2023-05-01T10:00:00.000Z,4.3,49.3,15.25,10.386
2023-05-01T11:00:00.000Z,5.6,28.3,9.44,6.072
2023-05-01T12:00:00.000Z,3.4,11,4.7,1.914
2023-05-01T13:00:00.000Z,2.7,23.9,4.5,4.464
2023-05-01T14:00:00.000Z,1.8,3.4,2.45,0.401
2023-05-01T15:00:00.000Z,1.3,8.9,3.7,1.577
2023-05-01T16:00:00.000Z,2,11.7,3.7,2.442
2023-05-01T17:00:00.000Z,1.7,3.2,2.29,0.335
2023-05-01T18:00:00.000Z,2.3,4.9,3.95,0.763
2023-05-01T19:00:00.000Z,3.6,17.6,5.6,3.345
2023-05-01T20:00:00.000Z,6.2,67.9,20.7,15.19
2023-05-01T21:00:00.000Z,6.5,13.2,10.8,1.626
2023-05-01T22:00:00.000Z,8.6,74,15.3,15.56
2023-05-01T23:00:00.000Z,7.6,22.8,14.2,3.953
2023-05-02T00:00:00.000Z,4,11.8,6.45,2.357
2023-05-02T01:00:00.000Z,2.7,7.6,4.09,1.171
2023-05-02T02:00:00.000Z,1.9,4.1,2.8,0.492
2023-05-02T03:00:00.000Z,1.6,9.3,2.65,1.404
2023-05-02T04:00:00.000Z,1.3,4.6,1.7,0.652
2023-05-02T05:00:00.000Z,1,2.4,1.6,0.307
2023-05-02T06:00:00.000Z,1.4,2.9,2,0.363
2023-05-02T07:00:00.000Z,1.4,3.9,2.5,0.654
2023-05-02T08:00:00.000Z,2.4,15.9,3.8,3.943
2023-05-02T09:00:00.000Z,3.9,6.9,5.2,0.991
2023-05-02T10:00:00.000Z,5,17.7,7.5,2.843
2023-05-02T11:00:00.000Z,8.3,18.3,10.25,2.569
2023-05-02T12:00:00.000Z,7.9,13.6,10.5,1.263
2023-05-02T13:00:00.000Z,2.9,8.2,3.9,1.231
2023-05-02T14:00:00.000Z,2.8,4.6,3.6,0.434
2023-05-02T15:00:00.000Z,2.3,42.1,3,9.332
2023-05-02T16:00:00.000Z,3.4,105.6,19.8,29.648
2023-05-02T17:00:00.000Z,3.2,7.5,4.09,1.028
2023-05-02T18:00:00.000Z,4.2,8.5,5,1.048
2023-05-02T19:00:00.000Z,4.4,8.6,6.7,1.401
2023-05-02T20:00:00.000Z,8.4,21.5,10.1,4.018
2023-05-02T21:00:00.000Z,16.7,23,18.3,1.753
2023-05-02T22:00:00.000Z,13.8,32.3,26.9,6.051
2023-05-02T23:00:00.000Z,12.2,62.8,21.85,12.51
2023-05-03T00:00:00.000Z,13.3,29.3,22.5,4.1
2023-05-03T01:00:00.000Z,10.1,14.5,11.9,1.187
2023-05-03T02:00:00.000Z,8.2,19.3,10.25,2.807
2023-05-03T03:00:00.000Z,2.6,14,6.1,2.414
2023-05-03T04:00:00.000Z,1.6,4.2,2.4,0.652
2023-05-03T05:00:00.000Z,1.2,3.9,2.4,0.69
2023-05-03T06:00:00.000Z,1.3,8.6,3.1,1.886
2023-05-03T07:00:00.000Z,1.1,24.8,10.9,7.455
2023-05-03T08:00:00.000Z,1.9,15.4,3.25,2.982
2023-05-03T09:00:00.000Z,3.6,10.6,6,2.043
2023-05-03T10:00:00.000Z,5.3,15.9,8.69,3.061
2023-05-03T11:00:00.000Z,5.2,16.7,11.6,3.543
2023-05-03T12:00:00.000Z,2,6.4,3.15,1.334
2023-05-03T13:00:00.000Z,2.2,6.9,3.6,0.874
2023-05-03T14:00:00.000Z,1.5,3.6,2.2,0.665
2023-05-03T15:00:00.000Z,1.1,5.1,2.29,0.909
2023-05-03T16:00:00.000Z,0.3,33.6,1.4,8.233
2023-05-03T17:00:00.000Z,0.7,3.2,1.4,0.677
2023-05-03T18:00:00.000Z,2.9,7.1,5.25,1.213
2023-05-03T19:00:00.000Z,6.4,16.6,8.75,3.258
2023-05-03T20:00:00.000Z,3.9,29.7,5.6,6.915
2023-05-03T21:00:00.000Z,8.8,76.9,15.1,18.296
2023-05-03T22:00:00.000Z,4.6,46.9,13.1,12.357
2023-05-03T23:00:00.000Z,2.1,5.4,3.4,0.723
2023-05-04T00:00:00.000Z,3.6,8.2,5.05,1.27
2023-05-04T01:00:00.000Z,5.3,11.4,7.3,1.736
2023-05-04T02:00:00.000Z,5.4,23.8,9.1,3.661
2023-05-04T03:00:00.000Z,1.3,7.7,3.7,1.936
2023-05-04T04:00:00.000Z,1.3,42.2,2.4,8.633
2023-05-04T05:00:00.000Z,1.4,11.3,3.9,2.887
2023-05-04T06:00:00.000Z,1,14.3,2.9,3.743
2023-05-04T07:00:00.000Z,6.2,17.8,11.4,2.904
2023-05-04T08:00:00.000Z,2.2,20.7,10.5,6.571
2023-05-04T09:00:00.000Z,1.2,7.4,2.4,1.395
2023-05-04T10:00:00.000Z,3.3,6.5,4.59,0.638
2023-05-04T11:00:00.000Z,5.8,11.7,7.8,1.462
2023-05-04T12:00:00.000Z,2.3,12.9,4.3,3.016
2023-05-04T13:00:00.000Z,2.5,3.7,3,0.353
2023-05-04T14:00:00.000Z,1.6,2.9,2.2,0.329
2023-05-04T15:00:00.000Z,1.3,2.9,2.1,0.439
2023-05-04T16:00:00.000Z,1.3,2.4,1.7,0.258
2023-05-04T17:00:00.000Z,1.6,7.1,2.2,1.047
2023-05-04T18:00:00.000Z,3,5.1,4.3,0.561
2023-05-04T19:00:00.000Z,1.4,5.1,2.2,0.998
2023-05-04T20:00:00.000Z,1,2.9,1.7,0.444
2023-05-04T21:00:00.000Z,1.2,2.6,2.1,0.432
2023-05-04T22:00:00.000Z,1.4,9.3,3.85,2.052
2023-05-04T23:00:00.000Z,1.6,4,2.7,0.641
2023-05-05T00:00:00.000Z,3.6,19.3,5.2,2.874
2023-05-05T01:00:00.000Z,2.8,17,5.4,4.483
2023-05-05T02:00:00.000Z,2.6,14.5,3.45,3.17
2023-05-05T03:00:00.000Z,2.4,6.7,3.5,1.106
2023-05-05T04:00:00.000Z,1.7,7,3.6,1.311
2023-05-05T05:00:00.000Z,1.4,3,2.1,0.43
2023-05-05T06:00:00.000Z,1.8,3.3,2.4,0.315
2023-05-05T07:00:00.000Z,1.6,3.6,2.4,0.605
2023-05-05T08:00:00.000Z,3.2,11,4.25,2.055
2023-05-05T09:00:00.000Z,4.1,11.2,6.4,1.759
2023-05-05T10:00:00.000Z,6.4,16.6,9.55,2.736
2023-05-05T11:00:00.000Z,6,12.4,8.94,1.733
2023-05-05T12:00:00.000Z,3.1,5.5,4.3,0.591
2023-05-05T13:00:00.000Z,2.8,5.5,3.3,0.512
2023-05-05T14:00:00.000Z,2.4,4.2,2.85,0.435
2023-05-05T15:00:00.000Z,2.3,6.3,3.5,1.126
2023-05-05T16:00:00.000Z,1.9,4.9,3.3,0.751
2023-05-05T17:00:00.000Z,1.1,3.2,2.2,0.616
2023-05-05T18:00:00.000Z,0.7,1.8,1,0.282
2023-05-05T19:00:00.000Z,0.6,1.7,1.1,0.265
2023-05-05T20:00:00.000Z,0.4,106.5,2.9,21.449
2023-05-05T21:00:00.000Z,1.4,6.9,3.2,1.496
2023-05-05T22:00:00.000Z,1.6,6,3.5,1.283
2023-05-05T23:00:00.000Z,1.4,28.6,2.85,6.083
2023-05-06T00:00:00.000Z,3.5,20.6,6.5,5.748
2023-05-06T01:00:00.000Z,2.3,16,3.1,3.052
2023-05-06T02:00:00.000Z,2.3,27.4,3,6.407
2023-05-06T03:00:00.000Z,3.8,53,16.85,13.073
2023-05-06T04:00:00.000Z,3.6,51.4,14.1,14.054
2023-05-06T05:00:00.000Z,1.9,9.5,3.2,1.824
2023-05-06T06:00:00.000Z,2.3,5,3.25,0.877
2023-05-06T07:00:00.000Z,4.3,6.1,5.3,0.43
2023-05-06T08:00:00.000Z,4.8,17.2,8.6,3.062
2023-05-06T09:00:00.000Z,9.8,20.6,13.4,2.947
2023-05-06T10:00:00.000Z,10.2,15.9,13.1,1.496
2023-05-06T11:00:00.000Z,5.2,35.8,5.95,7.888
2023-05-06T12:00:00.000Z,4.4,6.4,5.25,0.58
2023-05-06T13:00:00.000Z,4.2,8.3,4.8,0.906
2023-05-06T14:00:00.000Z,4.7,8.6,5.9,0.764
2023-05-06T15:00:00.000Z,4.3,5.7,5.05,0.38
2023-05-06T16:00:00.000Z,2.1,4.7,3,0.624
2023-05-06T17:00:00.000Z,2.2,4.6,2.9,0.612
2023-05-06T18:00:00.000Z,2,3.6,2.6,0.384
2023-05-06T19:00:00.000Z,2.4,3.4,2.8,0.271
2023-05-06T20:00:00.000Z,2,3,2.45,0.276
2023-05-06T21:00:00.000Z,2.3,5,2.8,0.724
2023-05-06T22:00:00.000Z,2.1,6.4,3.2,0.969
2023-05-06T23:00:00.000Z,2,18.2,4.2,4.013
2023-05-07T00:00:00.000Z,1.9,22.4,3.6,5.867
2023-05-07T01:00:00.000Z,2.6,14.6,3.9,3.421
2023-05-07T02:00:00.000Z,3.8,12.6,5.09,1.865
2023-05-07T03:00:00.000Z,5.1,12.4,7.1,1.63
2023-05-07T04:00:00.000Z,7.7,12.9,9,0.997
2023-05-07T05:00:00.000Z,8.3,12.3,10.19,1.095
2023-05-07T06:00:00.000Z,9.7,25.2,16.7,5.316
2023-05-07T07:00:00.000Z,6,30,10.9,7.527
2023-05-07T08:00:00.000Z,4.8,7.2,5.7,0.585
2023-05-07T09:00:00.000Z,4.4,15.3,8.5,3.512
2023-05-07T10:00:00.000Z,11.5,20.1,14.45,2.869
2023-05-07T11:00:00.000Z,13.6,24,18.3,2.898
2023-05-07T12:00:00.000Z,13,28.8,22,3.341
2023-05-07T13:00:00.000Z,11.3,26.8,16.1,4.994
2023-05-07T14:00:00.000Z,16.5,28.8,18.6,2.959
2023-05-07T15:00:00.000Z,23.5,33.9,26.7,2.737
2023-05-07T16:00:00.000Z,19.3,32.6,20.9,3.847
2023-05-07T17:00:00.000Z,20.7,23.7,22.5,0.757
2023-05-07T18:00:00.000Z,21.8,25.7,23.7,0.826
2023-05-07T19:00:00.000Z,20.1,27,23.2,1.974
2023-05-07T20:00:00.000Z,17.5,22.5,18.7,1.154
2023-05-07T21:00:00.000Z,18.9,88.1,30.2,17.456
2023-05-07T22:00:00.000Z,25.2,34.1,30.7,2.329
2023-05-07T23:00:00.000Z,16.9,26.6,20.2,2.523
2023-05-08T00:00:00.000Z,14.8,30,19.3,3.291
2023-05-08T01:00:00.000Z,7.6,22.4,13.3,3.917
2023-05-08T02:00:00.000Z,2.6,8.8,4.25,1.364
2023-05-08T03:00:00.000Z,3,5.1,4,0.51
2023-05-08T04:00:00.000Z,3,6,4.59,0.804
2023-05-08T05:00:00.000Z,4.1,18.5,5.4,4.454
2023-05-08T06:00:00.000Z,17.4,20.5,18.8,1.18
2023-05-08T07:00:00.000Z,43.6,94.9,53.9,18.23
2023-05-08T08:00:00.000Z,38.4,62.7,50,7.751
2023-05-08T09:00:00.000Z,32.3,49.1,40.6,4.73
2023-05-08T10:00:00.000Z,23.2,68,35.79,8.929
2023-05-08T11:00:00.000Z,14.3,44.2,27.2,6.46
2023-05-08T12:00:00.000Z,21.1,47.4,25.2,5.082
2023-05-08T13:00:00.000Z,24.2,37.8,33.79,3.643
2023-05-08T14:00:00.000Z,34.1,39.2,36.15,1.275
2023-05-08T15:00:00.000Z,31.6,34.8,33,0.766
2023-05-08T16:00:00.000Z,31.1,41.2,33.6,2.256
2023-05-08T17:00:00.000Z,39.8,43.4,41.3,0.786
2023-05-08T18:00:00.000Z,42.5,51.8,48.3,2.431
2023-05-08T19:00:00.000Z,44.5,51.6,46.25,2.032
2023-05-08T20:00:00.000Z,35.9,106.8,46.35,18.657
2023-05-08T21:00:00.000Z,37.1,45.4,38.5,2.02
2023-05-08T22:00:00.000Z,39.5,51,43.55,3.477
2023-05-08T23:00:00.000Z,49.8,83.7,73.59,11.362
2023-05-09T00:00:00.000Z,47.6,59.7,52.55,3.387
2023-05-09T01:00:00.000Z,48.8,59.8,51.7,2.51
2023-05-09T02:00:00.000Z,50.6,110.5,87.85,17.346
2023-05-09T03:00:00.000Z,49.1,77.4,55.75,8.183
2023-05-09T04:00:00.000Z,37.3,57.3,52.3,3.441
2023-05-09T05:00:00.000Z,30.8,37.7,32.15,1.275
2023-05-09T06:00:00.000Z,19.7,32,25.6,3.925
2023-05-09T07:00:00.000Z,12.2,22.9,16.95,2.861
2023-05-09T08:00:00.000Z,9,32.7,12.9,5.331
2023-05-09T09:00:00.000Z,9.1,35,11.8,4.705
2023-05-09T10:00:00.000Z,8.4,20.7,13.05,3.153
2023-05-09T11:00:00.000Z,9.6,15.8,12.2,1.68
2023-05-09T12:00:00.000Z,7.9,34.8,11.3,6.986
2023-05-09T13:00:00.000Z,7.8,32.8,10.35,7.839
2023-05-09T14:00:00.000Z,29.6,34.3,31.6,1.177
2023-05-09T15:00:00.000Z,27.5,31.7,29.6,1.27
2023-05-09T16:00:00.000Z,22.3,32.2,26.4,3.013
2023-05-09T17:00:00.000Z,29.6,33,31.4,0.858
2023-05-09T18:00:00.000Z,30.7,41.2,33.7,2.058
2023-05-09T19:00:00.000Z,30.2,34.1,31.85,0.927
2023-05-09T20:00:00.000Z,32.2,154.8,39.1,34.457
2023-05-09T21:00:00.000Z,38.1,61.9,41.15,4.341
2023-05-09T22:00:00.000Z,39.2,46.2,43.5,1.844
2023-05-09T23:00:00.000Z,25.7,47.7,33.5,5.621
2023-05-10T00:00:00.000Z,13.5,29.9,16.89,3.524
2023-05-10T01:00:00.000Z,16.6,36.8,30.3,6.023
2023-05-10T02:00:00.000Z,8.1,36.9,25.1,10.022
2023-05-10T03:00:00.000Z,5,11.3,7.5,1.909
2023-05-10T04:00:00.000Z,4,10.1,6.4,1.631
2023-05-10T05:00:00.000Z,5,37.3,16.5,9.011
2023-05-10T06:00:00.000Z,7.8,23.8,17,4.556
2023-05-10T07:00:00.000Z,5,39.4,23.25,13.123
2023-05-10T08:00:00.000Z,10.4,83,23.9,13.631
2023-05-10T09:00:00.000Z,9.7,41,22.1,7.976
2023-05-10T10:00:00.000Z,11.9,38.4,22.6,6.747
2023-05-10T11:00:00.000Z,18.9,122,28.3,25.439
2023-05-10T12:00:00.000Z,19.8,84.1,25.75,16.477
2023-05-10T13:00:00.000Z,19.6,34.5,26.25,4.405
2023-05-10T14:00:00.000Z,23.6,49.1,28.4,7.737
2023-05-10T15:00:00.000Z,23.4,30.8,25.7,1.812
2023-05-10T16:00:00.000Z,30.7,43.5,39,3.47
2023-05-10T17:00:00.000Z,27.7,43.1,36.35,4.574
2023-05-10T18:00:00.000Z,32.6,47.4,37,4.821
2023-05-10T19:00:00.000Z,47.8,58.1,53.7,2.696
2023-05-10T20:00:00.000Z,51.4,66.7,56.25,2.851
2023-05-10T21:00:00.000Z,32.9,49.1,41.9,5.119
2023-05-10T22:00:00.000Z,37.1,68.5,50.85,7.084
2023-05-10T23:00:00.000Z,28.9,46.4,35.9,4.835
2023-05-11T00:00:00.000Z,34.2,54.9,46.1,5.204
2023-05-11T01:00:00.000Z,41.3,67.6,44.5,5.722
2023-05-11T02:00:00.000Z,31.2,90.1,41.85,13.576
2023-05-11T03:00:00.000Z,16.3,31.3,21.05,5.475
2023-05-11T04:00:00.000Z,10.7,19.7,16.5,2.464
2023-05-11T05:00:00.000Z,10.4,28.2,11.45,3.166
2023-05-11T06:00:00.000Z,9.1,25.5,12.45,3.096
2023-05-11T07:00:00.000Z,5.6,15.3,9.69,1.95
2023-05-11T08:00:00.000Z,3.2,9.2,5.2,1.527
2023-05-11T09:00:00.000Z,3.8,27.9,7.35,4.125
2023-05-11T10:00:00.000Z,6.4,10.3,7.5,1.155
2023-05-11T11:00:00.000Z,5.3,14,8.6,2.332
2023-05-11T12:00:00.000Z,3.6,18.3,5.3,3.849
2023-05-11T13:00:00.000Z,5.1,7.3,6.3,0.619
2023-05-11T14:00:00.000Z,7,8.9,8.1,0.503
2023-05-11T15:00:00.000Z,7.4,9.7,8.19,0.549
2023-05-11T16:00:00.000Z,7.3,9.3,8.3,0.46
2023-05-11T17:00:00.000Z,7.7,8.9,8.3,0.304
2023-05-11T18:00:00.000Z,6.9,8.3,7.8,0.339
2023-05-11T19:00:00.000Z,7.1,8.4,7.65,0.342
2023-05-11T20:00:00.000Z,7,8.7,7.6,0.357
2023-05-11T21:00:00.000Z,7.4,14.8,8.69,1.895
2023-05-11T22:00:00.000Z,8.4,11.7,9.8,0.877
2023-05-11T23:00:00.000Z,7,25.2,14.6,7.007
2023-05-12T00:00:00.000Z,12.9,28,19.3,4.384
2023-05-12T01:00:00.000Z,13.3,29.9,16.75,4.881
2023-05-12T02:00:00.000Z,13.6,32.2,24.25,4.785
2023-05-12T03:00:00.000Z,7.7,13.4,9.8,1.661
2023-05-12T04:00:00.000Z,7.5,10.7,8.85,0.738
2023-05-12T05:00:00.000Z,5,15.5,6.6,1.985
2023-05-12T06:00:00.000Z,4.4,7.1,6.1,0.707
2023-05-12T07:00:00.000Z,4.9,11,5.7,1.156
2023-05-12T08:00:00.000Z,4,17.7,7.35,3.696
2023-05-12T09:00:00.000Z,3.5,19.2,7.4,3.681
2023-05-12T10:00:00.000Z,7.9,26.6,11.3,3.577
2023-05-12T11:00:00.000Z,3.6,12.1,6,1.982
2023-05-12T12:00:00.000Z,6.5,8.7,7.7,0.589
2023-05-12T13:00:00.000Z,7.2,9.7,8.19,0.535
2023-05-12T14:00:00.000Z,7.7,18.1,10.95,3.225
2023-05-12T15:00:00.000Z,6.9,9.1,8,0.579
2023-05-12T16:00:00.000Z,6.7,8.2,7.45,0.409
2023-05-12T17:00:00.000Z,6.1,9.2,7.45,0.81
2023-05-12T18:00:00.000Z,6.3,17.1,7.8,2.727
2023-05-12T19:00:00.000Z,6.4,7.8,7.05,0.399
2023-05-12T20:00:00.000Z,5.7,8,6.6,0.585
2023-05-12T21:00:00.000Z,6.5,16.2,7.3,2.312
2023-05-12T22:00:00.000Z,7,24,15.7,4.067
2023-05-12T23:00:00.000Z,5.9,21,8.6,4.893
2023-05-13T00:00:00.000Z,9.4,33.2,11.4,6.147
2023-05-13T01:00:00.000Z,10.1,19.2,12.85,2.11
2023-05-13T02:00:00.000Z,8.5,16.5,13.8,2.098
2023-05-13T03:00:00.000Z,17.7,32.8,22.5,3.942
2023-05-13T04:00:00.000Z,12.8,31.4,17.1,3.898
2023-05-13T05:00:00.000Z,17.1,23.4,20.6,1.548
2023-05-13T06:00:00.000Z,15.6,22.8,18.89,1.58
2023-05-13T07:00:00.000Z,16.2,24.8,19,2.688
2023-05-13T08:00:00.000Z,18.5,28.4,24.4,2.287
2023-05-13T09:00:00.000Z,20.9,45.6,27.7,7.589
2023-05-13T10:00:00.000Z,46.3,88.8,59.9,9.473
2023-05-13T11:00:00.000Z,15.8,57,45.1,14.675
2023-05-13T12:00:00.000Z,12.7,35.5,20.1,6.376
2023-05-13T13:00:00.000Z,6.9,23.1,9.8,4.884
2023-05-13T14:00:00.000Z,9.7,14.5,12.8,1.301
2023-05-13T15:00:00.000Z,9.3,13.8,11.1,1.133
2023-05-13T16:00:00.000Z,7.6,12.2,9,0.946
2023-05-13T17:00:00.000Z,7.2,9.3,8.4,0.562
2023-05-13T18:00:00.000Z,6.9,8.5,7.8,0.397
2023-05-13T19:00:00.000Z,7.5,8.9,8.15,0.402
2023-05-13T20:00:00.000Z,6.4,9.7,7.5,0.676
2023-05-13T21:00:00.000Z,6.9,9.4,7.5,0.736
2023-05-13T22:00:00.000Z,9.2,15.1,10.65,1.387
2023-05-13T23:00:00.000Z,10,21.9,15.7,3.273
2023-05-14T00:00:00.000Z,13.9,26.5,16.6,2.909
2023-05-14T01:00:00.000Z,23.9,42.9,30.4,4.606
2023-05-14T02:00:00.000Z,43.6,52,49.4,1.72
2023-05-14T03:00:00.000Z,38,45.1,41.4,1.66
2023-05-14T04:00:00.000Z,38.7,45.4,43.5,1.864
2023-05-14T05:00:00.000Z,27.9,38.1,30.5,2.945
2023-05-14T06:00:00.000Z,32,40,36.2,2.007
2023-05-14T07:00:00.000Z,37.3,42,39.25,1.174
2023-05-14T08:00:00.000Z,29.9,39.2,35.65,2.711
2023-05-14T09:00:00.000Z,31.2,37.3,33.95,1.868
2023-05-14T10:00:00.000Z,36.2,50.2,38.35,3.114
2023-05-14T11:00:00.000Z,40,45.2,42.05,1.15
2023-05-14T12:00:00.000Z,36.7,39.8,38.25,0.96
2023-05-14T13:00:00.000Z,33.8,43.2,37.2,2.582
2023-05-14T14:00:00.000Z,30.1,34.3,31.1,1.053
2023-05-14T15:00:00.000Z,29.2,32,30.85,0.704
2023-05-14T16:00:00.000Z,27.9,33.5,30.3,1.35
2023-05-14T17:00:00.000Z,29.1,37.5,33.6,1.857
2023-05-14T18:00:00.000Z,31.2,38.9,36.6,1.685
2023-05-14T19:00:00.000Z,37.7,47.5,40.6,2.844
2023-05-14T20:00:00.000Z,36.6,47.7,45.4,3.613
2023-05-14T21:00:00.000Z,39.6,46.1,41.9,1.82
2023-05-14T22:00:00.000Z,36.2,44.1,39.35,1.811
2023-05-14T23:00:00.000Z,16.1,47.9,19.2,10.845
2023-05-15T00:00:00.000Z,19.9,89.5,29.85,20.553
2023-05-15T01:00:00.000Z,35.7,57.6,40.25,5.78
2023-05-15T02:00:00.000Z,36.6,48.4,40.15,3.09
2023-05-15T03:00:00.000Z,19.9,37.9,26.5,5.652
2023-05-15T04:00:00.000Z,12.2,21.4,15.7,2.032
2023-05-15T05:00:00.000Z,17.2,32,26.05,4.698
2023-05-15T06:00:00.000Z,18.5,29.3,22.4,2.409
2023-05-15T07:00:00.000Z,13.5,22.5,17.25,2.215
2023-05-15T08:00:00.000Z,12.3,36.2,14.5,5.35
2023-05-15T09:00:00.000Z,13.2,17.8,14.8,1.122
2023-05-15T10:00:00.000Z,17.5,26.3,22.8,2.044
2023-05-15T11:00:00.000Z,16.9,34.7,22.7,5.719
2023-05-15T12:00:00.000Z,19.5,37.4,28.7,4.5
2023-05-15T13:00:00.000Z,19.6,38.1,29.7,4.566
2023-05-15T14:00:00.000Z,22.4,34.2,27.5,2.665
2023-05-15T15:00:00.000Z,18.5,33.7,21,3.603
2023-05-15T16:00:00.000Z,16.8,22.9,18.3,1.275
2023-05-15T17:00:00.000Z,15.9,18.3,17.45,0.61
2023-05-15T18:00:00.000Z,16.8,19.2,17.8,0.61
2023-05-15T19:00:00.000Z,16.6,19.8,18.1,0.648
2023-05-15T20:00:00.000Z,17,22,19.45,1.175
2023-05-15T21:00:00.000Z,20.2,39.8,24.85,5.861
2023-05-15T22:00:00.000Z,18.9,41.3,25.3,6.063
2023-05-15T23:00:00.000Z,8.7,23.6,16.1,4.311
2023-05-16T00:00:00.000Z,13.2,32.3,26.3,6.003
2023-05-16T01:00:00.000Z,17.7,35.4,21.6,3.729
2023-05-16T02:00:00.000Z,11.5,33.3,22.8,6.425
2023-05-16T03:00:00.000Z,9.2,18.4,11.8,3.315
2023-05-16T04:00:00.000Z,5.3,19,10.9,3.67
2023-05-16T05:00:00.000Z,5.4,21.8,8.6,4.345
2023-05-16T06:00:00.000Z,5.8,16.3,12.5,2.46
2023-05-16T07:00:00.000Z,4,34.5,16.1,8.869
2023-05-16T08:00:00.000Z,13.9,47.8,17.4,10.161
2023-05-16T09:00:00.000Z,19,74,30.25,10.221
2023-05-16T10:00:00.000Z,21.3,46.1,32.2,7.412
2023-05-16T11:00:00.000Z,20.3,48.2,31.6,6.006
2023-05-16T12:00:00.000Z,22.7,28.4,24.7,2.361