# Sensor One Serendra Bamboo, Taguig, Philippines (Purple Air/42427)
# https://aqicn.org/station/@50926/
# Hourly pm25
date,min,max,median,stddev
2023-02-13T00:00:00.000Z,12.2,35.4,30,7.438
2023-02-13T01:00:00.000Z,8.4,17.7,13.65,2.695
2023-02-13T02:00:00.000Z,15.2,34.9,19.89,3.664
2023-02-13T03:00:00.000Z,12.6,28.8,17.3,4.109
2023-02-13T04:00:00.000Z,11.7,23.7,14.75,2.85
2023-02-13T05:00:00.000Z,1.7,16.1,7.55,4.035
2023-02-13T06:00:00.000Z,1.7,8.6,2.8,1.827
2023-02-13T07:00:00.000Z,1.1,10.6,4.4,2.837
2023-02-13T08:00:00.000Z,2.6,9.1,5.9,1.699
2023-02-13T09:00:00.000Z,4.7,19.5,9,4.686
2023-02-13T10:00:00.000Z,4.4,34.5,7.55,5.818
2023-02-13T11:00:00.000Z,19.5,39.2,33.35,5.774
2023-02-13T12:00:00.000Z,11.2,32.2,27.05,5.628
2023-02-13T13:00:00.000Z,6.6,11.9,7.65,1.532
2023-02-13T14:00:00.000Z,3.6,13.3,6.3,3.525
2023-02-13T15:00:00.000Z,4,12.8,7.15,2.353
2023-02-13T16:00:00.000Z,4.4,12.8,6.95,2.103
2023-02-13T17:00:00.000Z,6.3,13.8,10.3,1.906
2023-02-13T18:00:00.000Z,8.4,13.7,10.19,1.657
2023-02-13T19:00:00.000Z,15.1,23,18.3,1.996
2023-02-13T20:00:00.000Z,16.6,24.9,18.39,2.271
2023-02-13T21:00:00.000Z,19.3,34.7,28.8,5.027
2023-02-13T22:00:00.000Z,21.6,35.5,29.5,3.819
2023-02-13T23:00:00.000Z,19.6,35.7,24.9,4.889
2023-02-14T00:00:00.000Z,21.7,30.7,26,2.285
2023-02-14T01:00:00.000Z,24.3,44.2,30.75,5.692
2023-02-14T02:00:00.000Z,32.3,44,37.25,3.003
2023-02-14T03:00:00.000Z,27.1,38.9,30.75,2.835
2023-02-14T04:00:00.000Z,12.2,32.9,28.1,6.016
2023-02-14T05:00:00.000Z,7.6,32.6,14.75,5.881
2023-02-14T06:00:00.000Z,4.8,12,7,1.946
2023-02-14T07:00:00.000Z,4,12.9,6.6,2.325
2023-02-14T08:00:00.000Z,4,25.5,16.3,6.942
2023-02-14T09:00:00.000Z,5.6,32.5,8.44,6.113
2023-02-14T10:00:00.000Z,6.8,40.5,11.6,11.254
2023-02-14T11:00:00.000Z,9.6,45.9,22.3,10.247
2023-02-14T12:00:00.000Z,10.7,50.4,24.1,9.431
2023-02-14T13:00:00.000Z,10.3,27.2,15.15,4.011
2023-02-14T14:00:00.000Z,6.1,33.6,18.7,11.243
2023-02-14T15:00:00.000Z,6.3,18.1,11,3.367
2023-02-14T16:00:00.000Z,5.3,13.7,9.4,2.547
2023-02-14T17:00:00.000Z,7.6,17.4,13.4,3.369
2023-02-14T18:00:00.000Z,4.2,10.3,5.15,2.013
2023-02-14T19:00:00.000Z,4,38.6,22.8,13.847
2023-02-14T20:00:00.000Z,5.4,19.9,10.45,4.669
2023-02-14T21:00:00.000Z,15.2,37.7,31.55,4.585
2023-02-14T22:00:00.000Z,20.3,41.1,32.04,5.309
2023-02-14T23:00:00.000Z,17.3,41.2,37.29,8.581
2023-02-15T00:00:00.000Z,12.4,24.2,17.2,2.669
2023-02-15T01:00:00.000Z,9.5,15.5,11.5,1.447
2023-02-15T02:00:00.000Z,1.4,11.4,8.1,3.133
2023-02-15T03:00:00.000Z,1.8,5.9,3.45,0.95
2023-02-15T04:00:00.000Z,1.1,4.6,2.1,0.78
2023-02-15T05:00:00.000Z,0.4,3.4,1.25,0.738
2023-02-15T06:00:00.000Z,1,2.9,1.5,0.555
2023-02-15T07:00:00.000Z,0.8,6,1.7,1.049
2023-02-15T08:00:00.000Z,1.5,4,2.45,0.558
2023-02-15T09:00:00.000Z,2.5,5.1,3.4,0.633
2023-02-15T10:00:00.000Z,4.3,13.5,6.6,2.408
2023-02-15T11:00:00.000Z,8,33.3,22.9,5.889
2023-02-15T12:00:00.000Z,9.2,25.8,14.4,3.564
2023-02-15T13:00:00.000Z,6.2,12.4,9,1.501
2023-02-15T14:00:00.000Z,4.6,9.5,7.25,1.285
2023-02-15T15:00:00.000Z,5.4,9.9,7.5,1.027
2023-02-15T16:00:00.000Z,4.9,8.8,6.45,0.944
2023-02-15T17:00:00.000Z,1,6.9,4.59,1.599
2023-02-15T18:00:00.000Z,2,30.1,5.09,9.822
2023-02-15T19:00:00.000Z,3,21.3,10.55,4.507
2023-02-15T20:00:00.000Z,1.4,25.9,3.7,5.405
2023-02-15T21:00:00.000Z,22.8,38,27.6,5.059
2023-02-15T22:00:00.000Z,5.8,19.7,12.1,3.405
2023-02-15T23:00:00.000Z,4.3,13.2,7.85,2.924
2023-02-16T00:00:00.000Z,2.3,10.2,6.2,1.825
2023-02-16T01:00:00.000Z,2.2,13.9,8,3.121
2023-02-16T02:00:00.000Z,1.6,18.4,6.8,3.713
2023-02-16T03:00:00.000Z,2.3,11.1,4.09,2.2
2023-02-16T04:00:00.000Z,2.5,7.3,3.4,1.131
2023-02-16T05:00:00.000Z,2,9.1,3.05,1.604
2023-02-16T06:00:00.000Z,3,6.5,4.09,1.055
2023-02-16T07:00:00.000Z,3.5,5.3,4.3,0.555
2023-02-16T08:00:00.000Z,3.5,5.5,4.34,0.486
2023-02-16T09:00:00.000Z,4.9,10.1,6.1,1.261
2023-02-16T10:00:00.000Z,6.5,18,10,2.62
2023-02-16T11:00:00.000Z,7.1,15.7,8.4,1.955
2023-02-16T12:00:00.000Z,7.3,14.9,8.4,2.554
2023-02-16T13:00:00.000Z,5.5,7.8,7,0.65
2023-02-16T14:00:00.000Z,5.7,11.8,6.9,1.784
2023-02-16T15:00:00.000Z,5.4,11.8,9.3,1.49
2023-02-16T16:00:00.000Z,3.9,12.3,6.8,2.524
2023-02-16T17:00:00.000Z,4,10.4,5.8,1.805
2023-02-16T18:00:00.000Z,3.2,15,5.45,3.867
2023-02-16T19:00:00.000Z,8.6,17.1,12.4,2.313
2023-02-16T20:00:00.000Z,7.8,12.6,9.3,1.18
2023-02-16T21:00:00.000Z,7.5,19.3,10.7,2.946
2023-02-16T22:00:00.000Z,10.2,14.8,12.05,1.088
2023-02-16T23:00:00.000Z,8.8,20.5,13.8,2.785
2023-02-17T00:00:00.000Z,9.3,43.4,10.7,6.755
2023-02-17T01:00:00.000Z,4.3,16.5,7,2.992
2023-02-17T02:00:00.000Z,3.7,10.5,4.7,1.509
2023-02-17T03:00:00.000Z,3.5,6.9,5.3,0.715
2023-02-17T04:00:00.000Z,4,9.3,7.1,1.446
2023-02-17T05:00:00.000Z,5.8,9.9,7.25,0.88
2023-02-17T06:00:00.000Z,6.7,13.5,8.65,1.524
2023-02-17T07:00:00.000Z,7,9.7,8.3,0.739
2023-02-17T08:00:00.000Z,6.7,11.8,8.6,1.101
2023-02-17T09:00:00.000Z,5.8,12.9,9,1.554
2023-02-17T10:00:00.000Z,7,41.5,11.6,7.945
2023-02-17T11:00:00.000Z,7.4,25.7,12.95,4.761
2023-02-17T12:00:00.000Z,9.2,32.1,19.85,6.44
2023-02-17T13:00:00.000Z,9.3,24.4,17.89,4.836
2023-02-17T14:00:00.000Z,7.9,12.9,9.69,1.226
2023-02-17T15:00:00.000Z,8.6,13,10.65,1.136
2023-02-17T16:00:00.000Z,9.5,13.4,11.9,0.988
2023-02-17T17:00:00.000Z,7.4,12.3,10.25,1.008
2023-02-17T18:00:00.000Z,7.2,16.2,10,2.039
2023-02-17T19:00:00.000Z,8.9,35.3,13,7.534
2023-02-17T20:00:00.000Z,10.7,32.8,13.1,5.918
2023-02-17T21:00:00.000Z,13.8,39.8,20.65,6.441
2023-02-17T22:00:00.000Z,14.8,52.2,19.5,9.148
2023-02-17T23:00:00.000Z,16.9,33.2,21.4,3.02
2023-02-18T00:00:00.000Z,20.1,36.9,29.65,4.974
2023-02-18T01:00:00.000Z,21.5,36.7,27,4.602
2023-02-18T02:00:00.000Z,24.7,46.9,29.95,5.082
2023-02-18T03:00:00.000Z,13.3,46,21,9.016
2023-02-18T04:00:00.000Z,4.8,35.2,20.55,10.398
2023-02-18T05:00:00.000Z,3.1,14.5,6.1,2.468
2023-02-18T06:00:00.000Z,3.3,5.1,4,0.539
2023-02-18T07:00:00.000Z,2.4,10.5,5.3,1.781
2023-02-18T08:00:00.000Z,3,7.5,5.09,1.008
2023-02-18T09:00:00.000Z,4,17.7,6.1,3.045
2023-02-18T10:00:00.000Z,4.3,8.8,6.1,1.21
2023-02-18T11:00:00.000Z,4.4,7.8,6.1,0.89
2023-02-18T12:00:00.000Z,4.2,6.5,5.25,0.62
2023-02-18T13:00:00.000Z,2.8,4.8,3.9,0.497
2023-02-18T14:00:00.000Z,2.9,5.4,3.95,0.583
2023-02-18T15:00:00.000Z,1.4,3.4,2.35,0.439
2023-02-18T16:00:00.000Z,0.6,2.9,1.2,0.473
2023-02-18T17:00:00.000Z,0.2,1.3,0.7,0.293
2023-02-18T18:00:00.000Z,0.1,1.9,0.75,0.483
2023-02-18T19:00:00.000Z,0.1,2.1,1,0.436
2023-02-18T20:00:00.000Z,0.5,3.1,1.6,0.583
2023-02-18T21:00:00.000Z,2.9,8.3,6.65,1.368
2023-02-18T22:00:00.000Z,6.5,11.6,8.3,1.471
2023-02-18T23:00:00.000Z,9.6,23.7,19.3,3.897
2023-02-19T00:00:00.000Z,12.2,26,16,4.277
2023-02-19T01:00:00.000Z,12.6,21.4,17.7,2.778
2023-02-19T02:00:00.000Z,20.3,29.5,26.1,2.32
2023-02-19T03:00:00.000Z,29.9,40.6,34.4,3.186
2023-02-19T04:00:00.000Z,18.7,40.6,27.6,5.382
2023-02-19T05:00:00.000Z,16.3,25.9,22.05,2.796
2023-02-19T06:00:00.000Z,17.8,22.7,19.85,1.302
2023-02-19T07:00:00.000Z,23.9,51.4,33.25,6.117
2023-02-19T08:00:00.000Z,30.1,42.9,35.9,3.383
2023-02-19T09:00:00.000Z,25.7,33,28.1,2.253
2023-02-19T10:00:00.000Z,6.2,32.1,21.9,8.135
2023-02-19T11:00:00.000Z,26.1,53.8,38.75,7.581
2023-02-19T12:00:00.000Z,32,53.6,45.1,6.168
2023-02-19T13:00:00.000Z,14.7,34.9,31.8,6.047
2023-02-19T14:00:00.000Z,9.9,24.9,19.14,5.902
2023-02-19T15:00:00.000Z,15.4,40.5,35.2,8.293
2023-02-19T16:00:00.000Z,35.6,42.6,40.6,1.892
2023-02-19T17:00:00.000Z,19.4,42.2,35.4,6.075
2023-02-19T18:00:00.000Z,15.4,21.8,17.89,1.453
2023-02-19T19:00:00.000Z,18,26.8,21.9,2.568
2023-02-19T20:00:00.000Z,19.9,33.9,23.6,4.497
2023-02-19T21:00:00.000Z,22.6,33.8,30.9,2.431
2023-02-19T22:00:00.000Z,24.9,34,30.2,2.09
2023-02-19T23:00:00.000Z,31.6,46.9,36.2,3.456
2023-02-20T00:00:00.000Z,28.4,36.4,32.85,2.405
2023-02-20T01:00:00.000Z,30.9,38.2,35.29,2.225
2023-02-20T02:00:00.000Z,28.6,36.3,34.4,1.424
2023-02-20T03:00:00.000Z,10.2,27.2,17.89,4.21
2023-02-20T04:00:00.000Z,11.1,21.8,14.1,2.678
2023-02-20T05:00:00.000Z,9.3,18.8,14.9,2.75
2023-02-20T06:00:00.000Z,9.9,33.6,20.2,6.697
2023-02-20T07:00:00.000Z,25.7,34.2,29.6,2.99
2023-02-20T08:00:00.000Z,23.5,32.8,26.25,2.667
2023-02-20T09:00:00.000Z,15.8,34.3,25.8,5.146
2023-02-20T10:00:00.000Z,16.6,38.8,28.7,6.564
2023-02-20T11:00:00.000Z,17,28.4,22.4,2.608
2023-02-20T12:00:00.000Z,10.2,23.4,15.8,3.654
2023-02-20T13:00:00.000Z,4.3,11,8.85,1.571
2023-02-20T14:00:00.000Z,3.2,12.5,5.09,3.079
2023-02-20T15:00:00.000Z,6,12,8.8,1.553
2023-02-20T16:00:00.000Z,6.2,11,8.55,1.43
2023-02-20T17:00:00.000Z,5.4,9.4,7.45,1.14
2023-02-20T18:00:00.000Z,8.2,14.5,11.2,1.652
2023-02-20T19:00:00.000Z,10,18,12.6,1.782
2023-02-20T20:00:00.000Z,9,17.1,12.6,1.751
2023-02-20T21:00:00.000Z,13.9,34.5,32.29,7.336
2023-02-20T22:00:00.000Z,34.1,40.2,36.79,1.512
2023-02-20T23:00:00.000Z,38.1,41.8,39.7,0.956
2023-02-21T00:00:00.000Z,40,50.2,43.1,3.432
2023-02-21T01:00:00.000Z,34.9,45.7,39.2,3.007
2023-02-21T02:00:00.000Z,25.8,35.4,29,3.083
2023-02-21T03:00:00.000Z,15.9,31.9,27.1,3.906
2023-02-21T04:00:00.000Z,6.6,31.9,15.1,8.026
2023-02-21T05:00:00.000Z,5.8,31.2,21.55,4.458
2023-02-21T06:00:00.000Z,1.8,7.5,3.45,1.453
2023-02-21T07:00:00.000Z,1.3,3.8,2.7,0.526
2023-02-21T08:00:00.000Z,2.4,11.5,5.8,2.388
2023-02-21T09:00:00.000Z,8.8,44.5,15.25,9.138
2023-02-21T10:00:00.000Z,25.5,42.6,34.29,3.972
2023-02-21T11:00:00.000Z,26.7,37.7,29.2,2.858
2023-02-21T12:00:00.000Z,22.1,35.4,27.8,4.042
2023-02-21T13:00:00.000Z,7.7,22.9,17,5.145
2023-02-21T14:00:00.000Z,4.1,11.1,7.5,2.111
2023-02-21T15:00:00.000Z,4,13.5,6.7,2.67
2023-02-21T16:00:00.000Z,3.2,6.2,4.9,0.755
2023-02-21T17:00:00.000Z,4.5,8.4,5.5,1.042
2023-02-21T18:00:00.000Z,4.4,8,5.9,1.01
2023-02-21T19:00:00.000Z,4.4,12.6,7.4,2.894
2023-02-21T20:00:00.000Z,5.3,9,6.9,0.962
2023-02-21T21:00:00.000Z,9.5,34.3,18.85,7.765
2023-02-21T22:00:00.000Z,29.9,38.5,32.9,2.449
2023-02-21T23:00:00.000Z,35.4,39.7,36.79,1.069
2023-02-22T00:00:00.000Z,13.5,37.8,22,7.756
2023-02-22T01:00:00.000Z,14.9,21.8,16.95,1.722
2023-02-22T02:00:00.000Z,13.1,26.5,18.7,4.454
2023-02-22T03:00:00.000Z,16.1,25.8,20.1,2.557
2023-02-22T04:00:00.000Z,15.2,29.5,20.7,3.188
2023-02-22T05:00:00.000Z,9.9,15,11.8,1.016
2023-02-22T06:00:00.000Z,5.5,13.4,8.8,1.673
2023-02-22T07:00:00.000Z,3.8,7.4,5.65,1.068
2023-02-22T08:00:00.000Z,2.6,5.7,3.9,0.621
2023-02-22T09:00:00.000Z,3,8.5,5,1.675
2023-02-22T10:00:00.000Z,4,11.7,5.6,2.281
2023-02-22T11:00:00.000Z,9.8,17.2,12.6,2.098
2023-02-22T12:00:00.000Z,6.5,15.6,8.85,2.35
2023-02-22T13:00:00.000Z,5.8,9.1,7.2,0.673
2023-02-22T14:00:00.000Z,4.4,6.3,5.2,0.536
2023-02-22T15:00:00.000Z,2.6,5.2,3.85,0.676
2023-02-22T16:00:00.000Z,1.9,3,2.6,0.281
2023-02-22T17:00:00.000Z,2.5,4.3,3.4,0.404
2023-02-22T18:00:00.000Z,3.2,7.3,4.55,1.216
2023-02-22T19:00:00.000Z,5.4,13.4,7.4,2.379
2023-02-22T20:00:00.000Z,7.8,18.3,14.7,2.765
2023-02-22T21:00:00.000Z,14.5,18.8,16.6,1.1
2023-02-22T22:00:00.000Z,18.8,47.2,24.5,8.349
2023-02-22T23:00:00.000Z,20.7,43.6,28.75,4.914
2023-02-23T00:00:00.000Z,22.1,33.7,26.7,3.098
2023-02-23T01:00:00.000Z,25.9,34.9,29.5,2.133
2023-02-23T02:00:00.000Z,29.7,46.1,34.7,3.491
2023-02-23T03:00:00.000Z,38.3,45.8,42,1.78
2023-02-23T04:00:00.000Z,45,48.9,47,1.135
2023-02-23T05:00:00.000Z,28.7,47.6,41.9,6.6
2023-02-23T06:00:00.000Z,15.2,28.3,19,3.594
2023-02-23T07:00:00.000Z,11.1,17.1,13.7,2.114
2023-02-23T08:00:00.000Z,13,20.3,15.35,2.326
2023-02-23T09:00:00.000Z,19.7,27.3,26.35,2.073
2023-02-23T10:00:00.000Z,16.8,27.5,20.8,2.99
2023-02-23T11:00:00.000Z,16.5,22.5,20.6,1.93
2023-02-23T12:00:00.000Z,21.3,27.9,25.7,1.878
2023-02-23T13:00:00.000Z,19.2,34.8,23.6,4.252
2023-02-23T14:00:00.000Z,28.3,44.6,34.6,5.238
2023-02-23T15:00:00.000Z,40.1,47.5,44.6,2.469
2023-02-23T16:00:00.000Z,39.4,51.1,41.4,3.323
2023-02-23T17:00:00.000Z,24.3,35.9,26.5,3.33
2023-02-23T18:00:00.000Z,17.6,25.2,20.9,2.191
2023-02-23T19:00:00.000Z,16.2,18.3,17.1,0.513
2023-02-23T20:00:00.000Z,16.3,19.1,17.55,0.698
2023-02-23T21:00:00.000Z,15.9,19.4,17,0.845
2023-02-23T22:00:00.000Z,16.3,19.5,17.89,0.842
2023-02-23T23:00:00.000Z,17.1,34.1,27,5.721
2023-02-24T00:00:00.000Z,34.4,47.3,38.5,3.603
2023-02-24T01:00:00.000Z,35.6,51.9,40.1,3.769
2023-02-24T02:00:00.000Z,41.9,48.4,44.75,1.706
2023-02-24T03:00:00.000Z,47.3,58.4,55.5,3.053
2023-02-24T04:00:00.000Z,44.1,53.8,49.3,2.494
2023-02-24T05:00:00.000Z,41.7,45.1,44.05,0.735
2023-02-24T06:00:00.000Z,44,51.7,45.9,1.834
2023-02-24T07:00:00.000Z,45.6,55.4,47.9,2.853
2023-02-24T08:00:00.000Z,38.8,52.2,47.4,3.187
2023-02-24T09:00:00.000Z,11.7,38.4,28.6,8.205
2023-02-24T10:00:00.000Z,10.8,23.5,15.6,3.316
2023-02-24T11:00:00.000Z,20.1,34.2,23.8,3.868
2023-02-24T12:00:00.000Z,11.2,26.5,13.25,3.856
2023-02-24T13:00:00.000Z,6,10.8,7.4,1.517
2023-02-24T14:00:00.000Z,8.9,25.3,18.85,5.051
2023-02-24T15:00:00.000Z,15.4,17.1,16.3,0.521
2023-02-24T16:00:00.000Z,12.8,17.4,15.1,1.057
2023-02-24T17:00:00.000Z,9.7,13.1,11.25,0.704
2023-02-24T18:00:00.000Z,11,14.1,12.1,0.719
2023-02-24T19:00:00.000Z,12.3,16.9,14.7,1.17
2023-02-24T20:00:00.000Z,8.4,13.1,10.4,1.111
2023-02-24T21:00:00.000Z,9.1,17.9,12.8,3.014
2023-02-24T22:00:00.000Z,16.6,20.4,18,1.105
2023-02-24T23:00:00.000Z,9.1,17.6,12.2,2.487
2023-02-25T00:00:00.000Z,7,11.2,9.4,1.294
2023-02-25T01:00:00.000Z,7.6,20.6,12.4,2.971
2023-02-25T02:00:00.000Z,16.8,28.6,23.1,3.008
2023-02-25T03:00:00.000Z,16.1,39.5,26.5,4.655
2023-02-25T04:00:00.000Z,4.5,17.2,10.9,3.222
2023-02-25T05:00:00.000Z,4.3,17.7,9.44,3.796
2023-02-25T06:00:00.000Z,4,12.9,7.05,2.454
2023-02-25T07:00:00.000Z,3.1,8.9,4.5,1.046
2023-02-25T08:00:00.000Z,4.6,20.2,6.7,3.271
2023-02-25T09:00:00.000Z,4.1,26.5,14.6,6.314
2023-02-25T10:00:00.000Z,11.4,35.6,21.2,6.324
2023-02-25T11:00:00.000Z,12.2,32.7,17.14,6.2
2023-02-25T12:00:00.000Z,5.6,16.9,7.25,2.452
2023-02-25T13:00:00.000Z,4.1,9.7,4.9,1.323
2023-02-25T14:00:00.000Z,2,9.5,5,1.7
2023-02-25T15:00:00.000Z,1,2.9,1.6,0.602
2023-02-25T16:00:00.000Z,0.7,3.7,1.65,0.892
2023-02-25T17:00:00.000Z,1.4,4.8,2.4,0.848
2023-02-25T18:00:00.000Z,1.3,5.6,3.5,1.199
2023-02-25T19:00:00.000Z,0,1,0.5,0.257
2023-02-25T20:00:00.000Z,0.1,0.6,0.3,0.158
2023-02-25T21:00:00.000Z,0.3,2.3,1,0.517
2023-02-25T22:00:00.000Z,1.2,3.9,1.9,0.705
2023-02-25T23:00:00.000Z,1.8,3.9,2.6,0.669
2023-02-26T00:00:00.000Z,0.7,4,2.5,0.857
2023-02-26T01:00:00.000Z,2.9,14.2,6.5,2.747
2023-02-26T02:00:00.000Z,4.7,7.5,5.9,0.848
2023-02-26T03:00:00.000Z,2.7,5.6,4.34,0.855
2023-02-26T04:00:00.000Z,2.2,13.4,4.3,2.433
2023-02-26T05:00:00.000Z,3.8,8.8,5,1.022
2023-02-26T06:00:00.000Z,1.4,7,3.6,1.394
2023-02-26T07:00:00.000Z,1.9,9.1,4.09,1.356
2023-02-26T08:00:00.000Z,2.5,7.2,5.09,1.225
2023-02-26T09:00:00.000Z,3,12.8,5.2,2.629
2023-02-26T10:00:00.000Z,4.2,13.3,8.05,1.752
2023-02-26T11:00:00.000Z,4.2,15.6,6.5,2.9
2023-02-26T12:00:00.000Z,3.7,13.5,5.55,2.066
2023-02-26T13:00:00.000Z,3,10,5.7,1.987
2023-02-26T14:00:00.000Z,1.7,4.1,2.9,0.657
2023-02-26T15:00:00.000Z,2.1,7.8,4.5,1.261
2023-02-26T16:00:00.000Z,1.4,7,4.5,1.375
2023-02-26T17:00:00.000Z,0.8,5.3,2,1.052
2023-02-26T18:00:00.000Z,0.8,4.3,1.6,0.895
2023-02-26T19:00:00.000Z,0.5,3.6,1.8,0.92
2023-02-26T20:00:00.000Z,0.7,3.6,2.1,0.903
2023-02-26T21:00:00.000Z,1.8,8.2,4.8,1.486
2023-02-26T22:00:00.000Z,3.2,6.3,4.8,0.783
2023-02-26T23:00:00.000Z,4.4,11.2,7.5,1.42
2023-02-27T00:00:00.000Z,5,13,8.35,2.079
2023-02-27T01:00:00.000Z,3.3,11.5,7.55,2.103
2023-02-27T02:00:00.000Z,4.5,23.4,8.19,3.769
2023-02-27T03:00:00.000Z,5.4,13.4,8,1.827
2023-02-27T04:00:00.000Z,4.8,14.2,6.6,2.732
2023-02-27T05:00:00.000Z,5.7,10.8,6.9,1.333
2023-02-27T06:00:00.000Z,2.6,6.6,3.7,1.012
2023-02-27T07:00:00.000Z,2.6,4.7,3.5,0.531
2023-02-27T08:00:00.000Z,3.4,6.2,4.84,0.724
2023-02-27T09:00:00.000Z,4.3,9.1,6.6,1.274
2023-02-27T10:00:00.000Z,8,25.7,11.1,4.147
2023-02-27T11:00:00.000Z,10.9,19.7,12.9,2.077
2023-02-27T12:00:00.000Z,7.3,20.1,9.44,2.527
2023-02-27T13:00:00.000Z,5,20.6,7.9,3.193
2023-02-27T14:00:00.000Z,2.7,10.4,5.7,2.079
2023-02-27T15:00:00.000Z,2.5,8.3,5,1.693
2023-02-27T16:00:00.000Z,0.9,5.5,2.25,1.032
2023-02-27T17:00:00.000Z,1.8,5.7,3.1,0.794
2023-02-27T18:00:00.000Z,0.7,5.6,2.7,1.431
2023-02-27T19:00:00.000Z,1.1,4.6,3.05,0.831
2023-02-27T20:00:00.000Z,1.2,7.6,3.3,2.052
2023-02-27T21:00:00.000Z,3.9,7.7,4.95,0.888
2023-02-27T22:00:00.000Z,3.1,11.6,6.8,1.977
2023-02-27T23:00:00.000Z,4.9,17.1,10.4,3.036
2023-02-28T00:00:00.000Z,6.4,36.9,11.55,7.387
2023-02-28T01:00:00.000Z,5.5,11.5,8.4,1.711
2023-02-28T02:00:00.000Z,4.2,16.2,6.3,2.781
2023-02-28T03:00:00.000Z,3.7,13.1,5.6,2.607
2023-02-28T04:00:00.000Z,4.6,16.4,6.1,2.267
2023-02-28T05:00:00.000Z,3.8,14.9,5,2.02
2023-02-28T06:00:00.000Z,3.5,10.2,5.05,1.469
2023-02-28T07:00:00.000Z,3.7,15.2,5.8,2.638
2023-02-28T08:00:00.000Z,4.5,14,8.1,2.813
2023-02-28T09:00:00.000Z,4.8,15,7.25,2.623
2023-02-28T10:00:00.000Z,10.6,30.1,20.39,4.838
2023-02-28T11:00:00.000Z,10.1,20.2,13.1,2.645
2023-02-28T12:00:00.000Z,10.1,39.7,16.95,6.692
2023-02-28T13:00:00.000Z,13.3,33.3,23.1,4.551
2023-02-28T14:00:00.000Z,13.7,23.9,17.55,2.98
2023-02-28T15:00:00.000Z,7.5,17.2,12.7,2.447
2023-02-28T16:00:00.000Z,11,21.6,15.45,3.102
2023-02-28T17:00:00.000Z,13.5,17.4,15.4,0.952
2023-02-28T18:00:00.000Z,9.1,13.7,11.2,1.018
2023-02-28T19:00:00.000Z,10.5,17.6,12.4,2.138
2023-02-28T20:00:00.000Z,7.5,13.5,10.3,1.998
2023-02-28T21:00:00.000Z,6.2,16.2,11.1,3.275
2023-02-28T22:00:00.000Z,21.3,38.9,33.15,4.613
2023-02-28T23:00:00.000Z,25.6,31.4,29,1.426
2023-03-01T00:00:00.000Z,19.7,33.4,28.3,3.214
2023-03-01T01:00:00.000Z,28.2,38,33.9,2.379
2023-03-01T02:00:00.000Z,28.1,36.3,33.6,1.981
2023-03-01T03:00:00.000Z,19,36.6,28.4,4.549
2023-03-01T04:00:00.000Z,25,30.2,27.1,1.305
2023-03-01T05:00:00.000Z,9.7,34.1,17.6,6.849
2023-03-01T06:00:00.000Z,9.3,30.6,13.7,5.245
2023-03-01T07:00:00.000Z,4.8,19.2,6.4,3.364
2023-03-01T08:00:00.000Z,5.4,9.7,7.1,1.135
2023-03-01T09:00:00.000Z,5.3,11.9,8.15,1.861
2023-03-01T10:00:00.000Z,9.7,41.9,19.3,10.018
2023-03-01T11:00:00.000Z,27.5,40.3,34.04,2.942
2023-03-01T12:00:00.000Z,18.8,30.5,22.15,3.084
2023-03-01T13:00:00.000Z,4.4,19.2,12.8,4.354
2023-03-01T14:00:00.000Z,4,8.2,6.3,1.113
2023-03-01T15:00:00.000Z,4.1,8.2,5.9,1.103
2023-03-01T16:00:00.000Z,2.7,6,3.7,0.821
2023-03-01T17:00:00.000Z,4.2,8.6,5.25,1.304
2023-03-01T18:00:00.000Z,6,9.1,7.85,0.789
2023-03-01T19:00:00.000Z,5.5,10.1,7,1.278
2023-03-01T20:00:00.000Z,3.6,9.2,4.65,1.484
2023-03-01T21:00:00.000Z,7.1,15.2,10.19,1.966
2023-03-01T22:00:00.000Z,10.5,17.8,14.55,2.011
2023-03-01T23:00:00.000Z,6.3,19,10.85,3.568
2023-03-02T00:00:00.000Z,5.1,15.7,7.3,2.405
2023-03-02T01:00:00.000Z,6.5,14.7,8.4,2.199
2023-03-02T02:00:00.000Z,9.5,31.7,16.39,5.271
2023-03-02T03:00:00.000Z,4.8,29.1,7.9,5.444
2023-03-02T04:00:00.000Z,4.8,14.6,8.69,2.607
2023-03-02T05:00:00.000Z,3.7,23.4,5.8,4.496
2023-03-02T06:00:00.000Z,3.9,8.9,5.35,0.999
2023-03-02T07:00:00.000Z,3.9,11.5,5.25,1.404
2023-03-02T08:00:00.000Z,4.7,8,5.8,0.747
2023-03-02T09:00:00.000Z,6.1,8.7,6.75,0.719
2023-03-02T10:00:00.000Z,6.4,10.1,8,1.094
2023-03-02T11:00:00.000Z,8.4,11.5,9.65,0.867
2023-03-02T12:00:00.000Z,7.2,24.1,10,3.935
2023-03-02T13:00:00.000Z,7.2,21.4,9.4,3.918
2023-03-02T14:00:00.000Z,7.2,10.1,8.65,0.779
2023-03-02T15:00:00.000Z,8,14.3,10.4,1.656
2023-03-02T16:00:00.000Z,6.4,10.2,8.3,1.17
2023-03-02T17:00:00.000Z,5.9,9.4,7.5,0.87
2023-03-02T18:00:00.000Z,9,12.4,10.6,0.84
2023-03-02T19:00:00.000Z,8.7,18.1,14,2.953
2023-03-02T20:00:00.000Z,6.6,18.6,15.2,3.131
2023-03-02T21:00:00.000Z,7,21.6,18,5.05
2023-03-02T22:00:00.000Z,16.3,30.7,26,3.567
2023-03-02T23:00:00.000Z,19,30.5,26,2.712
2023-03-03T00:00:00.000Z,9.1,26.9,17,4.172
2023-03-03T01:00:00.000Z,4.3,32.8,13.25,5.423
2023-03-03T02:00:00.000Z,5,12.4,6.9,1.504
2023-03-03T03:00:00.000Z,4.4,11.7,5.4,1.8
2023-03-03T04:00:00.000Z,4.1,15.3,5.4,2.344
2023-03-03T05:00:00.000Z,4.4,12.7,5.8,1.861
2023-03-03T06:00:00.000Z,4,14.4,6,1.858
2023-03-03T07:00:00.000Z,5.4,16.4,7.4,2.514
2023-03-03T08:00:00.000Z,6.7,25.2,8.15,3.445
2023-03-03T09:00:00.000Z,10.5,25.2,14.05,2.956
2023-03-03T10:00:00.000Z,13.1,39.9,24.6,8.287
2023-03-03T11:00:00.000Z,12.2,40.8,20.2,8.601
2023-03-03T12:00:00.000Z,17.2,36,18.64,5.131
2023-03-03T13:00:00.000Z,13.5,28.4,18.2,3.586
2023-03-03T14:00:00.000Z,11,19.5,14.6,2.083
2023-03-03T15:00:00.000Z,13,22.6,18.05,3.225
2023-03-03T16:00:00.000Z,19.6,31,26.4,3.227
2023-03-03T17:00:00.000Z,14,21.4,18.1,2.513
2023-03-03T18:00:00.000Z,10.5,21.4,15.8,3.574
2023-03-03T19:00:00.000Z,9.3,15.3,11.3,1.283
2023-03-03T20:00:00.000Z,15.8,23,20.8,1.729
2023-03-03T21:00:00.000Z,20.8,26.4,23.75,1.158
2023-03-03T22:00:00.000Z,23,30.8,25.35,2.082
2023-03-03T23:00:00.000Z,25.9,34.9,31.8,2.778
2023-03-04T00:00:00.000Z,21.2,34.2,25.6,3.495
2023-03-04T01:00:00.000Z,22.4,34.6,31.6,3.836
2023-03-04T02:00:00.000Z,24.2,43.7,30.05,5.091
2023-03-04T03:00:00.000Z,14.6,34.3,26.05,6.799
2023-03-04T04:00:00.000Z,9.3,19.4,12.2,2.601
2023-03-04T05:00:00.000Z,8.2,25.5,14.2,6.056
2023-03-04T06:00:00.000Z,9.1,34.2,15.75,7.467
2023-03-04T07:00:00.000Z,7.7,19.4,10.8,3.746
2023-03-04T08:00:00.000Z,8.5,15.9,9.9,2.129
2023-03-04T09:00:00.000Z,7.8,17.2,11.4,2.582
2023-03-04T10:00:00.000Z,10.9,39.9,15.7,8.369
2023-03-04T11:00:00.000Z,18.2,38.5,26.45,5.446
2023-03-04T12:00:00.000Z,12,41,21.05,7.759
2023-03-04T13:00:00.000Z,8.2,14.5,9.9,1.613
2023-03-04T14:00:00.000Z,8.2,11.4,9.6,0.697
2023-03-04T15:00:00.000Z,7.3,11.9,8.8,1.31
2023-03-04T16:00:00.000Z,6.3,11.6,9.1,1.541
2023-03-04T17:00:00.000Z,9.6,12.4,11.15,0.822
2023-03-04T18:00:00.000Z,9.5,12.4,11.2,0.609
2023-03-04T19:00:00.000Z,13.5,18.7,16.5,1.396
2023-03-04T20:00:00.000Z,10.2,15.8,13.4,1.323
2023-03-04T21:00:00.000Z,10.5,17.3,13.9,1.698
2023-03-04T22:00:00.000Z,11.6,24.5,16.5,3.483
2023-03-04T23:00:00.000Z,7.5,16.2,10.4,2.379
2023-03-05T00:00:00.000Z,7.4,19.1,9.85,3.416
2023-03-05T01:00:00.000Z,5.9,19.5,8.5,2.518
2023-03-05T02:00:00.000Z,8.8,20.4,10.1,2.596
2023-03-05T03:00:00.000Z,6.8,21.8,9.9,3.327
2023-03-05T04:00:00.000Z,6.4,21.9,8.19,3.563
2023-03-05T05:00:00.000Z,5.5,18.2,10.8,3.932
2023-03-05T06:00:00.000Z,5.4,27,13.75,5.911
2023-03-05T07:00:00.000Z,6.2,25.7,7.8,4.577
2023-03-05T08:00:00.000Z,6.5,15,8.19,2.056
2023-03-05T09:00:00.000Z,8,14.5,9.75,1.799
2023-03-05T10:00:00.000Z,10.6,26.6,14,3.784
2023-03-05T11:00:00.000Z,12.8,45.5,19.45,7.324
2023-03-05T12:00:00.000Z,10.3,18.8,14.9,2.369
2023-03-05T13:00:00.000Z,8.6,15.9,12.9,1.785
2023-03-05T14:00:00.000Z,9.2,16.8,10.9,1.418
2023-03-05T15:00:00.000Z,9.6,14.1,11.5,1.152
2023-03-05T16:00:00.000Z,11.9,17.7,15,1.435
2023-03-05T17:00:00.000Z,10.4,20.4,14.45,2.309
2023-03-05T18:00:00.000Z,10.9,17.4,13.5,1.697
2023-03-05T19:00:00.000Z,10.2,20.2,12.25,2.467
2023-03-05T20:00:00.000Z,12.6,26.9,22.1,3.914
2023-03-05T21:00:00.000Z,20,33,28,3.752
2023-03-05T22:00:00.000Z,21.8,33.1,28.9,3.242
2023-03-05T23:00:00.000Z,12.1,32.8,25.2,6.434
2023-03-06T00:00:00.000Z,17.1,27.9,20.8,2.767
2023-03-06T01:00:00.000Z,15,31.1,20.39,4.16
2023-03-06T02:00:00.000Z,6.8,16.9,9.5,3.096
2023-03-06T03:00:00.000Z,7.3,17.8,11.3,3.131
2023-03-06T04:00:00.000Z,6.9,20.4,8,2.667
2023-03-06T05:00:00.000Z,6.8,14.4,9.69,1.605
2023-03-06T06:00:00.000Z,5.5,23.4,7.1,4.027
2023-03-06T07:00:00.000Z,5,13.3,7,2.339
2023-03-06T08:00:00.000Z,5.8,12.6,7.7,1.428
2023-03-06T09:00:00.000Z,6.4,13.5,9.44,1.478
2023-03-06T10:00:00.000Z,8,22,11.1,2.661
2023-03-06T11:00:00.000Z,8.9,16.1,12.7,1.868
2023-03-06T12:00:00.000Z,8.3,19.6,11.05,2.785
2023-03-06T13:00:00.000Z,7.9,16.2,10.3,2.043
2023-03-06T14:00:00.000Z,7.6,10.8,9.5,0.892
2023-03-06T15:00:00.000Z,7.2,10.4,8.69,0.826
2023-03-06T16:00:00.000Z,5.6,8.1,7,0.624
2023-03-06T17:00:00.000Z,4.8,11.1,6,1.355
2023-03-06T18:00:00.000Z,7.2,13.5,8.69,1.529
2023-03-06T19:00:00.000Z,5.6,13.6,8.1,2.062
2023-03-06T20:00:00.000Z,5.8,15.3,9.44,3.116
2023-03-06T21:00:00.000Z,14.5,20.9,18.89,1.599
2023-03-06T22:00:00.000Z,17.5,28.4,21.8,2.692
2023-03-06T23:00:00.000Z,27.2,36.9,30.3,2.914
2023-03-07T00:00:00.000Z,19.3,27,22.7,2.226
2023-03-07T01:00:00.000Z,20.1,33.6,23.9,3.137
2023-03-07T02:00:00.000Z,15.4,27.4,20.75,2.818
2023-03-07T03:00:00.000Z,8.7,23.8,13.9,3.696
2023-03-07T04:00:00.000Z,6.2,25.5,8.4,3.566
2023-03-07T05:00:00.000Z,5.8,12.7,8.3,1.538
2023-03-07T06:00:00.000Z,5.5,9.6,7,1.096
2023-03-07T07:00:00.000Z,5.1,14.6,7.45,2.312
2023-03-07T08:00:00.000Z,4.7,17.6,8.35,3.943
2023-03-07T09:00:00.000Z,5.3,9.6,8,1.314
2023-03-07T10:00:00.000Z,8.4,21.2,10.15,3.5
2023-03-07T11:00:00.000Z,10.4,24.6,14.95,4.153
2023-03-07T12:00:00.000Z,9.4,23.5,11.6,3.196
2023-03-07T13:00:00.000Z,7.3,15.2,9.8,1.544
2023-03-07T14:00:00.000Z,7.4,20.9,11.4,3.619
2023-03-07T15:00:00.000Z,6.8,11.8,8.8,1.105
2023-03-07T16:00:00.000Z,7.4,11.2,8.9,0.805
2023-03-07T17:00:00.000Z,8.6,14.7,10.3,1.767
2023-03-07T18:00:00.000Z,12.6,21.6,16.89,2.719
2023-03-07T19:00:00.000Z,19,26.6,23.9,1.896
2023-03-07T20:00:00.000Z,24,31.2,28.75,2.146
2023-03-07T21:00:00.000Z,28.8,36.7,33.25,2.068
2023-03-07T22:00:00.000Z,32.9,36.1,34.29,0.714
2023-03-07T23:00:00.000Z,33.6,45,38.85,3.986
2023-03-08T00:00:00.000Z,15.1,45.4,25.8,11
2023-03-08T01:00:00.000Z,21,28.8,24.2,2.298
2023-03-08T02:00:00.000Z,18.1,31.6,26.7,3.787
2023-03-08T03:00:00.000Z,18,33.2,24.45,3.774
2023-03-08T04:00:00.000Z,19.5,35.8,24.75,3.583
2023-03-08T05:00:00.000Z,5,21.8,7.85,5.997
2023-03-08T06:00:00.000Z,3.5,6.1,4.65,0.677
2023-03-08T07:00:00.000Z,3.5,15.6,5.4,3.354
2023-03-08T08:00:00.000Z,3.8,12.4,5.6,1.813
2023-03-08T09:00:00.000Z,5.6,10.7,7.05,1.583
2023-03-08T10:00:00.000Z,8.9,40.6,23.8,10.278
2023-03-08T11:00:00.000Z,19.5,50.9,33.75,7.751
2023-03-08T12:00:00.000Z,14.8,35.8,28.15,5.762
2023-03-08T13:00:00.000Z,11.3,19,12.9,1.684
2023-03-08T14:00:00.000Z,7.1,12.7,10.7,1.476
2023-03-08T15:00:00.000Z,4.1,8.1,6.05,0.866
2023-03-08T16:00:00.000Z,4.4,8.9,6.75,0.968
2023-03-08T17:00:00.000Z,5.1,9.1,6.7,1.02
2023-03-08T18:00:00.000Z,7.3,15.1,9.75,2.348
2023-03-08T19:00:00.000Z,12.8,18.9,15.3,1.661
2023-03-08T20:00:00.000Z,17,28.8,18.89,4.463
2023-03-08T21:00:00.000Z,19.6,33.1,28.1,3.972
2023-03-08T22:00:00.000Z,28.1,38.7,35.5,2.538
2023-03-08T23:00:00.000Z,18,35.5,20.3,6.374
2023-03-09T00:00:00.000Z,6.9,22.2,13.65,4.631
2023-03-09T01:00:00.000Z,6,26.1,17.55,5.865
2023-03-09T02:00:00.000Z,15.5,37.6,23.7,5.564
2023-03-09T03:00:00.000Z,4.3,19.4,11.4,3.461
2023-03-09T04:00:00.000Z,4.6,20.4,10.6,4.133
2023-03-09T05:00:00.000Z,2.6,8.2,4,1.08
2023-03-09T06:00:00.000Z,2.9,6.4,4.75,0.916
2023-03-09T07:00:00.000Z,4.2,8,5.3,0.972
2023-03-09T08:00:00.000Z,4.4,26,13.55,6.698
2023-03-09T09:00:00.000Z,11.5,20.9,16.6,1.919
2023-03-09T10:00:00.000Z,14.5,40.6,22.45,6.731
2023-03-09T11:00:00.000Z,10.7,24.3,17,4.038
2023-03-09T12:00:00.000Z,9.4,26.8,13.1,4.321
2023-03-09T13:00:00.000Z,9.7,18.4,13.1,2.305
2023-03-09T14:00:00.000Z,12.6,16.4,14.25,1.098
2023-03-09T15:00:00.000Z,9.2,15.1,11.6,1.44
2023-03-09T16:00:00.000Z,6.6,10.8,8.85,1.356
2023-03-09T17:00:00.000Z,5.4,7.1,6.5,0.481
2023-03-09T18:00:00.000Z,5.6,13.2,9,1.917
2023-03-09T19:00:00.000Z,6.1,11.5,9.3,1.377
2023-03-09T20:00:00.000Z,10.9,24.5,15.8,3.553
2023-03-09T21:00:00.000Z,19.3,25.5,20.85,1.694
2023-03-09T22:00:00.000Z,12.2,22.1,16.55,2.531
2023-03-09T23:00:00.000Z,8.4,22.4,11,4.061
2023-03-10T00:00:00.000Z,8.2,20.8,12.6,3.291
2023-03-10T01:00:00.000Z,8,20.4,15.8,3.161
2023-03-10T02:00:00.000Z,15.5,28.1,17.45,2.943
2023-03-10T03:00:00.000Z,6.3,18.7,12.6,3.773
2023-03-10T04:00:00.000Z,6.9,14.3,9.19,2.225
2023-03-10T05:00:00.000Z,2.7,8.9,4.9,1.851
2023-03-10T06:00:00.000Z,3.1,13.6,5.9,2.82
2023-03-10T07:00:00.000Z,2.9,17,4.75,2.805
2023-03-10T08:00:00.000Z,4.2,11.1,5.95,1.371
2023-03-10T09:00:00.000Z,7,13,8.3,1.316
2023-03-10T10:00:00.000Z,8.9,35.1,19,6.217
2023-03-10T11:00:00.000Z,26.1,40.5,31.5,3.689
2023-03-10T12:00:00.000Z,13.3,26.2,19.3,3.495
2023-03-10T13:00:00.000Z,11.1,19.3,14.9,2.644
2023-03-10T14:00:00.000Z,8.2,11.4,10.3,0.806
2023-03-10T15:00:00.000Z,8.3,28.3,11.9,6.088
2023-03-10T16:00:00.000Z,7.2,29,8.5,5.938
2023-03-10T17:00:00.000Z,7.5,12.6,9.8,1.442
2023-03-10T18:00:00.000Z,11.5,37.9,27.1,8.13
2023-03-10T19:00:00.000Z,27.8,36.5,33.79,1.918
2023-03-10T20:00:00.000Z,11.7,33.8,20.25,7.158
2023-03-10T21:00:00.000Z,12.8,24,16.2,3.219
2023-03-10T22:00:00.000Z,16.7,31.1,23.6,4.61
2023-03-10T23:00:00.000Z,17.8,25,20.7,1.835
2023-03-11T00:00:00.000Z,12.1,32.3,14.9,4.057
2023-03-11T01:00:00.000Z,14.2,20.4,16,1.481
2023-03-11T02:00:00.000Z,16.2,21.5,18.6,1.258
2023-03-11T03:00:00.000Z,21.3,27.5,23.3,1.628
2023-03-11T04:00:00.000Z,10.4,22.6,14.5,2.997
2023-03-11T05:00:00.000Z,9,16.7,11.1,1.705
2023-03-11T06:00:00.000Z,11.4,23.4,12.9,2.755
2023-03-11T07:00:00.000Z,11.3,21.6,13.9,3.135
2023-03-11T08:00:00.000Z,11.6,23.6,14.1,2.714
2023-03-11T09:00:00.000Z,14,25.8,17.3,2.66
2023-03-11T10:00:00.000Z,16.2,44.4,22.95,7.876
2023-03-11T11:00:00.000Z,25.3,53.7,37.6,5.262
2023-03-11T12:00:00.000Z,23.4,38.6,32.29,3.708
2023-03-11T13:00:00.000Z,16.5,32,23.8,4.013
2023-03-11T14:00:00.000Z,15.5,21.9,19.1,1.435
2023-03-11T15:00:00.000Z,12.1,19.9,13.5,1.843
2023-03-11T16:00:00.000Z,10.4,14.7,11.6,1.134
2023-03-11T17:00:00.000Z,14.9,33.5,23.6,5.233
2023-03-11T18:00:00.000Z,13.1,21.9,15.1,2.584
2023-03-11T19:00:00.000Z,19.2,33,28.95,4.774
2023-03-11T20:00:00.000Z,29.7,41,36.79,2.249
2023-03-11T21:00:00.000Z,31.9,40.5,34.85,2.46
2023-03-11T22:00:00.000Z,37.6,47.5,39.7,2.426
2023-03-11T23:00:00.000Z,29.6,42.2,36.9,3.672
2023-03-12T00:00:00.000Z,16.6,38.6,26.6,7.183
2023-03-12T01:00:00.000Z,17.8,26.7,23.35,2.857
2023-03-12T02:00:00.000Z,19,29.1,25.1,3.074
2023-03-12T03:00:00.000Z,14.3,28.1,18.89,3.128
2023-03-12T04:00:00.000Z,12.2,20.1,13.7,1.905
2023-03-12T05:00:00.000Z,9.4,13.5,10.75,1.096
2023-03-12T06:00:00.000Z,8.9,13.8,10.85,1.156
2023-03-12T07:00:00.000Z,10.2,16.8,12.1,1.466
2023-03-12T08:00:00.000Z,11.7,27.6,13.2,3.47
2023-03-12T09:00:00.000Z,12.2,71.2,19.25,17.546
2023-03-12T10:00:00.000Z,6.8,12.5,10.3,1.523
2023-03-12T11:00:00.000Z,11.5,33.8,16.8,6.242
2023-03-12T12:00:00.000Z,13.1,36.1,30.5,5.981
2023-03-12T13:00:00.000Z,9.5,19.8,13.65,2.567
2023-03-12T14:00:00.000Z,5.3,9,7.6,1.01
2023-03-12T15:00:00.000Z,4,7.8,5.4,1.02
2023-03-12T16:00:00.000Z,1.5,5.4,2.6,0.962
2023-03-12T17:00:00.000Z,2,5.4,2.9,0.844
2023-03-12T18:00:00.000Z,0.5,3,2,0.786
2023-03-12T19:00:00.000Z,1.5,6.9,3.65,1.537
2023-03-12T20:00:00.000Z,1.6,9.3,3.5,1.87
2023-03-12T21:00:00.000Z,5,11.1,8.4,1.573
2023-03-12T22:00:00.000Z,3.9,10.4,7.7,1.961
2023-03-12T23:00:00.000Z,2.9,7.9,5.2,1.65
2023-03-13T00:00:00.000Z,7.6,19.9,9.4,3.244
2023-03-13T01:00:00.000Z,12.8,30.4,16.95,3.116
2023-03-13T02:00:00.000Z,6,20.9,9.4,3.046
2023-03-13T03:00:00.000Z,4.9,14.7,8.5,2.488
2023-03-13T04:00:00.000Z,12.5,35.7,26.1,6.003
2023-03-13T05:00:00.000Z,5.5,36.6,12.2,10.387
2023-03-13T06:00:00.000Z,7.7,27.8,19,6.011
2023-03-13T07:00:00.000Z,2.6,7.1,3.9,1.169
2023-03-13T08:00:00.000Z,1.6,12.4,3.65,2.858
2023-03-13T09:00:00.000Z,3.4,10.7,5.4,1.703
2023-03-13T10:00:00.000Z,5.2,28.9,21.7,6.17
2023-03-13T11:00:00.000Z,9.6,32.8,16.6,6.48
2023-03-13T12:00:00.000Z,4.9,21.4,9.19,4.566
2023-03-13T13:00:00.000Z,3.3,6.2,4.4,0.766
2023-03-13T14:00:00.000Z,3.6,10,5.8,1.496
2023-03-13T15:00:00.000Z,2.4,10.7,4,2.533
2023-03-13T16:00:00.000Z,2.9,6.6,4.34,0.783
2023-03-13T17:00:00.000Z,2,6.8,3.25,1.633
2023-03-13T18:00:00.000Z,2.4,8.4,5.2,1.519
2023-03-13T19:00:00.000Z,4.4,6.9,5.4,0.639
2023-03-13T20:00:00.000Z,2.5,6.1,3.3,1.19
2023-03-13T21:00:00.000Z,1.7,4.7,2.6,0.79
2023-03-13T22:00:00.000Z,2.8,10.6,4.45,2.516
2023-03-13T23:00:00.000Z,2.8,8.3,5.45,1.703
2023-03-14T00:00:00.000Z,6.6,32.1,16.55,6.37
2023-03-14T01:00:00.000Z,6.8,14.1,10,2.327
2023-03-14T02:00:00.000Z,6.5,9.6,7.6,0.822
2023-03-14T03:00:00.000Z,4.9,10,6.35,1.551
2023-03-14T04:00:00.000Z,2.9,7.8,5,1.312
2023-03-14T05:00:00.000Z,3,8.5,4.7,1.484
2023-03-14T06:00:00.000Z,2.4,5.8,3.5,0.779
2023-03-14T07:00:00.000Z,4,15.5,7.4,3.197
2023-03-14T08:00:00.000Z,3.8,16.6,6.6,3.873
2023-03-14T09:00:00.000Z,10,24.6,16.5,4.428
2023-03-14T10:00:00.000Z,14.7,39.1,24.5,5.954
2023-03-14T11:00:00.000Z,11,40.4,27.35,9.169
2023-03-14T12:00:00.000Z,9.7,22.5,16.95,2.831
2023-03-14T13:00:00.000Z,11.6,20.6,16.3,2.49
2023-03-14T14:00:00.000Z,5,14.7,9.4,2.553
2023-03-14T15:00:00.000Z,4.8,9.5,6.2,1.332
2023-03-14T16:00:00.000Z,4.3,8.9,5.7,1.328
2023-03-14T17:00:00.000Z,4.3,10.9,6.2,1.812
2023-03-14T18:00:00.000Z,8.2,16.6,9.85,2.048
2023-03-14T19:00:00.000Z,10.6,16.5,14.5,1.82
2023-03-14T20:00:00.000Z,9.3,12.4,10.7,0.72
2023-03-14T21:00:00.000Z,11,35.6,29.7,9.951
2023-03-14T22:00:00.000Z,31.9,38.4,35.6,1.858
2023-03-14T23:00:00.000Z,23,34.9,30.1,3.376
2023-03-15T00:00:00.000Z,23.9,33.8,28.9,2.787
2023-03-15T01:00:00.000Z,15.4,35.8,21.1,4.777
2023-03-15T02:00:00.000Z,13.6,28.4,19.3,3.932
2023-03-15T03:00:00.000Z,8.2,27.9,11.2,5.036
2023-03-15T04:00:00.000Z,5.9,18.8,10,2.769
2023-03-15T05:00:00.000Z,4.5,16,6.4,3.106
2023-03-15T06:00:00.000Z,4,12.9,6.3,2.265
2023-03-15T07:00:00.000Z,6.2,25.8,11.05,6.95
2023-03-15T08:00:00.000Z,4,26.6,20.8,6.811
2023-03-15T09:00:00.000Z,4,11.1,5.6,1.639
2023-03-15T10:00:00.000Z,8.4,32.6,12.3,7.222
2023-03-15T11:00:00.000Z,9.6,28.7,15.15,5.783
2023-03-15T12:00:00.000Z,8.2,25.7,14.7,3.999
2023-03-15T13:00:00.000Z,4.8,25.1,8.35,6.377
2023-03-15T14:00:00.000Z,4.8,12.2,8.15,2.163
2023-03-15T15:00:00.000Z,5.2,10,8.19,1.248
2023-03-15T16:00:00.000Z,7.6,12.6,9.85,1.432
2023-03-15T17:00:00.000Z,7.4,10.9,8.94,0.831
2023-03-15T18:00:00.000Z,7,14.9,11.3,2.052
2023-03-15T19:00:00.000Z,8.3,12.3,10.25,1.124
2023-03-15T20:00:00.000Z,7.3,19,10.75,3.048
2023-03-15T21:00:00.000Z,7.6,25.5,14.3,5.458
2023-03-15T22:00:00.000Z,20.2,42.5,32.9,6.719
2023-03-15T23:00:00.000Z,11.2,42.4,34.85,8.869
2023-03-16T00:00:00.000Z,11.5,22,15.05,3.057
2023-03-16T01:00:00.000Z,2.7,16.7,7.95,4.901
2023-03-16T02:00:00.000Z,3.4,8.9,6.4,1.781
2023-03-16T03:00:00.000Z,2.2,16.4,3.85,2.78
2023-03-16T04:00:00.000Z,1.9,15.5,3.7,3.222
2023-03-16T05:00:00.000Z,1.8,14.7,4.09,3.153
2023-03-16T06:00:00.000Z,2.2,12.3,3.4,2.382
2023-03-16T07:00:00.000Z,2.4,11.7,3.2,1.919
2023-03-16T08:00:00.000Z,2.5,6.5,4,1.117
2023-03-16T09:00:00.000Z,2.8,7.8,4.25,0.992
2023-03-16T10:00:00.000Z,4.3,19.4,7.7,3.895
2023-03-16T11:00:00.000Z,9.4,37.9,23.3,7.088
2023-03-16T12:00:00.000Z,14.3,37.1,16.39,4.318
2023-03-16T13:00:00.000Z,9.9,16,12.6,1.681
2023-03-16T14:00:00.000Z,8.6,15.2,12.25,1.481
2023-03-16T15:00:00.000Z,3.7,9.8,6.1,1.432
2023-03-16T16:00:00.000Z,3.4,9.1,4.84,1.537
2023-03-16T17:00:00.000Z,3.8,7.6,5.9,1.149
2023-03-16T18:00:00.000Z,4.4,7.1,5.8,0.761
2023-03-16T19:00:00.000Z,5.1,12.9,7.5,2.324
2023-03-16T20:00:00.000Z,6.3,18.7,9.19,3.389
2023-03-16T21:00:00.000Z,4.6,18.3,7.35,4.003
2023-03-16T22:00:00.000Z,16,38.6,27.05,5.425
2023-03-16T23:00:00.000Z,10.5,26.3,16.95,3.867
2023-03-17T00:00:00.000Z,5.4,15.5,9.5,3.084
2023-03-17T01:00:00.000Z,5.4,14.2,7.35,1.943
2023-03-17T02:00:00.000Z,3.8,10.7,6.9,1.848
2023-03-17T03:00:00.000Z,3.3,15.9,5,3.088
2023-03-17T04:00:00.000Z,1.9,14,7.7,3.407
2023-03-17T05:00:00.000Z,1.9,12.7,5,2.555
2023-03-17T06:00:00.000Z,2.4,11,4.7,2.21
2023-03-17T07:00:00.000Z,1.7,9.8,3.9,2.007
2023-03-17T08:00:00.000Z,3.1,11,6.05,1.958
2023-03-17T09:00:00.000Z,6,28.3,11.7,6.039
2023-03-17T10:00:00.000Z,9.2,41.8,19,8.175
2023-03-17T11:00:00.000Z,22.3,44.4,29.05,5.108
2023-03-17T12:00:00.000Z,8.9,35.1,18.39,6.41
2023-03-17T13:00:00.000Z,6.2,10.6,7.9,1.194
2023-03-17T14:00:00.000Z,3.7,7.9,5.45,1.196
2023-03-17T15:00:00.000Z,3.8,8.1,5.7,1.026
2023-03-17T16:00:00.000Z,3.5,10.4,7.4,2.27
2023-03-17T17:00:00.000Z,4.9,18.6,10.9,3.953
2023-03-17T18:00:00.000Z,10.3,15.8,14.1,1.513
2023-03-17T19:00:00.000Z,11.2,15.2,11.8,0.912
2023-03-17T20:00:00.000Z,9.8,25.3,19.25,5.746
2023-03-17T21:00:00.000Z,22.1,28.2,24.9,1.515
2023-03-17T22:00:00.000Z,19,35.1,28.05,4.205
2023-03-17T23:00:00.000Z,11.8,20.9,17.89,2.164
2023-03-18T00:00:00.000Z,13.3,28.3,18.39,3.09
2023-03-18T01:00:00.000Z,11.8,27.2,16.45,4.874
2023-03-18T02:00:00.000Z,6.2,12.6,8.65,2.176
2023-03-18T03:00:00.000Z,4.5,9.8,6,1.546
2023-03-18T04:00:00.000Z,4.3,12.3,6.1,1.971
2023-03-18T05:00:00.000Z,3.2,10.7,4.84,2.336
2023-03-18T06:00:00.000Z,2.7,6.9,3.6,0.893
2023-03-18T07:00:00.000Z,3.7,8.3,5.3,1.145
2023-03-18T08:00:00.000Z,4.8,9,6.7,1.041
2023-03-18T09:00:00.000Z,6,19.8,12.15,3.765
2023-03-18T10:00:00.000Z,10.9,17.5,14.75,1.934
2023-03-18T11:00:00.000Z,14.5,23,17.89,2.133
2023-03-18T12:00:00.000Z,14.6,35.8,18.5,4.622
2023-03-18T13:00:00.000Z,9.4,18,11.6,1.69
2023-03-18T14:00:00.000Z,9.2,17.2,11.2,2.4
2023-03-18T15:00:00.000Z,9,15.1,10.6,2.111
2023-03-18T16:00:00.000Z,9.3,13.2,11.3,0.852
2023-03-18T17:00:00.000Z,9.2,12.2,10.7,0.854
2023-03-18T18:00:00.000Z,9.1,22.8,11.4,2.715
2023-03-18T19:00:00.000Z,10.9,20.4,16.6,2.418
2023-03-18T20:00:00.000Z,10.4,22.1,13.95,3.36
2023-03-18T21:00:00.000Z,18.4,25.2,21.1,2.234
2023-03-18T22:00:00.000Z,20.4,34.9,23.95,4.094
2023-03-18T23:00:00.000Z,13.5,39.2,23.7,8.439
2023-03-19T00:00:00.000Z,16.7,32.6,20.35,3.808
2023-03-19T01:00:00.000Z,13.8,22.6,16.8,2.238
2023-03-19T02:00:00.000Z,8.9,15.6,11.2,1.727
2023-03-19T03:00:00.000Z,9.2,17.9,11.1,1.949
2023-03-19T04:00:00.000Z,7,19.8,8.3,2.637
2023-03-19T05:00:00.000Z,6.7,11.8,7.7,1.056
2023-03-19T06:00:00.000Z,7,11.9,8.19,1.183
2023-03-19T07:00:00.000Z,7.2,10.6,8.6,0.825
2023-03-19T08:00:00.000Z,7.8,17,10.3,1.968
2023-03-19T09:00:00.000Z,11.1,23,16.75,2.817
2023-03-19T10:00:00.000Z,15.8,34.8,29.2,5.709
2023-03-19T11:00:00.000Z,19.5,33.7,27.5,3.595
2023-03-19T12:00:00.000Z,11.2,22.2,15.4,3.078
2023-03-19T13:00:00.000Z,12.3,22,15.4,2.606
2023-03-19T14:00:00.000Z,8.9,14.4,10.1,1.422
2023-03-19T15:00:00.000Z,9.1,14.9,11.55,1.47
2023-03-19T16:00:00.000Z,8.7,20.3,10.35,3.442
2023-03-19T17:00:00.000Z,7.2,10.3,8.5,0.678
2023-03-19T18:00:00.000Z,8.3,14.2,9.5,1.742
2023-03-19T19:00:00.000Z,8.6,17.8,10.1,2.37
2023-03-19T20:00:00.000Z,8.7,13.2,11.15,1.182
2023-03-19T21:00:00.000Z,10.5,19.4,14.1,2.498
2023-03-19T22:00:00.000Z,17.3,27.9,23,3.011
2023-03-19T23:00:00.000Z,18.2,25.6,21.2,2.453
2023-03-20T00:00:00.000Z,9.7,22,16.7,3.283
2023-03-20T01:00:00.000Z,8.1,14.7,9.8,1.551
2023-03-20T02:00:00.000Z,7.5,13.4,10,1.314
2023-03-20T03:00:00.000Z,8,10.9,9.1,0.677
2023-03-20T04:00:00.000Z,7.3,11.9,8.19,0.971
2023-03-20T05:00:00.000Z,5.5,7.9,6.5,0.582
2023-03-20T06:00:00.000Z,5.5,8.7,6.7,0.672
2023-03-20T07:00:00.000Z,6.3,8.7,7.75,0.533
2023-03-20T08:00:00.000Z,8.3,10.9,8.9,0.594
2023-03-20T09:00:00.000Z,8.9,13.3,10.4,1.203
2023-03-20T10:00:00.000Z,12.4,25.4,16.64,3.311
2023-03-20T11:00:00.000Z,17.8,27.3,20.7,2.492
2023-03-20T12:00:00.000Z,13.7,19.2,16.39,1.457
2023-03-20T13:00:00.000Z,11,15.9,14.6,1.477
2023-03-20T14:00:00.000Z,10.7,17.7,12,1.797
2023-03-20T15:00:00.000Z,17.6,25.8,20.8,2.389
2023-03-20T16:00:00.000Z,7.7,19.5,13.65,3.356
2023-03-20T17:00:00.000Z,6.8,16.3,11.95,2.827
2023-03-20T18:00:00.000Z,9.4,17.6,13,2.285
2023-03-20T19:00:00.000Z,14.4,24.2,20.5,2.923
2023-03-20T20:00:00.000Z,27.5,38.7,33.9,3.128
2023-03-20T21:00:00.000Z,27.1,36.3,32,2.634
2023-03-20T22:00:00.000Z,24.7,33.1,27.35,2.397
2023-03-20T23:00:00.000Z,14.8,27.5,24.05,3.395
2023-03-21T00:00:00.000Z,10.4,16,13.6,1.655
2023-03-21T01:00:00.000Z,6,13.7,9.85,2.049
2023-03-21T02:00:00.000Z,6.5,10,7.5,1.043
2023-03-21T03:00:00.000Z,6.1,15.5,7.7,2.049
2023-03-21T04:00:00.000Z,5.7,11.2,8.5,1.28
2023-03-21T05:00:00.000Z,5.7,14.2,8.3,2.459
2023-03-21T06:00:00.000Z,5.8,9.1,7.25,0.76
2023-03-21T07:00:00.000Z,6.6,10.3,8.69,1.071
2023-03-21T08:00:00.000Z,9.1,12.4,10.55,0.764
2023-03-21T09:00:00.000Z,9.1,21.8,12.6,3.041
2023-03-21T10:00:00.000Z,12.6,22.8,16.1,2.546
2023-03-21T11:00:00.000Z,12,23.8,18.39,3.281
2023-03-21T12:00:00.000Z,11.2,22.9,13.9,2.49
2023-03-21T13:00:00.000Z,7.9,13.8,10.7,1.52
2023-03-21T14:00:00.000Z,5.5,8.3,7.25,0.539
2023-03-21T15:00:00.000Z,5.9,8.9,7.05,0.835
2023-03-21T16:00:00.000Z,6.5,8.9,7.55,0.618
2023-03-21T17:00:00.000Z,6.8,10.3,8.4,1.016
2023-03-21T18:00:00.000Z,8.5,15.2,12.2,2.161
2023-03-21T19:00:00.000Z,11.2,20.6,18.1,2.204
2023-03-21T20:00:00.000Z,18,27.6,25.05,2.125
2023-03-21T21:00:00.000Z,21.6,31.1,27.6,2.835
2023-03-21T22:00:00.000Z,17.8,35.4,27.7,4.667
2023-03-21T23:00:00.000Z,21.6,36,26.9,3.22
2023-03-22T00:00:00.000Z,12.4,29,19.05,3.872
2023-03-22T01:00:00.000Z,15,24.5,22.2,3.417
2023-03-22T02:00:00.000Z,7,18.3,9.05,2.823
2023-03-22T03:00:00.000Z,7.2,15.4,9.3,2.536
2023-03-22T04:00:00.000Z,6.3,15.5,7.75,2.004
2023-03-22T05:00:00.000Z,6.1,12.1,7.6,1.434
2023-03-22T06:00:00.000Z,6,12.6,7.3,1.437
2023-03-22T07:00:00.000Z,5.6,9.5,7.05,0.864
2023-03-22T08:00:00.000Z,6.1,14.8,8.25,2.629
2023-03-22T09:00:00.000Z,9.6,30.5,16.6,4.941
2023-03-22T10:00:00.000Z,20.4,33.4,26.7,2.819
2023-03-22T11:00:00.000Z,19.5,37,30.25,4.859
2023-03-22T12:00:00.000Z,9.3,20.8,14.3,2.831
2023-03-22T13:00:00.000Z,7.4,12.1,9,1.18
2023-03-22T14:00:00.000Z,6.8,10.2,8.15,0.73
2023-03-22T15:00:00.000Z,6.3,9.5,7.7,0.904
2023-03-22T16:00:00.000Z,6,11.6,9.15,1.846
2023-03-22T17:00:00.000Z,6.8,16.4,9.8,2.437
2023-03-22T18:00:00.000Z,6.4,11.6,8.3,1.593
2023-03-22T19:00:00.000Z,8.1,15,11,2.003
2023-03-22T20:00:00.000Z,7.8,13,9.35,1.335
2023-03-22T21:00:00.000Z,7.3,20.5,9.4,3.265
2023-03-22T22:00:00.000Z,7.1,19.5,9.05,3.07
2023-03-22T23:00:00.000Z,14.2,21.6,17.1,1.97
2023-03-23T00:00:00.000Z,15.6,29.8,21,3.609
2023-03-23T01:00:00.000Z,5.3,19.5,10.35,3.442
2023-03-23T02:00:00.000Z,4.3,9.5,5.95,1.373
2023-03-23T03:00:00.000Z,2.9,6,4.3,0.839
2023-03-23T04:00:00.000Z,2.9,9,3.8,1.398
2023-03-23T05:00:00.000Z,2.7,14,5.2,2.686
2023-03-23T06:00:00.000Z,2.1,42.7,3.3,11.724
2023-03-23T07:00:00.000Z,2.5,13.1,5.4,2.529
2023-03-23T08:00:00.000Z,4,21.3,9.6,4.919
2023-03-23T09:00:00.000Z,5.6,23.7,8.5,4.346
2023-03-23T10:00:00.000Z,17.2,32.5,21.6,3.243
2023-03-23T11:00:00.000Z,16.8,27.3,19.7,2.548
2023-03-23T12:00:00.000Z,18.3,26.8,21.85,2.233
2023-03-23T13:00:00.000Z,7.1,24.4,16.14,5.137
2023-03-23T14:00:00.000Z,5.4,8.7,6.8,0.928
2023-03-23T15:00:00.000Z,4.9,8.5,6.4,0.832
2023-03-23T16:00:00.000Z,5.2,10.4,7.6,1.518
2023-03-23T17:00:00.000Z,4.1,8.2,5.9,1.328
2023-03-23T18:00:00.000Z,5.8,8.2,7,0.564
2023-03-23T19:00:00.000Z,7,11.8,8.75,1.259
2023-03-23T20:00:00.000Z,9.1,17.7,12.1,2.802
2023-03-23T21:00:00.000Z,10.6,25,18.2,3.337
2023-03-23T22:00:00.000Z,7.5,20.9,16.2,3.985
2023-03-23T23:00:00.000Z,6.8,22.4,16.3,4.635
2023-03-24T00:00:00.000Z,9.6,24.3,14.6,3.42
2023-03-24T01:00:00.000Z,7.1,11.9,10.19,1.219
2023-03-24T02:00:00.000Z,2.8,15,4.2,2.482
2023-03-24T03:00:00.000Z,2.1,9.4,3.9,1.573
2023-03-24T04:00:00.000Z,3,14.8,5.2,2.461
2023-03-24T05:00:00.000Z,1.9,9.3,4.09,1.971
2023-03-24T06:00:00.000Z,1.6,10.3,3.75,2.032
2023-03-24T07:00:00.000Z,1.5,11.4,4.2,2.638
2023-03-24T08:00:00.000Z,1.3,9.1,4.9,1.881
2023-03-24T09:00:00.000Z,3.7,15.1,7.1,2.978
2023-03-24T10:00:00.000Z,6.9,34.5,20.7,8.164
2023-03-24T11:00:00.000Z,18.5,62.4,35.2,11.6
2023-03-24T12:00:00.000Z,15.3,36.2,19.64,4.508
2023-03-24T13:00:00.000Z,8.1,31.8,10.95,5.662
2023-03-24T14:00:00.000Z,4.9,13.3,7.9,2.546
2023-03-24T15:00:00.000Z,3.2,8,6.2,1.25
2023-03-24T16:00:00.000Z,2.5,6.1,3.9,0.831
2023-03-24T17:00:00.000Z,1.1,5.5,4.2,1.496
2023-03-24T18:00:00.000Z,0.6,3.2,1.3,0.601
2023-03-24T19:00:00.000Z,1.8,12.6,4.3,2.425
2023-03-24T20:00:00.000Z,3.5,18,7.05,5.074
2023-03-24T21:00:00.000Z,10.9,21.2,14.75,2.927
2023-03-24T22:00:00.000Z,9.3,21.6,14.1,3.235
2023-03-24T23:00:00.000Z,5.9,12.2,9.6,1.773
2023-03-25T00:00:00.000Z,4.9,25.3,11.85,4.849
2023-03-25T01:00:00.000Z,2.4,8.6,5.45,1.49
2023-03-25T02:00:00.000Z,3.1,13.8,5.2,2.517
2023-03-25T03:00:00.000Z,3.1,11,5.3,1.791
2023-03-25T04:00:00.000Z,1.9,8.9,4.75,2.139
2023-03-25T05:00:00.000Z,1.6,9.5,3.7,1.911
2023-03-25T06:00:00.000Z,2.4,8.2,3.8,1.207
2023-03-25T07:00:00.000Z,2.1,7.9,4.8,1.488
2023-03-25T08:00:00.000Z,4.1,24.9,9.3,4.663
2023-03-25T09:00:00.000Z,3.2,29.4,8.4,5.206
2023-03-25T10:00:00.000Z,10.9,49.3,28.3,8.09
2023-03-25T11:00:00.000Z,18.9,43.5,31.8,7.178
2023-03-25T12:00:00.000Z,10.6,39.9,20.9,7.021
2023-03-25T13:00:00.000Z,2.8,12.7,6.55,2.67
2023-03-25T14:00:00.000Z,2.1,5.2,3.8,0.739
2023-03-25T15:00:00.000Z,3.1,17.1,8.5,3.181
2023-03-25T16:00:00.000Z,3.1,8.8,3.8,1.279
2023-03-25T17:00:00.000Z,3.7,20.3,8.4,5.115
2023-03-25T18:00:00.000Z,4.4,13.4,6.75,2.426
2023-03-25T19:00:00.000Z,8.2,13.1,10.25,1.397
2023-03-25T20:00:00.000Z,11,16.5,14.85,1.752
2023-03-25T21:00:00.000Z,9.6,25,13.3,5.027
2023-03-25T22:00:00.000Z,11.6,26.4,21,4.548
2023-03-25T23:00:00.000Z,7.1,21.8,10.4,3.679
2023-03-26T00:00:00.000Z,7.4,17.9,11.6,2.666
2023-03-26T01:00:00.000Z,8.2,28.3,13.1,4.273
2023-03-26T02:00:00.000Z,8.7,16.7,14.1,1.968
2023-03-26T03:00:00.000Z,5.2,10.9,6.5,1.526
2023-03-26T04:00:00.000Z,5.2,13.6,7.25,1.805
2023-03-26T05:00:00.000Z,3.8,15.8,7,2.735
2023-03-26T06:00:00.000Z,4.9,19.8,5.95,4.482
2023-03-26T07:00:00.000Z,4.5,7.4,5.5,0.62
2023-03-26T08:00:00.000Z,5.1,8,6.1,0.802
2023-03-26T09:00:00.000Z,6.3,9.9,7.55,1.01
2023-03-26T10:00:00.000Z,8.1,23.6,14.6,4.386
2023-03-26T11:00:00.000Z,16.6,33.1,20,3.908
2023-03-26T12:00:00.000Z,16.1,34.7,21.6,5.726
2023-03-26T13:00:00.000Z,11.7,28.7,20.2,5.082
2023-03-26T14:00:00.000Z,6.8,15.1,10.19,1.784
2023-03-26T15:00:00.000Z,4.1,11.5,7.35,1.877
2023-03-26T16:00:00.000Z,3.7,14.7,5.75,3.715
2023-03-26T17:00:00.000Z,5.9,16.2,11.5,2.734
2023-03-26T18:00:00.000Z,13.9,27.1,18.6,3.479
2023-03-26T19:00:00.000Z,15.8,26.2,20.5,2.934
2023-03-26T20:00:00.000Z,20.8,28,24.5,1.839
2023-03-26T21:00:00.000Z,18.5,24.9,20.8,1.678
2023-03-26T22:00:00.000Z,12.5,33.7,21.4,4.782
2023-03-26T23:00:00.000Z,9.9,39.4,27.6,9.406
2023-03-27T00:00:00.000Z,7.7,15.6,9.69,2.071
2023-03-27T01:00:00.000Z,8.5,18.4,12,2.581
2023-03-27T02:00:00.000Z,4.2,10.5,6.3,1.546
2023-03-27T03:00:00.000Z,4.3,13.6,5.6,2.215
2023-03-27T04:00:00.000Z,3.6,5.7,4.65,0.52
2023-03-27T05:00:00.000Z,3.3,7.5,5.2,1.163
2023-03-27T06:00:00.000Z,3.3,6.7,4.9,0.853
2023-03-27T07:00:00.000Z,3.5,7.9,4.5,1.189
2023-03-27T08:00:00.000Z,4.1,10.1,6.1,1.565
2023-03-27T09:00:00.000Z,6.5,26.3,12.55,4.401
2023-03-27T10:00:00.000Z,9.8,29.2,14.15,5.326
2023-03-27T11:00:00.000Z,7.6,18.4,9.6,2.702
2023-03-27T12:00:00.000Z,5.3,21.3,8.6,4.737
2023-03-27T13:00:00.000Z,7.7,24,10.5,4.856
2023-03-27T14:00:00.000Z,6.3,10.7,8.8,1.319
2023-03-27T15:00:00.000Z,4.4,7,5.85,0.658
2023-03-27T16:00:00.000Z,3.8,6.1,4.59,0.524
2023-03-27T17:00:00.000Z,3.8,43.6,8.9,13.986
2023-03-27T18:00:00.000Z,13,42.8,21.9,9.744
2023-03-27T19:00:00.000Z,8.3,21,14.3,3.653
2023-03-27T20:00:00.000Z,16.4,23.9,19.89,1.958
2023-03-27T21:00:00.000Z,23.1,31.3,26.3,2.237
2023-03-27T22:00:00.000Z,26.1,32.6,28.6,1.726
2023-03-27T23:00:00.000Z,22.6,35.1,32.4,2.678
2023-03-28T00:00:00.000Z,17.7,25.8,20.3,1.871
2023-03-28T01:00:00.000Z,16.1,30.2,21.3,4.368
2023-03-28T02:00:00.000Z,10.4,24.1,16,3.086
2023-03-28T03:00:00.000Z,3.8,14.3,8.44,2.663
2023-03-28T04:00:00.000Z,3.1,10.3,4.5,1.717
2023-03-28T05:00:00.000Z,4.3,13.7,5.9,2.124
2023-03-28T06:00:00.000Z,4.4,17.1,8.3,2.942
2023-03-28T07:00:00.000Z,6.2,14.1,8,1.756
2023-03-28T08:00:00.000Z,6.3,17.6,9.5,3.365
2023-03-28T09:00:00.000Z,7.6,25.5,11.1,4.417
2023-03-28T10:00:00.000Z,19.1,41.6,25.3,6.54
2023-03-28T11:00:00.000Z,16.4,37,28.8,6.405
2023-03-28T12:00:00.000Z,8,28.3,18.3,5.856
2023-03-28T13:00:00.000Z,6.2,9.9,8.69,1.01
2023-03-28T14:00:00.000Z,5.1,7.6,6.2,0.709
2023-03-28T15:00:00.000Z,5.3,13,7.7,2.202
2023-03-28T16:00:00.000Z,5.6,16,10.6,3.02
2023-03-28T17:00:00.000Z,4.1,9.9,6.5,1.594
2023-03-28T18:00:00.000Z,5.3,11.1,7.3,1.662
2023-03-28T19:00:00.000Z,4,9.7,5.8,1.257
2023-03-28T20:00:00.000Z,6.4,13.3,9.05,1.943
2023-03-28T21:00:00.000Z,9.7,21.1,16.8,3.553
2023-03-28T22:00:00.000Z,16.8,29.6,22.65,3.105
2023-03-28T23:00:00.000Z,16.2,29.6,22.15,3.75
2023-03-29T00:00:00.000Z,13.4,31.4,20.55,5.327
2023-03-29T01:00:00.000Z,7.9,14.2,11.6,1.796
2023-03-29T02:00:00.000Z,5.8,21.4,8.8,2.815
2023-03-29T03:00:00.000Z,5.4,18,6.9,2.726
2023-03-29T04:00:00.000Z,5.7,11.7,7.2,1.321
2023-03-29T05:00:00.000Z,4.1,6.6,4.9,0.66
2023-03-29T06:00:00.000Z,3.7,6.1,4.8,0.587
2023-03-29T07:00:00.000Z,4.2,9.3,5.45,1.311
2023-03-29T08:00:00.000Z,4.7,12.6,8.19,1.938
2023-03-29T09:00:00.000Z,7.2,20.9,13,2.953
2023-03-29T10:00:00.000Z,14.5,27.9,19.45,3.525
2023-03-29T11:00:00.000Z,17.2,33,22.45,3.622
2023-03-29T12:00:00.000Z,11.9,27.1,13.9,3.939
2023-03-29T13:00:00.000Z,9.3,12.8,11.1,0.9
2023-03-29T14:00:00.000Z,5.6,11.5,7.3,1.709
2023-03-29T15:00:00.000Z,3.8,6.3,5.09,0.618
2023-03-29T16:00:00.000Z,3.4,6.4,4.09,0.839
2023-03-29T17:00:00.000Z,5.9,12.5,8.3,1.612
2023-03-29T18:00:00.000Z,9.3,16.4,11.2,1.912
2023-03-29T19:00:00.000Z,12.8,22.8,18.6,3.298
2023-03-29T20:00:00.000Z,20.3,27.2,23.45,2.04
2023-03-29T21:00:00.000Z,15.4,22,17.1,1.645
2023-03-29T22:00:00.000Z,12.7,27.3,22,3.853
2023-03-29T23:00:00.000Z,20.2,29.2,25.35,2.124
2023-03-30T00:00:00.000Z,17.8,21.3,19.39,1.142
2023-03-30T01:00:00.000Z,6.5,18.7,11.6,3.923
2023-03-30T02:00:00.000Z,4.5,18.4,7.5,3.046
2023-03-30T03:00:00.000Z,3.8,13.4,6.7,1.763
2023-03-30T04:00:00.000Z,1.7,6.3,3.5,1.085
2023-03-30T05:00:00.000Z,1.6,5.9,3.45,0.799
2023-03-30T06:00:00.000Z,1.9,10.1,3.8,1.864
2023-03-30T07:00:00.000Z,2.3,6.3,3.8,0.867
2023-03-30T08:00:00.000Z,2.9,5.7,4,0.677
2023-03-30T09:00:00.000Z,4.4,13.8,6.4,1.909
2023-03-30T10:00:00.000Z,8.2,14.6,11.7,1.51
2023-03-30T11:00:00.000Z,7.2,14.2,9.55,1.995
2023-03-30T12:00:00.000Z,5.5,10.3,7.2,1.255
2023-03-30T13:00:00.000Z,3.4,8.5,4.34,1.229
2023-03-30T14:00:00.000Z,2.8,8.6,4,1.434
2023-03-30T15:00:00.000Z,3.2,8.4,6.2,1.423
2023-03-30T16:00:00.000Z,2.8,6.3,5.2,1.077
2023-03-30T17:00:00.000Z,7.3,12.6,10.19,1.442
2023-03-30T18:00:00.000Z,9.2,15.1,12,1.625
2023-03-30T19:00:00.000Z,11.9,23.7,14,3.532
2023-03-30T20:00:00.000Z,6.9,21.4,13.45,5.131
2023-03-30T21:00:00.000Z,5.9,14.5,8,2.232
2023-03-30T22:00:00.000Z,10.9,30.3,23.3,4.999
2023-03-30T23:00:00.000Z,15.4,22.4,19.8,1.713
2023-03-31T00:00:00.000Z,10,26,21.35,5.211
2023-03-31T01:00:00.000Z,5.5,12.6,8.75,1.732
2023-03-31T02:00:00.000Z,5.8,10.4,7.7,1.201
2023-03-31T03:00:00.000Z,3.6,8.1,4.65,1.118
2023-03-31T04:00:00.000Z,1.7,9.6,4.2,2.356
2023-03-31T05:00:00.000Z,1,12.5,2.9,2.435
2023-03-31T06:00:00.000Z,1,5.4,2.29,1.232
2023-03-31T07:00:00.000Z,1.2,8.6,2.2,1.716
2023-03-31T08:00:00.000Z,3,19.4,7.15,3.313
2023-03-31T09:00:00.000Z,7,11.3,9.69,1.272
2023-03-31T10:00:00.000Z,8,39.5,15.15,9.163
2023-03-31T11:00:00.000Z,11.2,31.8,21.7,5.742
2023-03-31T12:00:00.000Z,7,25.4,12.75,4.557
2023-03-31T13:00:00.000Z,5.4,14.4,10.5,2.39
2023-03-31T14:00:00.000Z,4.9,10.2,7.05,1.239
2023-03-31T15:00:00.000Z,6,13,7.8,1.931
2023-03-31T16:00:00.000Z,4.7,13.4,9.69,2.531
2023-03-31T17:00:00.000Z,7.6,19.5,10.5,3.499
2023-03-31T18:00:00.000Z,4.4,20.5,14.3,4.439
2023-03-31T19:00:00.000Z,2.5,6.2,4.3,1.03
2023-03-31T20:00:00.000Z,4.6,8.7,6.55,1.306
2023-03-31T21:00:00.000Z,7.2,23.7,16.1,4.682
2023-03-31T22:00:00.000Z,14,27.4,18.64,4.093
2023-03-31T23:00:00.000Z,27.6,32.2,29.3,1.414
2023-04-01T00:00:00.000Z,23,33.4,28.8,2.264
2023-04-01T01:00:00.000Z,20.6,35.7,24.8,3.201
2023-04-01T02:00:00.000Z,7.2,23.2,12.9,5.086
2023-04-01T03:00:00.000Z,7,16.3,8.75,2.396
2023-04-01T04:00:00.000Z,6,8.8,7.5,0.889
2023-04-01T05:00:00.000Z,5.2,12,6.45,1.627
2023-04-01T06:00:00.000Z,5.7,7.8,6.3,0.555
2023-04-01T07:00:00.000Z,3.6,7.1,5.5,0.787
2023-04-01T08:00:00.000Z,3.6,6.5,4.59,0.693
2023-04-01T09:00:00.000Z,3.9,9.1,5.85,1.162
2023-04-01T10:00:00.000Z,7.6,29.1,18.2,6.067
2023-04-01T11:00:00.000Z,21.8,32.2,26.4,3.025
2023-04-01T12:00:00.000Z,9.7,26.8,18.39,5.245
2023-04-01T13:00:00.000Z,5.4,15.3,8.4,2.426
2023-04-01T14:00:00.000Z,3.6,6.4,4.8,0.791
2023-04-01T15:00:00.000Z,5.2,8.4,6.5,0.896
2023-04-01T16:00:00.000Z,6,10.4,7.9,1.01
2023-04-01T17:00:00.000Z,5.7,12.4,8.55,2.035
2023-04-01T18:00:00.000Z,6.2,14.9,10.35,2.05
2023-04-01T19:00:00.000Z,6,15.9,13.25,2.8
2023-04-01T20:00:00.000Z,11.8,15.2,13.6,0.84
2023-04-01T21:00:00.000Z,13,16.5,14.8,0.779
2023-04-01T22:00:00.000Z,15.5,23.1,20.9,1.979
2023-04-01T23:00:00.000Z,16.9,22.2,19.1,1.231
2023-04-02T00:00:00.000Z,16.7,30.3,19.5,3.831
2023-04-02T01:00:00.000Z,27.9,33,30.7,1.338
2023-04-02T02:00:00.000Z,28.4,43,32.6,2.516
2023-04-02T03:00:00.000Z,22.1,32.3,27.5,2.81
2023-04-02T04:00:00.000Z,14.1,23.8,18.7,3.114
2023-04-02T05:00:00.000Z,8.9,16.2,11.2,1.882
2023-04-02T06:00:00.000Z,7.9,11.8,9.85,1.04
2023-04-02T07:00:00.000Z,10.6,15.8,13.8,1.336
2023-04-02T08:00:00.000Z,11.1,17.9,13.7,1.679
2023-04-02T09:00:00.000Z,16.1,34.5,19.75,4.394
2023-04-02T10:00:00.000Z,22.8,40.4,27.9,4.672
2023-04-02T11:00:00.000Z,17.2,30.8,23.4,3.804
2023-04-02T12:00:00.000Z,13,22,16.39,2.19
2023-04-02T13:00:00.000Z,7.8,16.5,11.7,1.991
2023-04-02T14:00:00.000Z,5.2,8.5,6.9,0.84
2023-04-02T15:00:00.000Z,3.9,7.2,5.3,0.809
2023-04-02T16:00:00.000Z,3.2,17.3,8.5,3.82
2023-04-02T17:00:00.000Z,12.8,16,14.7,0.711
2023-04-02T18:00:00.000Z,12.5,18.2,14.7,1.387
2023-04-02T19:00:00.000Z,6.9,13.6,8.8,2.193
2023-04-02T20:00:00.000Z,7,10.9,9.69,0.941
2023-04-02T21:00:00.000Z,8.6,12.6,11.1,1.095
2023-04-02T22:00:00.000Z,11.9,18.9,15.6,2.109
2023-04-02T23:00:00.000Z,17,25.5,21.4,2.282
2023-04-03T00:00:00.000Z,21.6,34,24.5,3.49
2023-04-03T01:00:00.000Z,22.1,37.7,29,4.134
2023-04-03T02:00:00.000Z,16.8,37.2,28.8,5.277
2023-04-03T03:00:00.000Z,6.1,34.2,14.65,9.765
2023-04-03T04:00:00.000Z,6.3,31.4,17.39,9.319
2023-04-03T05:00:00.000Z,5.5,8.8,6.5,0.905
2023-04-03T06:00:00.000Z,4.1,12.1,6.85,2.031
2023-04-03T07:00:00.000Z,7.5,15.3,9.1,1.786
2023-04-03T08:00:00.000Z,7,21.4,10.4,3.316
2023-04-03T09:00:00.000Z,8.4,22.8,11.3,3.539
2023-04-03T10:00:00.000Z,14.1,30.4,23.3,2.931
2023-04-03T11:00:00.000Z,17.3,35,24.6,3.943
2023-04-03T12:00:00.000Z,11.4,27.3,16.45,5.057
2023-04-03T13:00:00.000Z,11.5,17,14.05,1.365
2023-04-03T14:00:00.000Z,7.8,14.5,9.75,1.321
2023-04-03T15:00:00.000Z,9.5,12.2,10.95,0.702
2023-04-03T16:00:00.000Z,7.3,10.8,9.1,0.999
2023-04-03T17:00:00.000Z,9,14.8,11.4,1.526
2023-04-03T18:00:00.000Z,7,12.2,9.4,1.741
2023-04-03T19:00:00.000Z,7.2,11.8,8.5,1.205
2023-04-03T20:00:00.000Z,7,11.9,10.1,1.562
2023-04-03T21:00:00.000Z,10.4,21.8,18.2,3.17
2023-04-03T22:00:00.000Z,10.1,23.1,14.6,3.846
2023-04-03T23:00:00.000Z,10.1,18.8,13,2.252
2023-04-04T00:00:00.000Z,13.5,23.2,19.1,2.578
2023-04-04T01:00:00.000Z,13,23.8,14.25,2.232
2023-04-04T02:00:00.000Z,12.5,19.5,15.45,2.037
2023-04-04T03:00:00.000Z,12.1,15.9,13.4,0.998
2023-04-04T04:00:00.000Z,13,18.6,15,1.442
2023-04-04T05:00:00.000Z,10.9,27.5,15.2,3.937
2023-04-04T06:00:00.000Z,10,15.1,12.25,1.073
2023-04-04T07:00:00.000Z,9.1,18.4,12.5,2.209
2023-04-04T08:00:00.000Z,11.2,24.7,13.55,2.869
2023-04-04T09:00:00.000Z,13.5,28.2,19.1,2.967
2023-04-04T10:00:00.000Z,15.1,41.5,25.55,7.605
2023-04-04T11:00:00.000Z,25.5,41.2,33.35,3.447
2023-04-04T12:00:00.000Z,16.6,38.7,26.1,5.244
2023-04-04T13:00:00.000Z,13.3,20.3,16.8,1.74
2023-04-04T14:00:00.000Z,16.7,22.8,18.89,1.532
2023-04-04T15:00:00.000Z,13.2,27.1,18.3,4.954
2023-04-04T16:00:00.000Z,15.1,24.5,21,2.786
2023-04-04T17:00:00.000Z,13.6,23.7,18.1,2.847
2023-04-04T18:00:00.000Z,17.3,27.3,21.9,2.974
2023-04-04T19:00:00.000Z,22.3,27.6,25.45,1.195
2023-04-04T20:00:00.000Z,22.6,31.8,24.9,2.889
2023-04-04T21:00:00.000Z,28.2,37.5,32.7,2.239
2023-04-04T22:00:00.000Z,15.5,35.7,27.2,6.227
2023-04-04T23:00:00.000Z,15.9,22.1,19.1,1.624
2023-04-05T00:00:00.000Z,12.1,26.3,17.2,3.617
2023-04-05T01:00:00.000Z,9.5,20.5,12.4,2.917
2023-04-05T02:00:00.000Z,9,29.7,13.2,4.066
2023-04-05T03:00:00.000Z,10.3,23.8,13,3.541
2023-04-05T04:00:00.000Z,9.2,19.1,12.75,2.251
2023-04-05T05:00:00.000Z,8.4,12,9.8,0.852
2023-04-05T06:00:00.000Z,8.3,13.8,10,1.088
2023-04-05T07:00:00.000Z,8.5,11.8,9.5,0.897
2023-04-05T08:00:00.000Z,8.7,13,9.94,0.968
2023-04-05T09:00:00.000Z,9.2,12.6,10.5,0.865
2023-04-05T10:00:00.000Z,11.6,33.9,24.05,5.986
2023-04-05T11:00:00.000Z,17.8,41.6,28.8,6.713
2023-04-05T12:00:00.000Z,15.3,30.5,19.39,3.952
2023-04-05T13:00:00.000Z,11.6,19.9,13.7,1.67
2023-04-05T14:00:00.000Z,10.6,16.7,12.8,1.44
2023-04-05T15:00:00.000Z,5.5,11.9,8.19,1.72
2023-04-05T16:00:00.000Z,5.7,9.2,6.95,1.187
2023-04-05T17:00:00.000Z,5,7.7,5.8,0.961
2023-04-05T18:00:00.000Z,8.2,14.3,11.4,1.763
2023-04-05T19:00:00.000Z,8.3,18.2,12.65,2.606
2023-04-05T20:00:00.000Z,7.3,11.1,9.5,1.242
2023-04-05T21:00:00.000Z,8.3,20.5,16.05,3.817
2023-04-05T22:00:00.000Z,18.8,28.2,23,2.45
2023-04-05T23:00:00.000Z,15.3,26.4,21.2,3.294
2023-04-06T00:00:00.000Z,13.5,23.4,19.1,2.688
2023-04-06T01:00:00.000Z,14.7,19.2,16.6,1.521
2023-04-06T02:00:00.000Z,14.5,19,15.65,1.063
2023-04-06T03:00:00.000Z,9.9,17.4,14.1,1.74
2023-04-06T04:00:00.000Z,5.4,9.9,7.5,1.455
2023-04-06T05:00:00.000Z,4.2,5.8,5,0.424
2023-04-06T06:00:00.000Z,2.9,4.8,3.8,0.39
2023-04-06T07:00:00.000Z,3.5,4.5,3.9,0.251
2023-04-06T08:00:00.000Z,3.5,5.3,4.3,0.459
2023-04-06T09:00:00.000Z,3.8,5.3,4.2,0.326
2023-04-06T10:00:00.000Z,3.9,6.2,5.4,0.593
2023-04-06T11:00:00.000Z,5.7,12.9,7.8,2.207
2023-04-06T12:00:00.000Z,10.7,20.5,15.2,2.793
2023-04-06T13:00:00.000Z,13.9,19.2,16.8,1.49
2023-04-06T14:00:00.000Z,12.8,18.5,16.95,1.689
2023-04-06T15:00:00.000Z,10.6,14.5,12.15,1.014
2023-04-06T16:00:00.000Z,6.9,11.6,8.1,1.109
2023-04-06T17:00:00.000Z,11.1,16.6,13.9,1.442
2023-04-06T18:00:00.000Z,9.3,17.8,12.4,2.251
2023-04-06T19:00:00.000Z,10.6,19.1,12.3,2.559
2023-04-06T20:00:00.000Z,7.9,13.6,10,1.434
2023-04-06T21:00:00.000Z,8.6,12.5,9.9,1.076
2023-04-06T22:00:00.000Z,8.9,15.4,12,2.011
2023-04-06T23:00:00.000Z,9.5,14.8,13.1,1.228
2023-04-07T00:00:00.000Z,9.5,15.1,12.9,1.619
2023-04-07T01:00:00.000Z,11.6,21,14.4,2.752
2023-04-07T02:00:00.000Z,13.5,18.3,15.25,1.152
2023-04-07T03:00:00.000Z,10.8,19.1,17.39,2.816
2023-04-07T04:00:00.000Z,9.1,11.8,10.5,0.84
2023-04-07T05:00:00.000Z,10.1,17,12.6,1.69
2023-04-07T06:00:00.000Z,10.9,15.7,13,0.948
2023-04-07T07:00:00.000Z,10.3,12.8,11.35,0.632
2023-04-07T08:00:00.000Z,10.3,13.4,11.7,0.846
2023-04-07T09:00:00.000Z,10.1,12.2,11.1,0.541
2023-04-07T10:00:00.000Z,10.2,23.9,14.2,3.423
2023-04-07T11:00:00.000Z,22.1,29.8,24.85,1.429
2023-04-07T12:00:00.000Z,20.7,28.8,24.5,1.932
2023-04-07T13:00:00.000Z,16.8,23.7,20.5,1.918
2023-04-07T14:00:00.000Z,12.6,17.2,14.6,1.159
2023-04-07T15:00:00.000Z,12.8,16.8,14.6,0.945
2023-04-07T16:00:00.000Z,13.7,17.3,15,0.976
2023-04-07T17:00:00.000Z,15.9,18.9,17.25,0.831
2023-04-07T18:00:00.000Z,13.1,16.9,15.2,0.873
2023-04-07T19:00:00.000Z,12.9,15.6,14.3,0.631
2023-04-07T20:00:00.000Z,14.8,21.8,17,1.497
2023-04-07T21:00:00.000Z,20.7,34.1,24.4,4.04
2023-04-07T22:00:00.000Z,19.5,23.3,20.8,0.827
2023-04-07T23:00:00.000Z,17.1,20,18.2,0.68
2023-04-08T00:00:00.000Z,17.2,29.3,23.6,3.461
2023-04-08T01:00:00.000Z,13.4,23,17.6,2.286
2023-04-08T02:00:00.000Z,19,25,22.9,1.622
2023-04-08T03:00:00.000Z,14.8,29.5,16.1,3.488
2023-04-08T04:00:00.000Z,14.9,23.3,17.7,1.957
2023-04-08T05:00:00.000Z,12,20.3,13.7,2.021
2023-04-08T06:00:00.000Z,12.5,17.5,13.8,1.345
2023-04-08T07:00:00.000Z,16.6,25.2,19.2,1.698
2023-04-08T08:00:00.000Z,14.3,25,17.6,2.472
2023-04-08T09:00:00.000Z,10.5,17.8,12.3,1.849
2023-04-08T10:00:00.000Z,10,38.1,14.8,8.052
2023-04-08T11:00:00.000Z,18.1,41.9,28.6,5.986
2023-04-08T12:00:00.000Z,11.3,20.9,14.9,2.849
2023-04-08T13:00:00.000Z,5.6,19.3,10.4,3.943
2023-04-08T14:00:00.000Z,4.3,6.1,5.15,0.469
2023-04-08T15:00:00.000Z,3.8,6.4,4.75,0.693
2023-04-08T16:00:00.000Z,2.8,4.9,3.5,0.459
2023-04-08T17:00:00.000Z,1.9,5.2,3.4,0.786
2023-04-08T18:00:00.000Z,1,2.6,1.7,0.4
2023-04-08T19:00:00.000Z,1,4.2,1.75,0.866
2023-04-08T20:00:00.000Z,1.8,4.1,3,0.642
2023-04-08T21:00:00.000Z,2.3,5.1,4.05,0.65
2023-04-08T22:00:00.000Z,3.5,7.3,5.09,0.933
2023-04-08T23:00:00.000Z,5.1,8.6,6.5,0.924
2023-04-09T00:00:00.000Z,5.9,9.5,7.15,0.844
2023-04-09T01:00:00.000Z,7.4,22.1,9.8,3.034
2023-04-09T02:00:00.000Z,9.2,28.9,12.9,4.791
2023-04-09T03:00:00.000Z,6.3,13.7,9.19,1.538
2023-04-09T04:00:00.000Z,4.8,9.6,6.9,1.205
2023-04-09T05:00:00.000Z,1.9,31.8,6.3,6.565
2023-04-09T06:00:00.000Z,1,13.5,3.5,2.931
2023-04-09T07:00:00.000Z,2.7,8.1,4.5,1.496
2023-04-09T08:00:00.000Z,3,22.5,6.1,4.448
2023-04-09T09:00:00.000Z,3.4,21.4,5.5,4.791
2023-04-09T10:00:00.000Z,11.6,32.5,24.15,5.373
2023-04-09T11:00:00.000Z,19,39.1,25.4,4.806
2023-04-09T12:00:00.000Z,10.4,24.1,12.5,3.707
2023-04-09T13:00:00.000Z,9.1,22.9,12.8,2.813
2023-04-09T14:00:00.000Z,5.9,14.7,7.3,3.032
2023-04-09T15:00:00.000Z,5.3,10,7.4,1.336
2023-04-09T16:00:00.000Z,5.4,7.3,6,0.42
2023-04-09T17:00:00.000Z,5.9,14.7,9.1,2.345
2023-04-09T18:00:00.000Z,10.2,34.7,23.8,8.08
2023-04-09T19:00:00.000Z,8.8,26.4,13,6.343
2023-04-09T20:00:00.000Z,8.9,24.9,11.7,3.253
2023-04-09T21:00:00.000Z,8.6,16.3,13.15,1.659
2023-04-09T22:00:00.000Z,8.3,27,17.7,5.139
2023-04-09T23:00:00.000Z,9.6,24.7,21.5,4.68
2023-04-10T00:00:00.000Z,10.9,24.7,17.39,4.864
2023-04-10T01:00:00.000Z,12.4,17.5,14.1,1.342
2023-04-10T02:00:00.000Z,10.8,17.4,13.7,1.597
2023-04-10T03:00:00.000Z,9.8,13.6,11.15,0.932
2023-04-10T04:00:00.000Z,8.6,16.2,10.6,1.517
2023-04-10T05:00:00.000Z,9.2,14.8,10.4,1.554
2023-04-10T06:00:00.000Z,8.8,13.9,10.45,1.116
2023-04-10T07:00:00.000Z,9.2,12.4,10.8,0.791
2023-04-10T08:00:00.000Z,9.5,15.6,11.3,1.576
2023-04-10T09:00:00.000Z,13.7,33.8,20.9,5.754
2023-04-10T10:00:00.000Z,14.3,35.9,26.45,7.209
2023-04-10T11:00:00.000Z,13,29.4,15.3,3.586
2023-04-10T12:00:00.000Z,14.1,26.6,17.85,3.124
2023-04-10T13:00:00.000Z,10.3,17,14.2,1.669
2023-04-10T14:00:00.000Z,10.1,15,12.4,1.254
2023-04-10T15:00:00.000Z,8.3,18.9,10.7,2.691
2023-04-10T16:00:00.000Z,8.6,11,9.6,0.653
2023-04-10T17:00:00.000Z,8.7,12,10.19,0.853
2023-04-10T18:00:00.000Z,8.3,10.5,9.25,0.574
2023-04-10T19:00:00.000Z,8.6,14.2,10.65,1.758
2023-04-10T20:00:00.000Z,12.3,20.5,16.85,1.989
2023-04-10T21:00:00.000Z,15.3,33.3,22,5.114
2023-04-10T22:00:00.000Z,28.6,34,32.1,1.74
2023-04-10T23:00:00.000Z,26.7,32,30.3,1.5
2023-04-11T00:00:00.000Z,19,34.5,27.5,4.944
2023-04-11T01:00:00.000Z,15.8,22.5,18.89,1.732
2023-04-11T02:00:00.000Z,16.3,22.6,18.3,1.961
2023-04-11T03:00:00.000Z,18.1,31,21.4,2.699
2023-04-11T04:00:00.000Z,21.8,29.8,24,1.707
2023-04-11T05:00:00.000Z,13.5,24.9,21.3,3.373
2023-04-11T06:00:00.000Z,13,21.5,15.15,2.329
2023-04-11T07:00:00.000Z,13,15.5,14.15,0.709
2023-04-11T08:00:00.000Z,14,18.9,16.05,1.331
2023-04-11T09:00:00.000Z,17.3,24.8,19.64,2.55
2023-04-11T10:00:00.000Z,24.9,36.7,32.5,3.572
2023-04-11T11:00:00.000Z,17.9,35.9,25,4.801
2023-04-11T12:00:00.000Z,14.3,17.9,16.3,0.939
2023-04-11T13:00:00.000Z,14.9,19.2,16.45,1.341
2023-04-11T14:00:00.000Z,17.3,21.5,19.6,1.065
2023-04-11T15:00:00.000Z,19.1,22.6,21.05,0.842
2023-04-11T16:00:00.000Z,18.9,24.8,22.3,1.311
2023-04-11T17:00:00.000Z,18.8,26,21.15,2.067
2023-04-11T18:00:00.000Z,19.1,22.6,20.6,0.826
2023-04-11T19:00:00.000Z,17.6,22.1,19.45,1.287
2023-04-11T20:00:00.000Z,15.2,18.6,16.5,0.772
2023-04-11T21:00:00.000Z,16.5,23.2,19.95,1.929
2023-04-11T22:00:00.000Z,22.6,27,24.6,1.046
2023-04-11T23:00:00.000Z,26.3,29.9,27.5,1.018
2023-04-12T00:00:00.000Z,25.5,31.2,27.6,1.349
2023-04-12T01:00:00.000Z,26,31.3,29.8,1.446
2023-04-12T02:00:00.000Z,32,45.6,36.9,3.355
2023-04-12T03:00:00.000Z,40.7,48.7,44.1,1.985
2023-04-12T04:00:00.000Z,42.3,50.1,44.15,1.766
2023-04-12T05:00:00.000Z,44.5,51.1,46.25,1.585
2023-04-12T06:00:00.000Z,43,50.2,46.3,1.839
2023-04-12T07:00:00.000Z,44.2,49.9,46.9,1.583
2023-04-12T08:00:00.000Z,46.1,53.7,49.2,1.877
2023-04-12T09:00:00.000Z,46.2,60.2,50.6,4.219
2023-04-12T10:00:00.000Z,50.9,64.5,55.2,3.933
2023-04-12T11:00:00.000Z,50.7,64.7,55.6,3.881
2023-04-12T12:00:00.000Z,48.1,65.7,58.7,5.033
2023-04-12T13:00:00.000Z,48.9,59.6,53.5,2.381
2023-04-12T14:00:00.000Z,58.7,65.8,61.7,2.001
2023-04-12T15:00:00.000Z,57.9,69.3,64.25,3.222
2023-04-12T16:00:00.000Z,61.1,66.6,63.15,1.456
2023-04-12T17:00:00.000Z,50.4,71.2,64.5,5.594
2023-04-12T18:00:00.000Z,47,71.8,68.2,6.083
2023-04-12T19:00:00.000Z,30.5,65.8,63.2,13.686
2023-04-12T20:00:00.000Z,21.9,30,23.7,2.025
2023-04-12T21:00:00.000Z,23.2,28.3,25.9,1.232
2023-04-12T22:00:00.000Z,29.6,36.8,32.2,2.265
2023-04-12T23:00:00.000Z,26.3,30.4,28.2,0.947
2023-04-13T00:00:00.000Z,24.6,28.7,26.2,1.112
2023-04-13T01:00:00.000Z,26.9,37.4,30.25,3.19
2023-04-13T02:00:00.000Z,28.2,35.2,31.1,1.965
2023-04-13T03:00:00.000Z,28.2,33.2,31.8,1.241
2023-04-13T04:00:00.000Z,24.9,32.5,28.5,1.767
2023-04-13T05:00:00.000Z,20.1,34.8,25.7,3.305
2023-04-13T06:00:00.000Z,18.7,23.8,21.2,1.325
2023-04-13T07:00:00.000Z,21.8,31.2,23.1,1.731
2023-04-13T08:00:00.000Z,20.5,24.8,22.7,0.978
2023-04-13T09:00:00.000Z,19.9,29.1,27.3,1.962
2023-04-13T10:00:00.000Z,24.8,32.6,28.35,2.128
2023-04-13T11:00:00.000Z,21.3,31.8,23.2,2.872
2023-04-13T12:00:00.000Z,20,28.4,23.95,2.227
2023-04-13T13:00:00.000Z,16.2,21.7,19.7,1.347
2023-04-13T14:00:00.000Z,14.4,20.1,17.1,1.472
2023-04-13T15:00:00.000Z,9.3,15.7,12.5,1.397
2023-04-13T16:00:00.000Z,12.4,27.4,24.8,5.213
2023-04-13T17:00:00.000Z,22.8,30.5,24.55,1.694
2023-04-13T18:00:00.000Z,28,31.2,29.35,0.811
2023-04-13T19:00:00.000Z,28.6,35.5,32.95,2.166
2023-04-13T20:00:00.000Z,30.8,39.8,36.45,2.636
2023-04-13T21:00:00.000Z,34,43.2,37.35,2.725
2023-04-13T22:00:00.000Z,33.2,41.7,37.7,2.434
2023-04-13T23:00:00.000Z,20.6,33.8,25.4,4.23
2023-04-14T00:00:00.000Z,20.6,24.9,23,1.103
2023-04-14T01:00:00.000Z,18.3,23.9,21.8,1.6
2023-04-14T02:00:00.000Z,15.2,27.4,17.89,2.844
2023-04-14T03:00:00.000Z,15.3,24.3,19.8,2.587
2023-04-14T04:00:00.000Z,18,36.4,23.7,4.116
2023-04-14T05:00:00.000Z,17,34.4,21.9,4.822
2023-04-14T06:00:00.000Z,32.8,40.3,35.6,2.13
2023-04-14T07:00:00.000Z,34.2,41.7,38.2,1.898
2023-04-14T08:00:00.000Z,23,31.1,25.5,2.283
2023-04-14T09:00:00.000Z,21.7,24.4,23.3,0.721
2023-04-14T10:00:00.000Z,19.1,23.4,21.95,1.114
2023-04-14T11:00:00.000Z,19.4,25.6,21.7,1.109
2023-04-14T12:00:00.000Z,20.8,39.1,28.3,4.889
2023-04-14T13:00:00.000Z,31.2,34.6,33,0.697
2023-04-14T14:00:00.000Z,33.6,37.9,36.35,1.284
2023-04-14T15:00:00.000Z,30.2,38.8,35.29,2.346
2023-04-14T16:00:00.000Z,36.6,41.7,38.7,1.369
2023-04-14T17:00:00.000Z,39.5,44,42.2,1.109
2023-04-14T18:00:00.000Z,37.7,45.2,43.05,1.772
2023-04-14T19:00:00.000Z,43,55.3,46.05,3.776
2023-04-14T20:00:00.000Z,41.2,43.8,42.9,0.618
2023-04-14T21:00:00.000Z,39.9,49.4,42.6,2.298
2023-04-14T22:00:00.000Z,42.5,46.7,44.3,0.998
2023-04-14T23:00:00.000Z,43.8,49.8,45.4,1.672
2023-04-15T00:00:00.000Z,49,59.6,54.8,3.084
2023-04-15T01:00:00.000Z,42.4,57.6,49,4.54
2023-04-15T02:00:00.000Z,28.2,50.9,41.7,7.442
2023-04-15T03:00:00.000Z,27.7,37.7,34.79,3.285
2023-04-15T04:00:00.000Z,35,39.3,37.1,0.96
2023-04-15T05:00:00.000Z,21.8,34.4,28,3.965
2023-04-15T06:00:00.000Z,18.3,23.7,20.35,1.143
2023-04-15T07:00:00.000Z,17.9,21,19.7,0.787
2023-04-15T08:00:00.000Z,19,21.4,20.2,0.612
2023-04-15T09:00:00.000Z,18.5,22.3,19.64,0.867
2023-04-15T10:00:00.000Z,18.2,32.7,20.3,4.21
2023-04-15T11:00:00.000Z,18.4,48.5,25.7,10.872
2023-04-15T12:00:00.000Z,26.7,38,30.35,3.031
2023-04-15T13:00:00.000Z,21.3,28.4,23.4,1.728
2023-04-15T14:00:00.000Z,18.2,21.5,19.6,0.817
2023-04-15T15:00:00.000Z,18.5,25.1,22.35,1.741
2023-04-15T16:00:00.000Z,17.8,22.3,20,1.163
2023-04-15T17:00:00.000Z,18.9,22.9,21.2,0.872
2023-04-15T18:00:00.000Z,20.6,22.8,21.6,0.624
2023-04-15T19:00:00.000Z,20.3,25.3,23.7,1.388
2023-04-15T20:00:00.000Z,23.1,24.7,23.9,0.424
2023-04-15T21:00:00.000Z,20.8,23.3,22.15,0.643
2023-04-15T22:00:00.000Z,19.7,23.9,22.1,1.051
2023-04-15T23:00:00.000Z,22.4,25.9,23.8,0.73
2023-04-16T00:00:00.000Z,24.7,32.1,30.3,2.746
2023-04-16T01:00:00.000Z,25.2,31.5,29.35,1.657
2023-04-16T02:00:00.000Z,26,53.6,35.79,6.586
2023-04-16T03:00:00.000Z,36.1,49.3,37.7,2.671
2023-04-16T04:00:00.000Z,33.3,47.6,36.6,2.763
2023-04-16T05:00:00.000Z,24.6,42.3,33.79,5.746
2023-04-16T06:00:00.000Z,24.5,29,27.2,1.109
2023-04-16T07:00:00.000Z,16.9,25,18.6,2.517
2023-04-16T08:00:00.000Z,15.7,19.8,17.7,0.962
2023-04-16T09:00:00.000Z,16.1,19.7,17.39,0.966
2023-04-16T10:00:00.000Z,17.6,20.4,19,0.704
2023-04-16T11:00:00.000Z,18.1,21.1,20.1,0.648
2023-04-16T12:00:00.000Z,17.8,20,18.89,0.591
2023-04-16T13:00:00.000Z,17.8,20.5,19.3,0.785
2023-04-16T14:00:00.000Z,19.6,23.3,20.7,0.756
2023-04-16T15:00:00.000Z,20.8,23.2,21.5,0.606
2023-04-16T16:00:00.000Z,17,21.9,18.7,1.411
2023-04-16T17:00:00.000Z,19.9,32.8,26.35,4.351
2023-04-16T18:00:00.000Z,21,24.3,22.7,0.841
2023-04-16T19:00:00.000Z,21.4,27.5,22.95,1.602
2023-04-16T20:00:00.000Z,23.1,27.1,25,0.931
2023-04-16T21:00:00.000Z,25.6,37.4,30.1,4.057
2023-04-16T22:00:00.000Z,32.9,38.7,35.54,1.406
2023-04-16T23:00:00.000Z,32.3,39.1,36.29,1.682
2023-04-17T00:00:00.000Z,34.6,41.6,36.2,1.3
2023-04-17T01:00:00.000Z,34.9,40.4,37.95,1.208
2023-04-17T02:00:00.000Z,35.2,40.9,36.85,1.139
2023-04-17T03:00:00.000Z,33.3,41.4,36,1.566
2023-04-17T04:00:00.000Z,25,32.8,28.55,1.769
2023-04-17T05:00:00.000Z,24.6,37.8,32.79,3.57
2023-04-17T06:00:00.000Z,23.7,38,29.5,4.175
2023-04-17T07:00:00.000Z,27,33.6,30.8,1.975
2023-04-17T08:00:00.000Z,26.1,32.2,27.5,1.138
2023-04-17T09:00:00.000Z,24.1,28.4,25.3,0.997
2023-04-17T10:00:00.000Z,27.3,34.7,31.1,2.009
2023-04-17T11:00:00.000Z,26.3,33.4,31.8,2.165
2023-04-17T12:00:00.000Z,23.9,29.1,26.3,1.286
2023-04-17T13:00:00.000Z,24,28.8,25.4,1.411
2023-04-17T14:00:00.000Z,23,29,26.6,1.572
2023-04-17T15:00:00.000Z,25.5,30.5,27.55,1.381
2023-04-17T16:00:00.000Z,24.9,31.2,28.55,1.463
2023-04-17T17:00:00.000Z,23.3,26.7,24.8,0.875
2023-04-17T18:00:00.000Z,24.4,31.5,26.6,1.935
2023-04-17T19:00:00.000Z,22.1,24.9,23.8,0.769
2023-04-17T20:00:00.000Z,22.5,31.8,26.45,2.54
2023-04-17T21:00:00.000Z,26.8,34.3,29.9,1.766
2023-04-17T22:00:00.000Z,29.7,35.5,32.29,1.543
2023-04-17T23:00:00.000Z,30.8,39,35.7,2.037
2023-04-18T00:00:00.000Z,30.8,40.9,35.65,2.743
2023-04-18T01:00:00.000Z,22.9,32,29.3,2.349
2023-04-18T02:00:00.000Z,12.3,23.7,17.1,3.115
2023-04-18T03:00:00.000Z,8.8,19.5,11.4,3.45
2023-04-18T04:00:00.000Z,7.4,16,9.6,1.824
2023-04-18T05:00:00.000Z,4.4,14.9,7.7,2.812
2023-04-18T06:00:00.000Z,4.4,9,5.8,1.104
2023-04-18T07:00:00.000Z,3.9,14.6,4.7,1.928
2023-04-18T08:00:00.000Z,4.9,10.8,6.1,1.624
2023-04-18T09:00:00.000Z,5.7,18,9.4,3.207
2023-04-18T10:00:00.000Z,11.7,35.5,20.65,5.637
2023-04-18T11:00:00.000Z,20.8,37.8,28,4.151
2023-04-18T12:00:00.000Z,6.2,24.3,15.2,5.493
2023-04-18T13:00:00.000Z,3.4,6.7,5.2,0.825
2023-04-18T14:00:00.000Z,2.3,4.5,3.4,0.561
2023-04-18T15:00:00.000Z,2.8,7.1,4.8,1.091
2023-04-18T16:00:00.000Z,2.3,4.7,3.2,0.596
2023-04-18T17:00:00.000Z,2,6.7,5.55,1.41
2023-04-18T18:00:00.000Z,3.6,13.1,6.45,2.502
2023-04-18T19:00:00.000Z,5.3,12.2,7.35,1.821
2023-04-18T20:00:00.000Z,3.6,9.8,6,1.586
2023-04-18T21:00:00.000Z,5.9,14.1,9.44,2.248
2023-04-18T22:00:00.000Z,3.8,9.5,5.95,1.841
2023-04-18T23:00:00.000Z,2.7,5.8,3.4,0.644
2023-04-19T00:00:00.000Z,1.7,7.2,3.05,1.035
2023-04-19T01:00:00.000Z,2,6.5,3.1,1.433
2023-04-19T02:00:00.000Z,3.2,11.9,4.8,1.982
2023-04-19T03:00:00.000Z,5,16.9,10.05,2.705
2023-04-19T04:00:00.000Z,7.4,22.9,10.19,3.22
2023-04-19T05:00:00.000Z,9.1,23.1,14.15,3.137
2023-04-19T06:00:00.000Z,7.5,24.2,11,3.171
2023-04-19T07:00:00.000Z,9.7,19.6,12.7,2.23
2023-04-19T08:00:00.000Z,8.9,15.6,13.15,2.06
2023-04-19T09:00:00.000Z,6.4,9.8,7.15,0.764
2023-04-19T10:00:00.000Z,7,12.7,9.1,1.464
2023-04-19T11:00:00.000Z,12.2,21,16.1,2.153
2023-04-19T12:00:00.000Z,9.7,23.4,19.64,3.644
2023-04-19T13:00:00.000Z,5.4,11,7.35,1.739
2023-04-19T14:00:00.000Z,5.9,11.8,9.5,1.892
2023-04-19T15:00:00.000Z,5.8,11.8,6.4,1.21
2023-04-19T16:00:00.000Z,4.3,10.9,6.7,1.845
2023-04-19T17:00:00.000Z,4.8,9.7,6.1,1.19
2023-04-19T18:00:00.000Z,4.7,7.5,5.6,0.559
2023-04-19T19:00:00.000Z,6.4,12.8,10.15,1.594
2023-04-19T20:00:00.000Z,10.2,14.7,13.1,1.217
2023-04-19T21:00:00.000Z,10.6,17.1,13.9,2.06
2023-04-19T22:00:00.000Z,12.3,16.9,14.7,1.179
2023-04-19T23:00:00.000Z,7.1,12.8,9.19,1.407
2023-04-20T00:00:00.000Z,4.8,13.2,9.1,2.726
2023-04-20T01:00:00.000Z,5.6,14.5,6.4,1.977
2023-04-20T02:00:00.000Z,6.3,11.4,8.3,1.515
2023-04-20T03:00:00.000Z,7.2,19.3,11,3.674
2023-04-20T04:00:00.000Z,6.7,18.5,9.5,3.193
2023-04-20T05:00:00.000Z,4.3,20.1,7.2,3.091
2023-04-20T06:00:00.000Z,5,24.3,8,3.966
2023-04-20T07:00:00.000Z,5.2,13.7,9.8,2.131
2023-04-20T08:00:00.000Z,9.9,16,12.3,1.516
2023-04-20T09:00:00.000Z,9.6,15.7,12.25,1.662
2023-04-20T10:00:00.000Z,4,10.6,5.6,2.025
2023-04-20T11:00:00.000Z,4.2,5.5,4.7,0.318
2023-04-20T12:00:00.000Z,4.8,8.8,6.9,1.154
2023-04-20T13:00:00.000Z,5.8,7.8,6.8,0.452
2023-04-20T14:00:00.000Z,7.1,8.8,8.1,0.463
2023-04-20T15:00:00.000Z,7.4,9.7,8.19,0.548
2023-04-20T16:00:00.000Z,9.4,13.1,11.4,0.848
2023-04-20T17:00:00.000Z,10.3,13.6,12.1,0.945
2023-04-20T18:00:00.000Z,11.7,14.3,13.4,0.695
2023-04-20T19:00:00.000Z,12.7,15.2,13.95,0.558
2023-04-20T20:00:00.000Z,13,17.1,14.5,1.167
2023-04-20T21:00:00.000Z,14.5,23.8,17.3,2.542
2023-04-20T22:00:00.000Z,21.7,28.6,25.1,2.285
2023-04-20T23:00:00.000Z,25.8,36,29.25,2.699
2023-04-21T00:00:00.000Z,34.5,44.1,36.79,2.61
2023-04-21T01:00:00.000Z,32.4,40.1,35.2,1.494
2023-04-21T02:00:00.000Z,5.2,29.4,9.3,6.713
2023-04-21T03:00:00.000Z,7.5,16,11.45,2.201
2023-04-21T04:00:00.000Z,4.5,18.2,6.8,2.507
2023-04-21T05:00:00.000Z,5.4,24.3,10.5,4.369
2023-04-21T06:00:00.000Z,6.4,34,26.8,8.356
2023-04-21T07:00:00.000Z,34.2,38.6,36.29,1.004
2023-04-21T08:00:00.000Z,27.2,39.1,33.6,3.942
2023-04-21T09:00:00.000Z,19.1,34,22.9,3.987
2023-04-21T10:00:00.000Z,17.7,40.1,31.8,7.547
2023-04-21T11:00:00.000Z,19.7,43.4,29.5,4.971
2023-04-21T12:00:00.000Z,16.7,24.5,19,2.22
2023-04-21T13:00:00.000Z,17.1,30.2,19.5,2.397
2023-04-21T14:00:00.000Z,14.2,23.2,18.39,2.19
2023-04-21T15:00:00.000Z,14.8,20.1,16.8,1.529
2023-04-21T16:00:00.000Z,15.9,20.4,18.3,1.123
2023-04-21T17:00:00.000Z,15,20.5,16.7,1.654
2023-04-21T18:00:00.000Z,14.2,17.5,15.4,0.789
2023-04-21T19:00:00.000Z,12.5,28.2,19.39,4.668
2023-04-21T20:00:00.000Z,18.5,30.4,23.5,3.208
2023-04-21T21:00:00.000Z,13.2,18.4,16.5,1.403
2023-04-21T22:00:00.000Z,14.9,21.9,17.1,1.537
2023-04-21T23:00:00.000Z,30.2,38.6,34.2,2.342
2023-04-22T00:00:00.000Z,33.2,39.7,37.29,1.585
2023-04-22T01:00:00.000Z,33.3,42.6,37.4,2.922
2023-04-22T02:00:00.000Z,23.9,33.1,25.8,2.155
2023-04-22T03:00:00.000Z,9.9,28.1,19.1,4.613
2023-04-22T04:00:00.000Z,10.3,18.3,11.7,2.133
2023-04-22T05:00:00.000Z,10.1,26,12.85,4.253
2023-04-22T06:00:00.000Z,11.3,20.2,14.8,2.308
2023-04-22T07:00:00.000Z,14.8,26.2,18.6,3.041
2023-04-22T08:00:00.000Z,18.1,30,23.75,2.996
2023-04-22T09:00:00.000Z,16,32.5,22.25,4.547
2023-04-22T10:00:00.000Z,20.7,45.7,29.3,5.402
2023-04-22T11:00:00.000Z,29.4,51.7,33.85,6.178
2023-04-22T12:00:00.000Z,16.7,45.2,26.4,7.262
2023-04-22T13:00:00.000Z,12.1,28.2,16.3,5.031
2023-04-22T14:00:00.000Z,14.8,23.5,16.89,2.32
2023-04-22T15:00:00.000Z,16.5,20.5,19.2,1.085
2023-04-22T16:00:00.000Z,16.4,20.8,18.45,1.164
2023-04-22T17:00:00.000Z,14.2,22.5,18,2.143
2023-04-22T18:00:00.000Z,12.8,24.2,17,3.045
2023-04-22T19:00:00.000Z,14,18.8,16.5,1.391
2023-04-22T20:00:00.000Z,13,16,14.3,0.778
2023-04-22T21:00:00.000Z,15.3,27.8,24.6,3.52
2023-04-22T22:00:00.000Z,27.4,33.8,31.8,1.834
2023-04-22T23:00:00.000Z,27.2,35.9,33.29,2.58
2023-04-23T00:00:00.000Z,9.2,29.3,24.35,7.152
2023-04-23T01:00:00.000Z,8,22.6,11.1,3.878
2023-04-23T02:00:00.000Z,5.4,18.9,6.9,2.714
2023-04-23T03:00:00.000Z,5.5,27.5,11.3,5.962
2023-04-23T04:00:00.000Z,5.4,17.2,6.65,2.827
2023-04-23T05:00:00.000Z,5.9,11.1,8,1.465
2023-04-23T06:00:00.000Z,5.8,10.2,6.9,1.232
2023-04-23T07:00:00.000Z,7.6,14.7,10.3,1.722
2023-04-23T08:00:00.000Z,9.9,14.4,11.7,1.012
2023-04-23T09:00:00.000Z,13.7,20.4,17.5,1.534
2023-04-23T10:00:00.000Z,18.9,33.9,23.35,3.363
2023-04-23T11:00:00.000Z,14.8,37.7,18.1,5.792
2023-04-23T12:00:00.000Z,15.3,25.7,18.7,2.345
2023-04-23T13:00:00.000Z,16.6,25.7,19.39,2.095
2023-04-23T14:00:00.000Z,13.9,21.3,17,1.747
2023-04-23T15:00:00.000Z,12.2,18.2,14.95,1.617
2023-04-23T16:00:00.000Z,10.5,13,11.3,0.658
2023-04-23T17:00:00.000Z,10.1,12.4,11,0.652
2023-04-23T18:00:00.000Z,10.9,13.4,12.25,0.635
2023-04-23T19:00:00.000Z,11,22,13.2,3.339
2023-04-23T20:00:00.000Z,11.9,22.5,13.9,3.535
2023-04-23T21:00:00.000Z,12.8,17.2,14.8,1.202
2023-04-23T22:00:00.000Z,12.3,19.6,15.2,1.635
2023-04-23T23:00:00.000Z,12.8,17.3,15.6,1.159
2023-04-24T00:00:00.000Z,16.2,29,22.5,3.074
2023-04-24T01:00:00.000Z,11.1,18.7,13.6,1.977
2023-04-24T02:00:00.000Z,12.2,23.2,15.5,2.238
2023-04-24T03:00:00.000Z,12.4,22,17.1,2.871
2023-04-24T04:00:00.000Z,14.4,19.7,17.39,1.621
2023-04-24T05:00:00.000Z,16.2,28,20.9,2.774
2023-04-24T06:00:00.000Z,9,19.8,12,2.743
2023-04-24T07:00:00.000Z,8.5,11.2,9.75,0.652
2023-04-24T08:00:00.000Z,9.4,12.7,10.8,0.872
2023-04-24T09:00:00.000Z,10.9,25.2,17,3.632
2023-04-24T10:00:00.000Z,12.9,39.3,20.3,6.488
2023-04-24T11:00:00.000Z,13.3,27.8,15.95,4.146
2023-04-24T12:00:00.000Z,13.7,47.5,20.2,7.141
2023-04-24T13:00:00.000Z,13.8,27.8,18.6,4.518
2023-04-24T14:00:00.000Z,12.5,23.3,18.7,2.854
2023-04-24T15:00:00.000Z,11,15.2,13.45,1.022
2023-04-24T16:00:00.000Z,10.8,14.5,12.4,0.892
2023-04-24T17:00:00.000Z,11,14.5,12.2,0.848
2023-04-24T18:00:00.000Z,11.5,19.8,14.7,2.147
2023-04-24T19:00:00.000Z,13.4,20.3,15.4,2.007
2023-04-24T20:00:00.000Z,12,20.6,17.3,3.009
2023-04-24T21:00:00.000Z,18.6,24.6,22.45,1.592
2023-04-24T22:00:00.000Z,18.6,27.1,23.9,2.59
2023-04-24T23:00:00.000Z,14.9,31.2,24.7,4.63
2023-04-25T00:00:00.000Z,18.3,31.2,23.25,3.705
2023-04-25T01:00:00.000Z,16.6,26,18.85,1.625
2023-04-25T02:00:00.000Z,14.9,25.9,18.25,2.319
2023-04-25T03:00:00.000Z,12.2,18.5,14.8,1.638
2023-04-25T04:00:00.000Z,11.1,21.4,14,2.776
2023-04-25T05:00:00.000Z,9.9,13.5,11.6,0.865
2023-04-25T06:00:00.000Z,10.2,23,13.4,3.171
2023-04-25T07:00:00.000Z,10.7,22.5,14.7,2.947
2023-04-25T08:00:00.000Z,7.4,20.8,16,3.299
2023-04-25T09:00:00.000Z,7.8,21,12.3,3.275
2023-04-25T10:00:00.000Z,8.3,20.4,14.1,3.358
2023-04-25T11:00:00.000Z,11.5,40.2,26.5,7.236
2023-04-25T12:00:00.000Z,14.6,40.2,21.75,7.978
2023-04-25T13:00:00.000Z,9.2,17,11.4,2.295
2023-04-25T14:00:00.000Z,8,11.2,10.05,0.837
2023-04-25T15:00:00.000Z,10.2,15.4,13.75,1.419
2023-04-25T16:00:00.000Z,9.9,17.2,14.5,1.849
2023-04-25T17:00:00.000Z,7.5,11.8,8.85,1.112
2023-04-25T18:00:00.000Z,8,10.7,9.6,0.704
2023-04-25T19:00:00.000Z,8.1,12.5,10.9,1.268
2023-04-25T20:00:00.000Z,8.3,18,10,2.559
2023-04-25T21:00:00.000Z,14.1,24.5,19.3,2.96
2023-04-25T22:00:00.000Z,10,17,12.8,1.883
2023-04-25T23:00:00.000Z,10.3,21.7,14.35,3.324
2023-04-26T00:00:00.000Z,11.9,19.3,15.85,2.154
2023-04-26T01:00:00.000Z,10.8,21.6,15.2,2.593
2023-04-26T02:00:00.000Z,10.4,16.1,12.3,1.247
2023-04-26T03:00:00.000Z,10.8,25.3,12.7,3.082
2023-04-26T04:00:00.000Z,9.7,14.7,11.05,1.182
2023-04-26T05:00:00.000Z,8.9,14.3,10.45,1.282
2023-04-26T06:00:00.000Z,7.1,11.7,8.44,1.198
2023-04-26T07:00:00.000Z,8.4,17,10.9,1.883
2023-04-26T08:00:00.000Z,10.1,26.3,13.4,3.482
2023-04-26T09:00:00.000Z,11.3,17.9,12.7,1.238
2023-04-26T10:00:00.000Z,10.8,26.4,14.8,3.753
2023-04-26T11:00:00.000Z,14.4,42,26.5,7.025
2023-04-26T12:00:00.000Z,16.3,39.1,25.7,5.727
2023-04-26T13:00:00.000Z,11.1,22.7,13.5,3.176
2023-04-26T14:00:00.000Z,8.1,16.8,11.6,2.517
2023-04-26T15:00:00.000Z,7.4,16,9.9,1.853
2023-04-26T16:00:00.000Z,7.4,13.6,9.94,1.743
2023-04-26T17:00:00.000Z,7,11.3,8.69,1.058
2023-04-26T18:00:00.000Z,8,15.1,11,1.918
2023-04-26T19:00:00.000Z,10.7,17.1,13.5,1.665
2023-04-26T20:00:00.000Z,10.8,21.1,16.39,2.708
2023-04-26T21:00:00.000Z,14.6,25.6,16.8,3.362
2023-04-26T22:00:00.000Z,12.5,36.2,18.35,6.454
2023-04-26T23:00:00.000Z,9.8,26.1,18.5,4.555
2023-04-27T00:00:00.000Z,9.5,18.1,11.5,1.898
2023-04-27T01:00:00.000Z,7.9,12.1,9.8,1.002
2023-04-27T02:00:00.000Z,7.9,13.2,8.94,1.239
2023-04-27T03:00:00.000Z,8.8,21.3,13.5,3.127
2023-04-27T04:00:00.000Z,7.5,18,12.35,3.283
2023-04-27T05:00:00.000Z,8.7,16.6,9.8,2.18
2023-04-27T06:00:00.000Z,9.2,18,11.5,2.005
2023-04-27T07:00:00.000Z,9.3,21,13.9,2.924
2023-04-27T08:00:00.000Z,8.5,20.1,11.85,2.912
2023-04-27T09:00:00.000Z,8.7,11.4,10,0.628
2023-04-27T10:00:00.000Z,9.3,23.2,13.2,3.149
2023-04-27T11:00:00.000Z,13.7,28.9,21.6,3.67
2023-04-27T12:00:00.000Z,12.6,44,19.8,10.022
2023-04-27T13:00:00.000Z,9.5,20.7,13.3,3.398
2023-04-27T14:00:00.000Z,6.6,10.5,8.8,0.938
2023-04-27T15:00:00.000Z,5.5,8.2,6.8,0.564
2023-04-27T16:00:00.000Z,5.2,7.4,6.3,0.621
2023-04-27T17:00:00.000Z,6.3,11.3,7.9,1.165
2023-04-27T18:00:00.000Z,7.3,11.2,9.19,0.98
2023-04-27T19:00:00.000Z,11.5,29.2,14.55,5.546
2023-04-27T20:00:00.000Z,14.4,28.5,22.1,4.045
2023-04-27T21:00:00.000Z,11.6,20.4,15.4,2.516
2023-04-27T22:00:00.000Z,14.5,31.7,25.8,4.697
2023-04-27T23:00:00.000Z,14,27,21.5,3.927
2023-04-28T00:00:00.000Z,12.9,23.5,17.25,2.496
2023-04-28T01:00:00.000Z,11.6,21.8,17.7,2.285
2023-04-28T02:00:00.000Z,10.5,27.6,13.8,3.206
2023-04-28T03:00:00.000Z,7.7,19.4,11,2.972
2023-04-28T04:00:00.000Z,8.4,18.3,10.85,2.274
2023-04-28T05:00:00.000Z,8.8,14.6,10.8,1.515
2023-04-28T06:00:00.000Z,10.9,20.8,13.45,2.504
2023-04-28T07:00:00.000Z,11.4,19,13.9,2.065
2023-04-28T08:00:00.000Z,9.4,19.6,12.3,2.38
2023-04-28T09:00:00.000Z,10.5,31.8,17.3,5.653
2023-04-28T10:00:00.000Z,14.6,35.7,27,6.534
2023-04-28T11:00:00.000Z,28.4,46.8,36.2,4.514
2023-04-28T12:00:00.000Z,18,29.9,22.85,3.227
2023-04-28T13:00:00.000Z,12.8,21.1,16.89,2.16
2023-04-28T14:00:00.000Z,10.2,14.7,11.8,1.297
2023-04-28T15:00:00.000Z,9.4,17.8,11.1,1.97
2023-04-28T16:00:00.000Z,10.9,17.5,15.25,1.8
2023-04-28T17:00:00.000Z,9.3,13,10.8,0.864
2023-04-28T18:00:00.000Z,7.2,11,9.6,0.972
2023-04-28T19:00:00.000Z,8.9,14.7,12.2,1.373
2023-04-28T20:00:00.000Z,9.2,16.6,12.55,1.734
2023-04-28T21:00:00.000Z,18.3,31.1,23.2,3.908
2023-04-28T22:00:00.000Z,28.1,33.7,30.3,1.381
2023-04-28T23:00:00.000Z,13.8,31.3,24.8,4.997
2023-04-29T00:00:00.000Z,10.4,18.5,12.8,2.385
2023-04-29T01:00:00.000Z,11.2,23.6,17.55,4.155
2023-04-29T02:00:00.000Z,11.8,25.2,14.35,3.335
2023-04-29T03:00:00.000Z,7.8,17.5,11.9,2.792
2023-04-29T04:00:00.000Z,3.2,13.5,7,2.673
2023-04-29T05:00:00.000Z,1.8,14.8,3.9,2.814
2023-04-29T06:00:00.000Z,1.3,9.8,4.3,2.614
2023-04-29T07:00:00.000Z,1.6,6.1,3.8,1.187
2023-04-29T08:00:00.000Z,2.2,17.3,4.4,4.224
2023-04-29T09:00:00.000Z,3,27.2,6.85,5.106
2023-04-29T10:00:00.000Z,4.8,31.9,24.15,5.775
2023-04-29T11:00:00.000Z,10.5,37.8,27.45,6.997
2023-04-29T12:00:00.000Z,5.4,22.9,9.69,4.377
2023-04-29T13:00:00.000Z,4.2,20.8,5.8,4.133
2023-04-29T14:00:00.000Z,2.1,5.6,3.7,1.022
2023-04-29T15:00:00.000Z,1.4,5.9,2.8,1.146
2023-04-29T16:00:00.000Z,0.3,6.8,1.6,1.778
2023-04-29T17:00:00.000Z,0.5,16.1,2.85,5.533
2023-04-29T18:00:00.000Z,4.4,10,6.5,1.83
2023-04-29T19:00:00.000Z,4,6.5,5.15,0.782
2023-04-29T20:00:00.000Z,2.9,7.4,4.7,1.376
2023-04-29T21:00:00.000Z,3.8,13.7,5,3.741
2023-04-29T22:00:00.000Z,12.1,19,13.9,1.752
2023-04-29T23:00:00.000Z,6.7,16.7,11.05,2.562
2023-04-30T00:00:00.000Z,4.8,15.6,7.2,2.444
2023-04-30T01:00:00.000Z,6.6,14.7,8.8,1.741
2023-04-30T02:00:00.000Z,6.6,10.1,8.35,0.82
2023-04-30T03:00:00.000Z,2.5,15.8,5,3.001
2023-04-30T04:00:00.000Z,2.3,16.3,7,3.502
2023-04-30T05:00:00.000Z,1.2,11.6,5.7,2.847
2023-04-30T06:00:00.000Z,1,7.1,2.6,1.497
2023-04-30T07:00:00.000Z,1,4.8,2.2,0.887
2023-04-30T08:00:00.000Z,1.1,8.6,3.5,1.671
2023-04-30T09:00:00.000Z,2.7,16.4,4.34,3.535
2023-04-30T10:00:00.000Z,6.2,37.4,8.3,9.442
2023-04-30T11:00:00.000Z,10.7,40.1,18.2,9.235
2023-04-30T12:00:00.000Z,11,22.1,13.65,1.987
2023-04-30T13:00:00.000Z,7.3,11.7,8.69,1.223
2023-04-30T14:00:00.000Z,7.2,8.8,7.9,0.382
2023-04-30T15:00:00.000Z,4.7,7.9,6,0.771
2023-04-30T16:00:00.000Z,4.8,6.4,5.4,0.393
2023-04-30T17:00:00.000Z,5.8,9.8,7.5,1.181
2023-04-30T18:00:00.000Z,7.6,9.7,8.69,0.597
2023-04-30T19:00:00.000Z,7.9,9.7,8.8,0.464
2023-04-30T20:00:00.000Z,8.9,14.4,11.85,1.183
2023-04-30T21:00:00.000Z,11.9,17.8,15.4,1.374
2023-04-30T22:00:00.000Z,14,19.2,17.1,1.242
2023-04-30T23:00:00.000Z,9.3,18.3,13.1,2.437
2023-05-01T00:00:00.000Z,9.6,16.7,13.2,1.534
2023-05-01T01:00:00.000Z,9.7,19.2,12.7,2.133
2023-05-01T02:00:00.000Z,2.5,23.2,5.8,4.673
2023-05-01T03:00:00.000Z,1.4,8,3.35,1.382
2023-05-01T04:00:00.000Z,1.4,7.6,2.29,1.287
2023-05-01T05:00:00.000Z,1.7,7.8,4.15,1.684
2023-05-01T06:00:00.000Z,2,4.9,3.05,0.886
2023-05-01T07:00:00.000Z,1.4,5,2.7,0.881
2023-05-01T08:00:00.000Z,2.5,16.1,8.6,3.74
2023-05-01T09:00:00.000Z,7.4,28.5,14.25,4.739
2023-05-01T10:00:00.000Z,3.6,23,5.7,5.411
2023-05-01T11:00:00.000Z,3.6,9.3,4.8,1.367
2023-05-01T12:00:00.000Z,6.2,29.5,18.5,5.262
2023-05-01T13:00:00.000Z,7.6,15.5,11.7,1.58
2023-05-01T14:00:00.000Z,3.7,10.7,5.65,1.914
2023-05-01T15:00:00.000Z,2.2,6.1,3.4,0.957
2023-05-01T16:00:00.000Z,2.8,7.8,3.8,1.327
2023-05-01T17:00:00.000Z,3.6,7.4,5.4,0.963
2023-05-01T18:00:00.000Z,2.2,8.2,5.8,1.683
2023-05-01T19:00:00.000Z,2.4,8,4.9,1.39
2023-05-01T20:00:00.000Z,3.6,6.2,4.45,0.821
2023-05-01T21:00:00.000Z,3.4,14.6,6.1,3.587
2023-05-01T22:00:00.000Z,9.9,20,11.8,2.747
2023-05-01T23:00:00.000Z,12.4,19.3,15.7,1.915
2023-05-02T00:00:00.000Z,3.2,20.6,10.19,5.408
2023-05-02T01:00:00.000Z,2.2,9,3.9,1.586
2023-05-02T02:00:00.000Z,2,22.3,4.8,4.81
2023-05-02T03:00:00.000Z,2.3,13,5.85,2.457
2023-05-02T04:00:00.000Z,0.6,9.3,1.4,1.904
2023-05-02T05:00:00.000Z,0.5,12,1,2.39
2023-05-02T06:00:00.000Z,0.9,5.9,2.2,1.157
2023-05-02T07:00:00.000Z,1.1,11.5,1.95,2.878
2023-05-02T08:00:00.000Z,1,3.2,1.9,0.521
2023-05-02T09:00:00.000Z,1.7,6.2,2.7,1.1
2023-05-02T10:00:00.000Z,3,9.1,5.4,1.504
2023-05-02T11:00:00.000Z,3.5,7.8,5.85,1.115
2023-05-02T12:00:00.000Z,4.7,16.3,6.4,2.861
2023-05-02T13:00:00.000Z,5.5,13.4,8.69,2.003
2023-05-02T14:00:00.000Z,4.4,9.1,6.3,1.124
2023-05-02T15:00:00.000Z,3.3,8.2,6.3,1.62
2023-05-02T16:00:00.000Z,2.4,4.9,3.6,0.677
2023-05-02T17:00:00.000Z,3,10.4,8,2.51
2023-05-02T18:00:00.000Z,2.9,9.7,4.09,1.884
2023-05-02T19:00:00.000Z,2.9,7.4,5.7,0.978
2023-05-02T20:00:00.000Z,3.3,6.9,5.25,1.103
2023-05-02T21:00:00.000Z,3.2,6.3,4.84,0.811
2023-05-02T22:00:00.000Z,3.4,7.4,5.2,1.211
2023-05-02T23:00:00.000Z,4,7.6,5.2,0.849
2023-05-03T00:00:00.000Z,1.8,6.5,4.55,1.036
2023-05-03T01:00:00.000Z,2.3,25,11.15,5.774
2023-05-03T02:00:00.000Z,2,18.3,7.45,4.753
2023-05-03T03:00:00.000Z,0.9,9.2,2.1,1.68
2023-05-03T04:00:00.000Z,0.9,3,1.6,0.546
2023-05-03T05:00:00.000Z,0.7,7.9,1.55,1.355
2023-05-03T06:00:00.000Z,1,9.6,1.85,1.67
2023-05-03T07:00:00.000Z,1,20.7,10.7,5.98
2023-05-03T08:00:00.000Z,4.9,30.6,10.9,6.184
2023-05-03T09:00:00.000Z,2.8,20.5,8.5,4.915
2023-05-03T10:00:00.000Z,1.7,4.5,3.3,0.755
2023-05-03T11:00:00.000Z,3.5,30.5,13.4,7.485
2023-05-03T12:00:00.000Z,5.9,24.4,14,5.419
2023-05-03T13:00:00.000Z,3.7,6.8,5.5,0.985
2023-05-03T14:00:00.000Z,3.5,16.2,5.7,2.96
2023-05-03T15:00:00.000Z,3,7.9,5.5,1.495
2023-05-03T16:00:00.000Z,1.9,6.9,5.3,1.277
2023-05-03T17:00:00.000Z,0.4,4.5,2,1.347
2023-05-03T18:00:00.000Z,0.4,5.2,0.9,1.573
2023-05-03T19:00:00.000Z,3.9,7,4.7,0.789
2023-05-03T20:00:00.000Z,5.4,19.3,8.94,3.871
2023-05-03T21:00:00.000Z,4.6,10.9,6.6,1.576
2023-05-03T22:00:00.000Z,4.5,13.7,9.69,2.595
2023-05-03T23:00:00.000Z,5.1,13.5,9.1,2.373
2023-05-04T00:00:00.000Z,4.8,27.1,11.95,4.606
2023-05-04T01:00:00.000Z,2.4,10.5,5.9,2.577
2023-05-04T02:00:00.000Z,9.3,13.6,10.5,1.067
2023-05-04T03:00:00.000Z,4.2,33.9,9.1,7.904
2023-05-04T04:00:00.000Z,1,21.1,9.5,5.905
2023-05-04T05:00:00.000Z,1.1,11.6,6.3,2.638
2023-05-04T06:00:00.000Z,1.5,10.5,3.6,2.081
2023-05-04T07:00:00.000Z,2.2,11.2,4.8,2.8
2023-05-04T08:00:00.000Z,1.3,19.6,6.3,5.283
2023-05-04T09:00:00.000Z,3.2,29.3,11.6,6.396
2023-05-04T10:00:00.000Z,3.9,25.3,12.4,6.28
2023-05-04T11:00:00.000Z,9,29.4,13.3,6.35
2023-05-04T12:00:00.000Z,3,21.1,6.1,3.529
2023-05-04T13:00:00.000Z,4.5,8.9,6.8,1.09
2023-05-04T14:00:00.000Z,4.2,8.5,6.6,1.02
2023-05-04T15:00:00.000Z,1.7,8.8,2.95,1.985
2023-05-04T16:00:00.000Z,1.7,6.4,3.1,1.393
2023-05-04T17:00:00.000Z,1.5,6.1,3,1.117
2023-05-04T18:00:00.000Z,1.6,5.4,2.75,1.034
2023-05-04T19:00:00.000Z,4,8.6,6.45,1.274
2023-05-04T20:00:00.000Z,2.4,7,3.6,1.293
2023-05-04T21:00:00.000Z,2.2,27.8,4.59,9.436
2023-05-04T22:00:00.000Z,2.3,15.9,3.6,3.141
2023-05-04T23:00:00.000Z,2.4,4.9,3.55,0.684
2023-05-05T00:00:00.000Z,2.5,10.6,3.8,1.928
2023-05-05T01:00:00.000Z,1.7,10,3.1,2.145
2023-05-05T02:00:00.000Z,2.5,11,4.75,1.914
2023-05-05T03:00:00.000Z,3.2,22.4,9.75,5.387
2023-05-05T04:00:00.000Z,3,14.7,7.4,3.048
2023-05-05T05:00:00.000Z,1.9,15.5,6,2.855
2023-05-05T06:00:00.000Z,1.4,8.1,2.35,1.54
2023-05-05T07:00:00.000Z,1.4,5.1,2.5,0.948
2023-05-05T08:00:00.000Z,1.4,4.2,2.8,0.707
2023-05-05T09:00:00.000Z,3.3,10,6.1,1.392
2023-05-05T10:00:00.000Z,7.7,24.5,15.45,4.866
2023-05-05T11:00:00.000Z,8.8,39,20.85,7.239
2023-05-05T12:00:00.000Z,12.8,39.3,27.3,6.826
2023-05-05T13:00:00.000Z,5.1,13.9,8.1,2.285
2023-05-05T14:00:00.000Z,4.2,9.4,6.05,1.28
2023-05-05T15:00:00.000Z,1.7,5.1,2.9,0.821
2023-05-05T16:00:00.000Z,2.1,4.3,2.7,0.57
2023-05-05T17:00:00.000Z,1.8,4,2.54,0.477
2023-05-05T18:00:00.000Z,0.9,3,1.6,0.517
2023-05-05T19:00:00.000Z,1.6,5.3,3.3,1.035
2023-05-05T20:00:00.000Z,0.6,1.9,1.1,0.323
2023-05-05T21:00:00.000Z,0.8,3.2,1.6,0.74
2023-05-05T22:00:00.000Z,0.8,4.5,2.65,0.757
2023-05-05T23:00:00.000Z,2.4,8,6,1.629
2023-05-06T00:00:00.000Z,2,26.8,4.8,5.883
2023-05-06T01:00:00.000Z,1.5,14,3,2.631
2023-05-06T02:00:00.000Z,3.1,16.4,6.4,2.552
2023-05-06T03:00:00.000Z,3.7,18.1,7.4,3.541
2023-05-06T04:00:00.000Z,2.5,17.3,8.9,3.536
2023-05-06T05:00:00.000Z,1.7,12.7,3.3,2.435
2023-05-06T06:00:00.000Z,3.3,10.5,4.8,1.703
2023-05-06T07:00:00.000Z,3.2,7.7,4.9,1.118
2023-05-06T08:00:00.000Z,3.2,19.2,5.55,3.939
2023-05-06T09:00:00.000Z,5.2,24,9.8,4.527
2023-05-06T10:00:00.000Z,6.7,28.4,16.55,5.175
2023-05-06T11:00:00.000Z,14.7,31.5,21,3.715
2023-05-06T12:00:00.000Z,7.8,26.2,10.7,4.538
2023-05-06T13:00:00.000Z,3.1,8.8,5.05,1.72
2023-05-06T14:00:00.000Z,2.8,4.7,3.5,0.428
2023-05-06T15:00:00.000Z,2.1,3.8,3.1,0.467
2023-05-06T16:00:00.000Z,2.1,4.1,2.85,0.445
2023-05-06T17:00:00.000Z,1.7,2.7,2.1,0.296
2023-05-06T18:00:00.000Z,1.5,2.8,2.1,0.347
2023-05-06T19:00:00.000Z,2.8,6.7,4.84,1.207
2023-05-06T20:00:00.000Z,4,7.7,5.35,0.815
2023-05-06T21:00:00.000Z,4.5,7.4,5.6,0.8
2023-05-06T22:00:00.000Z,4,7.2,5.8,0.791
2023-05-06T23:00:00.000Z,3.9,6.4,5,0.657
2023-05-07T00:00:00.000Z,3,19.8,4.59,3.971
2023-05-07T01:00:00.000Z,2.6,10.8,3.25,1.956
2023-05-07T02:00:00.000Z,2.8,20.2,5.7,4.378
2023-05-07T03:00:00.000Z,3.8,19.2,8.5,4.035
2023-05-07T04:00:00.000Z,6.4,22.5,10.9,5.269
2023-05-07T05:00:00.000Z,6.8,14.7,9.3,2.334
2023-05-07T06:00:00.000Z,6.2,19.2,9.8,3.713
2023-05-07T07:00:00.000Z,6.5,15.6,10.5,2.281
2023-05-07T08:00:00.000Z,6,8.5,7.65,0.748
2023-05-07T09:00:00.000Z,2.8,11.7,5.09,2.165
2023-05-07T10:00:00.000Z,2.3,5,2.9,0.535
2023-05-07T11:00:00.000Z,2.4,3.7,3.3,0.352
2023-05-07T12:00:00.000Z,2.6,5.1,3.2,0.717
2023-05-07T13:00:00.000Z,4.2,9,7.3,1.378
2023-05-07T14:00:00.000Z,6.5,8.1,7.2,0.426
2023-05-07T15:00:00.000Z,7.2,9.2,8.25,0.55
2023-05-07T16:00:00.000Z,9.5,12,11,0.68
2023-05-07T17:00:00.000Z,10.7,12.5,11.6,0.59
2023-05-07T18:00:00.000Z,10.4,12.8,11.5,0.654
2023-05-07T19:00:00.000Z,10.4,13.6,12.2,0.852
2023-05-07T20:00:00.000Z,8.4,14.4,10.4,1.74
2023-05-07T21:00:00.000Z,8,15.2,11.95,2.147
2023-05-07T22:00:00.000Z,10.3,21.5,14.4,3.515
2023-05-07T23:00:00.000Z,9.9,13.8,11.65,0.967
2023-05-08T00:00:00.000Z,8.3,14.7,10.1,1.359
2023-05-08T01:00:00.000Z,3.8,13.5,6.9,1.935
2023-05-08T02:00:00.000Z,3.9,9.4,5.3,1.07
2023-05-08T03:00:00.000Z,4,6.3,5.25,0.697
2023-05-08T04:00:00.000Z,2.8,12.8,5.35,2.017
2023-05-08T05:00:00.000Z,3.5,12.6,4.95,1.777
2023-05-08T06:00:00.000Z,5.2,29.3,7.8,7.626
2023-05-08T07:00:00.000Z,27.9,41.6,34.6,3.361
2023-05-08T08:00:00.000Z,39.4,45.7,41.4,1.965
2023-05-08T09:00:00.000Z,19.2,40.4,36.9,6.535
2023-05-08T10:00:00.000Z,7,19.8,11.3,3.99
2023-05-08T11:00:00.000Z,4.6,31.6,7.3,10.013
2023-05-08T12:00:00.000Z,10.5,27.3,15.6,4.425
2023-05-08T13:00:00.000Z,15.1,34.7,19.39,4.054
2023-05-08T14:00:00.000Z,19.9,27.6,23.15,2.061
2023-05-08T15:00:00.000Z,21,29.3,24.4,2.2
2023-05-08T16:00:00.000Z,22.7,26,24,0.814
2023-05-08T17:00:00.000Z,27,31.6,29.8,1.298
2023-05-08T18:00:00.000Z,30.2,32.4,31.25,0.645
2023-05-08T19:00:00.000Z,32.6,42,34.6,2.407
2023-05-08T20:00:00.000Z,41.7,44.6,43.4,0.898
2023-05-08T21:00:00.000Z,39.9,44.3,42.4,1.131
2023-05-08T22:00:00.000Z,41,44.5,43.45,1.038
2023-05-08T23:00:00.000Z,35.1,44.5,40,2.973
2023-05-09T00:00:00.000Z,35.2,47.8,42.8,3.299
2023-05-09T01:00:00.000Z,37.7,45.6,41.4,2.16
2023-05-09T02:00:00.000Z,35.4,43.2,38.79,2.735
2023-05-09T03:00:00.000Z,31.1,55.1,37.75,6.219
2023-05-09T04:00:00.000Z,23.8,37.4,29.7,2.825
2023-05-09T05:00:00.000Z,21.1,27.6,23.3,1.668
2023-05-09T06:00:00.000Z,11.4,21.2,15.25,3.12
2023-05-09T07:00:00.000Z,7.6,13.9,9.19,1.85
2023-05-09T08:00:00.000Z,7.2,21.1,9,3.879
2023-05-09T09:00:00.000Z,7.2,15.3,9.4,2.508
2023-05-09T10:00:00.000Z,7.3,13.9,10.6,1.924
2023-05-09T11:00:00.000Z,8.6,20.2,12.05,2.786
2023-05-09T12:00:00.000Z,7.5,11,9.1,0.858
2023-05-09T13:00:00.000Z,9.9,21.1,13.5,3.948
2023-05-09T14:00:00.000Z,13.6,21.6,15.7,2.005
2023-05-09T15:00:00.000Z,12.3,15.8,14,0.948
2023-05-09T16:00:00.000Z,10.7,26.1,13.25,5.09
2023-05-09T17:00:00.000Z,16.6,24.5,19.39,2.17
2023-05-09T18:00:00.000Z,15.9,23.3,20.5,1.747
2023-05-09T19:00:00.000Z,17.3,26,21.15,2.583
2023-05-09T20:00:00.000Z,10.8,23.8,20.8,4.103
2023-05-09T21:00:00.000Z,8.4,29.4,19.8,7.974
2023-05-09T22:00:00.000Z,11.6,26.4,20.75,4.13
2023-05-09T23:00:00.000Z,9.3,21.9,17.8,3.587
2023-05-10T00:00:00.000Z,12.6,32,23.3,5.243
2023-05-10T01:00:00.000Z,7.4,21.3,14,3.822
2023-05-10T02:00:00.000Z,15.7,28,21.55,3.369
2023-05-10T03:00:00.000Z,5.5,15.5,9.8,3.035
2023-05-10T04:00:00.000Z,2.4,7.1,4.2,1.232
2023-05-10T05:00:00.000Z,1.6,5.8,2.9,0.975
2023-05-10T06:00:00.000Z,1.8,13.4,2.8,3.131
2023-05-10T07:00:00.000Z,2.7,8.4,4.2,1.323
2023-05-10T08:00:00.000Z,6,15.4,8.44,2.265
2023-05-10T09:00:00.000Z,3.2,12.7,6.5,2.1
2023-05-10T10:00:00.000Z,8.6,17.3,11.95,2.461
2023-05-10T11:00:00.000Z,13.2,30.2,22.4,5.013
2023-05-10T12:00:00.000Z,31,37.6,35.95,1.834
2023-05-10T13:00:00.000Z,33.2,42.4,40.5,2.862
2023-05-10T14:00:00.000Z,32.9,40.4,37.95,1.749
2023-05-10T15:00:00.000Z,35.8,42.1,40.1,1.549
2023-05-10T16:00:00.000Z,35.3,40.9,37.75,1.592
2023-05-10T17:00:00.000Z,36.7,40.7,38.65,1.081
2023-05-10T18:00:00.000Z,35.8,38.4,36.9,0.569
2023-05-10T19:00:00.000Z,34.2,42,37.7,2.248
2023-05-10T20:00:00.000Z,31.2,34.9,33.25,0.988
2023-05-10T21:00:00.000Z,33.1,38,35.04,1.167
2023-05-10T22:00:00.000Z,33.7,42,37,2.069
2023-05-10T23:00:00.000Z,33.1,40.7,37.9,2.57
2023-05-11T00:00:00.000Z,34.4,40.3,38.5,2.031
2023-05-11T01:00:00.000Z,35.4,47.4,41.5,2.536
2023-05-11T02:00:00.000Z,39.3,57.6,44.9,4.814
2023-05-11T03:00:00.000Z,25.9,48.9,40.9,5.113
2023-05-11T04:00:00.000Z,13.3,30.8,23.35,4.727
2023-05-11T05:00:00.000Z,7.5,19.7,12.25,3.363
2023-05-11T06:00:00.000Z,6.3,12.1,9.19,1.504
2023-05-11T07:00:00.000Z,2.7,10.5,6.85,2.258
2023-05-11T08:00:00.000Z,2.3,5.3,3.5,0.765
2023-05-11T09:00:00.000Z,3.8,10,5.3,1.944
2023-05-11T10:00:00.000Z,7.2,26.6,15.2,5.215
2023-05-11T11:00:00.000Z,16.3,31.7,25.3,3.334
2023-05-11T12:00:00.000Z,11.2,46,17.7,10.98
2023-05-11T13:00:00.000Z,5.7,13.9,11.5,2.385
2023-05-11T14:00:00.000Z,5.4,7.7,6.35,0.644
2023-05-11T15:00:00.000Z,5.8,8.8,7.65,0.785
2023-05-11T16:00:00.000Z,4.8,7.8,6.7,0.91
2023-05-11T17:00:00.000Z,4.9,6.5,5.75,0.437
2023-05-11T18:00:00.000Z,4.7,6.6,5.35,0.502
2023-05-11T19:00:00.000Z,4.6,8.1,5.6,0.739
2023-05-11T20:00:00.000Z,7,11,8.5,1.054
2023-05-11T21:00:00.000Z,7.7,27.1,10.4,5.025
2023-05-11T22:00:00.000Z,21.1,33.8,26.5,3.645
2023-05-11T23:00:00.000Z,20.8,27,23.5,1.516
2023-05-12T00:00:00.000Z,11.2,34.8,24.4,5.391
2023-05-12T01:00:00.000Z,13,26.5,16.55,3.166
2023-05-12T02:00:00.000Z,17,28.3,20.8,3.056
2023-05-12T03:00:00.000Z,8.1,27.3,13.95,4.295
2023-05-12T04:00:00.000Z,4.5,33,9.35,6.811
2023-05-12T05:00:00.000Z,4.4,18.4,7.8,3.64
2023-05-12T06:00:00.000Z,3.7,17.1,6,2.583
2023-05-12T07:00:00.000Z,1.3,6.6,2.9,1.348
2023-05-12T08:00:00.000Z,2,9.8,3.4,2.096
2023-05-12T09:00:00.000Z,2.6,21.9,6.1,5.327
2023-05-12T10:00:00.000Z,4.3,29.1,14.4,7.125
2023-05-12T11:00:00.000Z,10.5,35.8,22.8,6.925
2023-05-12T12:00:00.000Z,6.8,32.8,11.5,8.122
2023-05-12T13:00:00.000Z,7,21.5,11.5,3.518
2023-05-12T14:00:00.000Z,6.3,14.5,8.55,1.755
2023-05-12T15:00:00.000Z,6.5,10,7.9,0.865
2023-05-12T16:00:00.000Z,8.6,14.7,11.95,1.228
2023-05-12T17:00:00.000Z,12.9,22.5,18.95,2.7
2023-05-12T18:00:00.000Z,10,19.4,17.2,2.667
2023-05-12T19:00:00.000Z,8.8,16.9,13.05,2.074
2023-05-12T20:00:00.000Z,5.9,14.6,10.1,1.996
2023-05-12T21:00:00.000Z,6,11.4,7.7,1.09
2023-05-12T22:00:00.000Z,9.3,15.4,12.6,1.697
2023-05-12T23:00:00.000Z,9.4,22.2,14.45,3.559
2023-05-13T00:00:00.000Z,15,30.4,23.5,3.695
2023-05-13T01:00:00.000Z,8.8,26.8,13.7,4.272
2023-05-13T02:00:00.000Z,8.8,30.9,10.8,4.793
2023-05-13T03:00:00.000Z,9.5,28.4,18.55,4.752
2023-05-13T04:00:00.000Z,9.8,22.1,14.85,3.648
2023-05-13T05:00:00.000Z,13.1,33.2,18.2,5.071
2023-05-13T06:00:00.000Z,8.3,23,12.8,3.657
2023-05-13T07:00:00.000Z,12.6,27.5,20.7,4.574
2023-05-13T08:00:00.000Z,15.5,25.4,20,3.377
2023-05-13T09:00:00.000Z,12.4,19.3,14.3,1.944
2023-05-13T10:00:00.000Z,12.2,34.5,15.1,8.102
2023-05-13T11:00:00.000Z,9.4,33.1,28.6,8.697
2023-05-13T12:00:00.000Z,7.5,11.5,9,1.089
2023-05-13T13:00:00.000Z,5.3,11.7,7.7,1.188
2023-05-13T14:00:00.000Z,4.8,7.6,6.5,0.836
2023-05-13T15:00:00.000Z,4.5,7.2,6.1,0.726
2023-05-13T16:00:00.000Z,4.6,9.4,6,1.275
2023-05-13T17:00:00.000Z,4.5,20.5,7.5,3.474
2023-05-13T18:00:00.000Z,7.7,21.9,9.94,3.856
2023-05-13T19:00:00.000Z,7.3,16.6,10.7,2.235
2023-05-13T20:00:00.000Z,8.9,25.5,15,6.226
2023-05-13T21:00:00.000Z,23.5,30.4,25.8,1.965
2023-05-13T22:00:00.000Z,18.9,29.3,26.1,2.82
2023-05-13T23:00:00.000Z,8.7,18.7,12.6,2.523
2023-05-14T00:00:00.000Z,8.7,13.3,10.19,1.289
2023-05-14T01:00:00.000Z,10.3,26.1,13.35,2.858
2023-05-14T02:00:00.000Z,13.6,41.6,29.5,7.737
2023-05-14T03:00:00.000Z,35.8,46,38.65,2.298
2023-05-14T04:00:00.000Z,35.2,46.6,43.2,3.756
2023-05-14T05:00:00.000Z,27.7,80.4,38.2,9.665
2023-05-14T06:00:00.000Z,16.6,26,18.64,2.287
2023-05-14T07:00:00.000Z,17.6,47.5,29.1,7.591
2023-05-14T08:00:00.000Z,21,35.1,28.7,3.317
2023-05-14T09:00:00.000Z,17.6,21.9,19.39,1.098
2023-05-14T10:00:00.000Z,19.5,23.1,21.3,0.921
2023-05-14T11:00:00.000Z,20.7,30.4,24.85,3.187
2023-05-14T12:00:00.000Z,29.9,38.6,35.7,2.547
2023-05-14T13:00:00.000Z,20.7,34,24.1,3.483
2023-05-14T14:00:00.000Z,20.7,23.2,22.1,0.634
2023-05-14T15:00:00.000Z,20.2,24,21.3,0.961
2023-05-14T16:00:00.000Z,18.6,25.8,23.85,1.856
2023-05-14T17:00:00.000Z,16,19.4,17.6,0.768
2023-05-14T18:00:00.000Z,18.6,32.4,29.85,5.063
2023-05-14T19:00:00.000Z,24.1,33.9,30.8,3.38
2023-05-14T20:00:00.000Z,15.7,28.3,24.9,4.215
2023-05-14T21:00:00.000Z,11.9,16.6,15.25,1.262
2023-05-14T22:00:00.000Z,8.6,26.3,14.2,5.734
2023-05-14T23:00:00.000Z,7.7,9.9,8.8,0.562
2023-05-15T00:00:00.000Z,8,11.4,9.85,1.027
2023-05-15T01:00:00.000Z,10.3,21.8,13.25,2.796
2023-05-15T02:00:00.000Z,16.3,23.3,18.3,2.25
2023-05-15T03:00:00.000Z,23.2,29.2,25.9,1.253
2023-05-15T04:00:00.000Z,22,27.9,24.3,1.875
2023-05-15T05:00:00.000Z,14.4,21.8,18,2.105
2023-05-15T06:00:00.000Z,10.7,17.8,14.85,2.031
2023-05-15T07:00:00.000Z,7.1,12.9,10.3,1.647
2023-05-15T08:00:00.000Z,6.1,7.6,6.8,0.377
2023-05-15T09:00:00.000Z,6.2,7.7,7.1,0.369
2023-05-15T10:00:00.000Z,6.4,8.4,7.05,0.411
2023-05-15T11:00:00.000Z,6.9,8.9,7.7,0.445
2023-05-15T12:00:00.000Z,6.6,8.4,7.8,0.506
2023-05-15T13:00:00.000Z,6.8,9.2,8,0.563
2023-05-15T14:00:00.000Z,6.1,8.1,7.3,0.479
2023-05-15T15:00:00.000Z,5.9,11.1,9.3,1.671
2023-05-15T16:00:00.000Z,9.1,12.8,10.25,0.864
2023-05-15T17:00:00.000Z,9,11.6,10.55,0.759
2023-05-15T18:00:00.000Z,8.2,9.9,9,0.47
2023-05-15T19:00:00.000Z,7.8,9.5,8.7,0.411
2023-05-15T20:00:00.000Z,8.2,12,9.6,0.867
2023-05-15T21:00:00.000Z,10.2,13.5,11.6,0.872
2023-05-15T22:00:00.000Z,6.4,14.8,12.8,2.065
2023-05-15T23:00:00.000Z,4.7,8,6.45,0.893
2023-05-16T00:00:00.000Z,5.7,9.2,8,0.908
2023-05-16T01:00:00.000Z,4.1,7.5,5.3,0.848
2023-05-16T02:00:00.000Z,4.9,9.2,7.1,1.066
2023-05-16T03:00:00.000Z,3.4,7.5,4.6,0.943
2023-05-16T04:00:00.000Z,2.8,5.5,4.6,0.878
2023-05-16T05:00:00.000Z,2.3,4.2,2.9,0.57
2023-05-16T06:00:00.000Z,2.2,3.6,2.85,0.4
2023-05-16T07:00:00.000Z,1.4,3,2,0.417
2023-05-16T08:00:00.000Z,2.4,6.3,3.35,0.756
2023-05-16T09:00:00.000Z,3,12.3,8.1,2.412
2023-05-16T10:00:00.000Z,4.6,11.9,5.6,1.398
2023-05-16T11:00:00.000Z,2.9,5.9,3.6,0.88
2023-05-16T12:00:00.000Z,3.3,3.9,3.6,0.245